Customer_ID,Customer_Name,Loan_Amount,Interest_Rate_Percent,Interest_Amount,Total_Payable,Weekly_Due,Total_Weeks,Week_Number,Amount_Paid,Due_Date,Payment_Date,Days_Late,Remaining_Balance,Previous_Late_Count,Missed_Payments,Payment_Status,Payment_Risk
C0001,Customer_0001,10000,15.0,1500.0,11500.0,958.33,12,1,958.33,2026-03-13,2026-03-13,0,10541.67,0,0,On Time,Low
C0001,Customer_0001,10000,15.0,1500.0,11500.0,958.33,12,2,958.33,2026-03-20,2026-03-20,0,9583.34,0,0,On Time,Low
C0001,Customer_0001,10000,15.0,1500.0,11500.0,958.33,12,3,958.33,2026-03-27,2026-03-27,0,8625.01,0,0,On Time,Low
C0001,Customer_0001,10000,15.0,1500.0,11500.0,958.33,12,4,958.33,2026-04-03,2026-04-03,0,7666.68,0,0,On Time,Low
C0001,Customer_0001,10000,15.0,1500.0,11500.0,958.33,12,5,1150.0,2026-04-10,2026-04-18,8,6516.68,1,0,Late,Medium
C0001,Customer_0001,10000,15.0,1500.0,11500.0,958.33,12,6,958.33,2026-04-17,2026-04-22,5,5558.35,2,0,Late,Medium
C0001,Customer_0001,10000,15.0,1500.0,11500.0,958.33,12,7,0.0,2026-04-24,,18,5558.35,2,1,Missed,Medium
C0001,Customer_0001,10000,15.0,1500.0,11500.0,958.33,12,8,0.0,2026-05-01,,8,5558.35,2,2,Missed,High
C0001,Customer_0001,10000,15.0,1500.0,11500.0,958.33,12,9,958.33,2026-05-08,2026-05-08,0,4600.02,2,2,On Time,High
C0001,Customer_0001,10000,15.0,1500.0,11500.0,958.33,12,10,958.33,2026-05-15,2026-05-15,0,3641.69,2,2,On Time,High
C0002,Customer_0002,10000,20.0,2000.0,12000.0,600.0,20,1,600.0,2026-03-30,2026-03-30,0,11400.0,0,0,On Time,Low
C0002,Customer_0002,10000,20.0,2000.0,12000.0,600.0,20,2,600.0,2026-04-06,2026-04-06,0,10800.0,0,0,On Time,Low
C0002,Customer_0002,10000,20.0,2000.0,12000.0,600.0,20,3,600.0,2026-04-13,2026-04-13,0,10200.0,0,0,On Time,Low
C0002,Customer_0002,10000,20.0,2000.0,12000.0,600.0,20,4,600.0,2026-04-20,2026-04-20,0,9600.0,0,0,On Time,Low
C0002,Customer_0002,10000,20.0,2000.0,12000.0,600.0,20,5,600.0,2026-04-27,2026-04-27,0,9000.0,0,0,On Time,Low
C0002,Customer_0002,10000,20.0,2000.0,12000.0,600.0,20,6,600.0,2026-05-04,2026-05-04,0,8400.0,0,0,On Time,Low
C0002,Customer_0002,10000,20.0,2000.0,12000.0,600.0,20,7,600.0,2026-05-11,2026-05-23,12,7800.0,1,0,Late,Medium
C0002,Customer_0002,10000,20.0,2000.0,12000.0,600.0,20,8,600.0,2026-05-18,2026-05-18,0,7200.0,1,0,On Time,Medium
C0002,Customer_0002,10000,20.0,2000.0,12000.0,600.0,20,9,600.0,2026-05-25,2026-05-25,0,6600.0,1,0,On Time,Medium
C0002,Customer_0002,10000,20.0,2000.0,12000.0,600.0,20,10,600.0,2026-06-01,2026-06-01,0,6000.0,1,0,On Time,Medium
C0003,Customer_0003,7000,25.0,1750.0,8750.0,437.5,20,1,437.5,2026-03-14,2026-03-14,0,8312.5,0,0,On Time,Low
C0003,Customer_0003,7000,25.0,1750.0,8750.0,437.5,20,2,0.0,2026-03-21,,20,8312.5,0,1,Missed,Medium
C0003,Customer_0003,7000,25.0,1750.0,8750.0,437.5,20,3,350.0,2026-03-28,2026-04-07,10,7962.5,1,1,Late,Medium
C0003,Customer_0003,7000,25.0,1750.0,8750.0,437.5,20,4,437.5,2026-04-04,2026-04-04,0,7525.0,1,1,On Time,Medium
C0003,Customer_0003,7000,25.0,1750.0,8750.0,437.5,20,5,437.5,2026-04-11,2026-04-23,12,7087.5,2,1,Late,Medium
C0003,Customer_0003,7000,25.0,1750.0,8750.0,437.5,20,6,437.5,2026-04-18,2026-04-18,0,6650.0,2,1,On Time,Medium
C0003,Customer_0003,7000,25.0,1750.0,8750.0,437.5,20,7,437.5,2026-04-25,2026-04-25,0,6212.5,2,1,On Time,Medium
C0003,Customer_0003,7000,25.0,1750.0,8750.0,437.5,20,8,437.5,2026-05-02,2026-05-02,0,5775.0,2,1,On Time,Medium
C0003,Customer_0003,7000,25.0,1750.0,8750.0,437.5,20,9,0.0,2026-05-09,,10,5775.0,2,2,Missed,High
C0003,Customer_0003,7000,25.0,1750.0,8750.0,437.5,20,10,437.5,2026-05-16,2026-05-16,0,5337.5,2,2,On Time,High
C0004,Customer_0004,10000,20.0,2000.0,12000.0,1200.0,10,1,1200.0,2026-01-04,2026-01-04,0,10800.0,0,0,On Time,Low
C0004,Customer_0004,10000,20.0,2000.0,12000.0,1200.0,10,2,0.0,2026-01-11,,18,10800.0,0,1,Missed,Medium
C0004,Customer_0004,10000,20.0,2000.0,12000.0,1200.0,10,3,0.0,2026-01-18,,10,10800.0,0,2,Missed,High
C0004,Customer_0004,10000,20.0,2000.0,12000.0,1200.0,10,4,1200.0,2026-01-25,2026-01-25,0,9600.0,0,2,On Time,High
C0004,Customer_0004,10000,20.0,2000.0,12000.0,1200.0,10,5,0.0,2026-02-01,,14,9600.0,0,3,Missed,High
C0004,Customer_0004,10000,20.0,2000.0,12000.0,1200.0,10,6,1200.0,2026-02-08,2026-02-08,0,8400.0,0,3,On Time,High
C0004,Customer_0004,10000,20.0,2000.0,12000.0,1200.0,10,7,1200.0,2026-02-15,2026-02-15,0,7200.0,0,3,On Time,High
C0004,Customer_0004,10000,20.0,2000.0,12000.0,1200.0,10,8,0.0,2026-02-22,,27,7200.0,0,4,Missed,High
C0004,Customer_0004,10000,20.0,2000.0,12000.0,1200.0,10,9,1200.0,2026-03-01,2026-03-01,0,6000.0,0,4,On Time,High
C0004,Customer_0004,10000,20.0,2000.0,12000.0,1200.0,10,10,1200.0,2026-03-08,2026-03-08,0,4800.0,0,4,On Time,High
C0005,Customer_0005,15000,30.0,4500.0,19500.0,1950.0,10,1,1950.0,2026-05-04,2026-05-04,0,17550.0,0,0,On Time,Low
C0005,Customer_0005,15000,30.0,4500.0,19500.0,1950.0,10,2,1950.0,2026-05-11,2026-05-11,0,15600.0,0,0,On Time,Low
C0005,Customer_0005,15000,30.0,4500.0,19500.0,1950.0,10,3,1950.0,2026-05-18,2026-05-18,0,13650.0,0,0,On Time,Low
C0005,Customer_0005,15000,30.0,4500.0,19500.0,1950.0,10,4,1950.0,2026-05-25,2026-05-25,0,11700.0,0,0,On Time,Low
C0005,Customer_0005,15000,30.0,4500.0,19500.0,1950.0,10,5,1950.0,2026-06-01,2026-06-01,0,9750.0,0,0,On Time,Low
C0005,Customer_0005,15000,30.0,4500.0,19500.0,1950.0,10,6,1950.0,2026-06-08,2026-06-08,0,7800.0,0,0,On Time,Low
C0005,Customer_0005,15000,30.0,4500.0,19500.0,1950.0,10,7,1950.0,2026-06-15,2026-06-15,0,5850.0,0,0,On Time,Low
C0005,Customer_0005,15000,30.0,4500.0,19500.0,1950.0,10,8,1950.0,2026-06-22,2026-06-22,0,3900.0,0,0,On Time,Low
C0005,Customer_0005,15000,30.0,4500.0,19500.0,1950.0,10,9,1950.0,2026-06-29,2026-06-29,0,1950.0,0,0,On Time,Low
C0005,Customer_0005,15000,30.0,4500.0,19500.0,1950.0,10,10,1950.0,2026-07-06,2026-07-07,1,0.0,1,0,Late,Medium
C0006,Customer_0006,7000,15.0,1050.0,8050.0,805.0,10,1,0.0,2026-02-10,,15,8050.0,0,1,Missed,Medium
C0006,Customer_0006,7000,15.0,1050.0,8050.0,805.0,10,2,805.0,2026-02-17,2026-02-17,0,7245.0,0,1,On Time,Medium
C0006,Customer_0006,7000,15.0,1050.0,8050.0,805.0,10,3,805.0,2026-02-24,2026-02-24,0,6440.0,0,1,On Time,Medium
C0006,Customer_0006,7000,15.0,1050.0,8050.0,805.0,10,4,805.0,2026-03-03,2026-03-03,0,5635.0,0,1,On Time,Medium
C0006,Customer_0006,7000,15.0,1050.0,8050.0,805.0,10,5,805.0,2026-03-10,2026-03-10,0,4830.0,0,1,On Time,Medium
C0006,Customer_0006,7000,15.0,1050.0,8050.0,805.0,10,6,805.0,2026-03-17,2026-03-17,0,4025.0,0,1,On Time,Medium
C0006,Customer_0006,7000,15.0,1050.0,8050.0,805.0,10,7,966.0,2026-03-24,2026-03-30,6,3059.0,1,1,Late,Medium
C0006,Customer_0006,7000,15.0,1050.0,8050.0,805.0,10,8,644.0,2026-03-31,2026-04-03,3,2415.0,2,1,Late,Medium
C0006,Customer_0006,7000,15.0,1050.0,8050.0,805.0,10,9,805.0,2026-04-07,2026-04-07,0,1610.0,2,1,On Time,Medium
C0006,Customer_0006,7000,15.0,1050.0,8050.0,805.0,10,10,644.0,2026-04-14,2026-04-19,5,966.0,3,1,Late,High
C0007,Customer_0007,5000,25.0,1250.0,6250.0,520.83,12,1,520.83,2026-05-17,2026-05-27,10,5729.17,1,0,Late,Medium
C0007,Customer_0007,5000,25.0,1250.0,6250.0,520.83,12,2,520.83,2026-05-24,2026-05-24,0,5208.34,1,0,On Time,Medium
C0007,Customer_0007,5000,25.0,1250.0,6250.0,520.83,12,3,520.83,2026-05-31,2026-05-31,0,4687.51,1,0,On Time,Medium
C0007,Customer_0007,5000,25.0,1250.0,6250.0,520.83,12,4,416.66,2026-06-07,2026-06-11,4,4270.85,2,0,Late,Medium
C0007,Customer_0007,5000,25.0,1250.0,6250.0,520.83,12,5,520.83,2026-06-14,2026-06-14,0,3750.02,2,0,On Time,Medium
C0007,Customer_0007,5000,25.0,1250.0,6250.0,520.83,12,6,416.66,2026-06-21,2026-06-28,7,3333.36,3,0,Late,High
C0007,Customer_0007,5000,25.0,1250.0,6250.0,520.83,12,7,520.83,2026-06-28,2026-06-28,0,2812.53,3,0,On Time,High
C0007,Customer_0007,5000,25.0,1250.0,6250.0,520.83,12,8,520.83,2026-07-05,2026-07-05,0,2291.7,3,0,On Time,High
C0007,Customer_0007,5000,25.0,1250.0,6250.0,520.83,12,9,520.83,2026-07-12,2026-07-12,0,1770.87,3,0,On Time,High
C0007,Customer_0007,5000,25.0,1250.0,6250.0,520.83,12,10,0.0,2026-07-19,,13,1770.87,3,1,Missed,High
C0008,Customer_0008,7000,25.0,1750.0,8750.0,583.33,15,1,583.33,2026-03-07,2026-03-07,0,8166.67,0,0,On Time,Low
C0008,Customer_0008,7000,25.0,1750.0,8750.0,583.33,15,2,583.33,2026-03-14,2026-03-14,0,7583.34,0,0,On Time,Low
C0008,Customer_0008,7000,25.0,1750.0,8750.0,583.33,15,3,583.33,2026-03-21,2026-03-21,0,7000.01,0,0,On Time,Low
C0008,Customer_0008,7000,25.0,1750.0,8750.0,583.33,15,4,583.33,2026-03-28,2026-03-28,0,6416.68,0,0,On Time,Low
C0008,Customer_0008,7000,25.0,1750.0,8750.0,583.33,15,5,583.33,2026-04-04,2026-04-04,0,5833.35,0,0,On Time,Low
C0008,Customer_0008,7000,25.0,1750.0,8750.0,583.33,15,6,583.33,2026-04-11,2026-04-11,0,5250.02,0,0,On Time,Low
C0008,Customer_0008,7000,25.0,1750.0,8750.0,583.33,15,7,700.0,2026-04-18,2026-04-28,10,4550.02,1,0,Late,Medium
C0008,Customer_0008,7000,25.0,1750.0,8750.0,583.33,15,8,583.33,2026-04-25,2026-04-25,0,3966.69,1,0,On Time,Medium
C0008,Customer_0008,7000,25.0,1750.0,8750.0,583.33,15,9,583.33,2026-05-02,2026-05-02,0,3383.36,1,0,On Time,Medium
C0008,Customer_0008,7000,25.0,1750.0,8750.0,583.33,15,10,0.0,2026-05-09,,7,3383.36,1,1,Missed,Medium
C0009,Customer_0009,3000,25.0,750.0,3750.0,468.75,8,1,468.75,2026-04-26,2026-04-26,0,3281.25,0,0,On Time,Low
C0009,Customer_0009,3000,25.0,750.0,3750.0,468.75,8,2,468.75,2026-05-03,2026-05-03,0,2812.5,0,0,On Time,Low
C0009,Customer_0009,3000,25.0,750.0,3750.0,468.75,8,3,468.75,2026-05-10,2026-05-10,0,2343.75,0,0,On Time,Low
C0009,Customer_0009,3000,25.0,750.0,3750.0,468.75,8,4,468.75,2026-05-17,2026-05-17,0,1875.0,0,0,On Time,Low
C0009,Customer_0009,3000,25.0,750.0,3750.0,468.75,8,5,468.75,2026-05-24,2026-05-24,0,1406.25,0,0,On Time,Low
C0009,Customer_0009,3000,25.0,750.0,3750.0,468.75,8,6,468.75,2026-05-31,2026-06-12,12,937.5,1,0,Late,Medium
C0009,Customer_0009,3000,25.0,750.0,3750.0,468.75,8,7,468.75,2026-06-07,2026-06-07,0,468.75,1,0,On Time,Medium
C0009,Customer_0009,3000,25.0,750.0,3750.0,468.75,8,8,468.75,2026-06-14,2026-06-14,0,0.0,1,0,On Time,Medium
C0009,Customer_0009,3000,25.0,750.0,3750.0,468.75,8,9,468.75,2026-06-21,2026-06-21,0,0.0,1,0,On Time,Medium
C0009,Customer_0009,3000,25.0,750.0,3750.0,468.75,8,10,468.75,2026-06-28,2026-06-28,0,0.0,1,0,On Time,Medium
C0010,Customer_0010,10000,15.0,1500.0,11500.0,1437.5,8,1,1437.5,2026-02-21,2026-02-21,0,10062.5,0,0,On Time,Low
C0010,Customer_0010,10000,15.0,1500.0,11500.0,1437.5,8,2,1437.5,2026-02-28,2026-03-01,1,8625.0,1,0,Late,Medium
C0010,Customer_0010,10000,15.0,1500.0,11500.0,1437.5,8,3,1437.5,2026-03-07,2026-03-07,0,7187.5,1,0,On Time,Medium
C0010,Customer_0010,10000,15.0,1500.0,11500.0,1437.5,8,4,0.0,2026-03-14,,23,7187.5,1,1,Missed,Medium
C0010,Customer_0010,10000,15.0,1500.0,11500.0,1437.5,8,5,0.0,2026-03-21,,28,7187.5,1,2,Missed,High
C0010,Customer_0010,10000,15.0,1500.0,11500.0,1437.5,8,6,1437.5,2026-03-28,2026-03-28,0,5750.0,1,2,On Time,High
C0010,Customer_0010,10000,15.0,1500.0,11500.0,1437.5,8,7,1437.5,2026-04-04,2026-04-04,0,4312.5,1,2,On Time,High
C0010,Customer_0010,10000,15.0,1500.0,11500.0,1437.5,8,8,1437.5,2026-04-11,2026-04-11,0,2875.0,1,2,On Time,High
C0010,Customer_0010,10000,15.0,1500.0,11500.0,1437.5,8,9,1150.0,2026-04-18,2026-04-30,12,1725.0,2,2,Late,High
C0010,Customer_0010,10000,15.0,1500.0,11500.0,1437.5,8,10,1437.5,2026-04-25,2026-04-25,0,287.5,2,2,On Time,High
C0011,Customer_0011,20000,30.0,6000.0,26000.0,1733.33,15,1,1733.33,2026-05-03,2026-05-03,0,24266.67,0,0,On Time,Low
C0011,Customer_0011,20000,30.0,6000.0,26000.0,1733.33,15,2,1386.66,2026-05-10,2026-05-14,4,22880.01,1,0,Late,Medium
C0011,Customer_0011,20000,30.0,6000.0,26000.0,1733.33,15,3,0.0,2026-05-17,,28,22880.01,1,1,Missed,Medium
C0011,Customer_0011,20000,30.0,6000.0,26000.0,1733.33,15,4,1733.33,2026-05-24,2026-05-24,0,21146.68,1,1,On Time,Medium
C0011,Customer_0011,20000,30.0,6000.0,26000.0,1733.33,15,5,1733.33,2026-05-31,2026-05-31,0,19413.35,1,1,On Time,Medium
C0011,Customer_0011,20000,30.0,6000.0,26000.0,1733.33,15,6,2080.0,2026-06-07,2026-06-18,11,17333.35,2,1,Late,Medium
C0011,Customer_0011,20000,30.0,6000.0,26000.0,1733.33,15,7,1733.33,2026-06-14,2026-06-14,0,15600.02,2,1,On Time,Medium
C0011,Customer_0011,20000,30.0,6000.0,26000.0,1733.33,15,8,1733.33,2026-06-21,2026-06-21,0,13866.69,2,1,On Time,Medium
C0011,Customer_0011,20000,30.0,6000.0,26000.0,1733.33,15,9,1733.33,2026-06-28,2026-06-28,0,12133.36,2,1,On Time,Medium
C0011,Customer_0011,20000,30.0,6000.0,26000.0,1733.33,15,10,1733.33,2026-07-05,2026-07-15,10,10400.03,3,1,Late,High
C0012,Customer_0012,7000,25.0,1750.0,8750.0,729.17,12,1,729.17,2026-05-28,2026-05-28,0,8020.83,0,0,On Time,Low
C0012,Customer_0012,7000,25.0,1750.0,8750.0,729.17,12,2,729.17,2026-06-04,2026-06-04,0,7291.66,0,0,On Time,Low
C0012,Customer_0012,7000,25.0,1750.0,8750.0,729.17,12,3,875.0,2026-06-11,2026-06-18,7,6416.66,1,0,Late,Medium
C0012,Customer_0012,7000,25.0,1750.0,8750.0,729.17,12,4,0.0,2026-06-18,,7,6416.66,1,1,Missed,Medium
C0012,Customer_0012,7000,25.0,1750.0,8750.0,729.17,12,5,583.34,2026-06-25,2026-07-04,9,5833.32,2,1,Late,Medium
C0012,Customer_0012,7000,25.0,1750.0,8750.0,729.17,12,6,729.17,2026-07-02,2026-07-02,0,5104.15,2,1,On Time,Medium
C0012,Customer_0012,7000,25.0,1750.0,8750.0,729.17,12,7,729.17,2026-07-09,2026-07-09,0,4374.98,2,1,On Time,Medium
C0012,Customer_0012,7000,25.0,1750.0,8750.0,729.17,12,8,729.17,2026-07-16,2026-07-28,12,3645.81,3,1,Late,High
C0012,Customer_0012,7000,25.0,1750.0,8750.0,729.17,12,9,729.17,2026-07-23,2026-07-23,0,2916.64,3,1,On Time,High
C0012,Customer_0012,7000,25.0,1750.0,8750.0,729.17,12,10,0.0,2026-07-30,,26,2916.64,3,2,Missed,High
C0013,Customer_0013,10000,15.0,1500.0,11500.0,1150.0,10,1,1150.0,2026-05-09,2026-05-09,0,10350.0,0,0,On Time,Low
C0013,Customer_0013,10000,15.0,1500.0,11500.0,1150.0,10,2,920.0,2026-05-16,2026-05-27,11,9430.0,1,0,Late,Medium
C0013,Customer_0013,10000,15.0,1500.0,11500.0,1150.0,10,3,1150.0,2026-05-23,2026-05-23,0,8280.0,1,0,On Time,Medium
C0013,Customer_0013,10000,15.0,1500.0,11500.0,1150.0,10,4,1150.0,2026-05-30,2026-05-30,0,7130.0,1,0,On Time,Medium
C0013,Customer_0013,10000,15.0,1500.0,11500.0,1150.0,10,5,1380.0,2026-06-06,2026-06-09,3,5750.0,2,0,Late,Medium
C0013,Customer_0013,10000,15.0,1500.0,11500.0,1150.0,10,6,1150.0,2026-06-13,2026-06-21,8,4600.0,3,0,Late,High
C0013,Customer_0013,10000,15.0,1500.0,11500.0,1150.0,10,7,1380.0,2026-06-20,2026-07-01,11,3220.0,4,0,Late,High
C0013,Customer_0013,10000,15.0,1500.0,11500.0,1150.0,10,8,0.0,2026-06-27,,10,3220.0,4,1,Missed,High
C0013,Customer_0013,10000,15.0,1500.0,11500.0,1150.0,10,9,1380.0,2026-07-04,2026-07-18,14,1840.0,5,1,Late,High
C0013,Customer_0013,10000,15.0,1500.0,11500.0,1150.0,10,10,1150.0,2026-07-11,2026-07-11,0,690.0,5,1,On Time,High
C0014,Customer_0014,20000,15.0,3000.0,23000.0,1916.67,12,1,1916.67,2026-06-02,2026-06-02,0,21083.33,0,0,On Time,Low
C0014,Customer_0014,20000,15.0,3000.0,23000.0,1916.67,12,2,1916.67,2026-06-09,2026-06-09,0,19166.66,0,0,On Time,Low
C0014,Customer_0014,20000,15.0,3000.0,23000.0,1916.67,12,3,1916.67,2026-06-16,2026-06-16,0,17249.99,0,0,On Time,Low
C0014,Customer_0014,20000,15.0,3000.0,23000.0,1916.67,12,4,2300.0,2026-06-23,2026-07-06,13,14949.99,1,0,Late,Medium
C0014,Customer_0014,20000,15.0,3000.0,23000.0,1916.67,12,5,1916.67,2026-06-30,2026-06-30,0,13033.32,1,0,On Time,Medium
C0014,Customer_0014,20000,15.0,3000.0,23000.0,1916.67,12,6,1533.34,2026-07-07,2026-07-21,14,11499.98,2,0,Late,Medium
C0014,Customer_0014,20000,15.0,3000.0,23000.0,1916.67,12,7,1916.67,2026-07-14,2026-07-14,0,9583.31,2,0,On Time,Medium
C0014,Customer_0014,20000,15.0,3000.0,23000.0,1916.67,12,8,2300.0,2026-07-21,2026-07-29,8,7283.31,3,0,Late,High
C0014,Customer_0014,20000,15.0,3000.0,23000.0,1916.67,12,9,1533.34,2026-07-28,2026-07-29,1,5749.97,4,0,Late,High
C0014,Customer_0014,20000,15.0,3000.0,23000.0,1916.67,12,10,1916.67,2026-08-04,2026-08-04,0,3833.3,4,0,On Time,High
C0015,Customer_0015,7000,25.0,1750.0,8750.0,437.5,20,1,437.5,2026-02-20,2026-03-03,11,8312.5,1,0,Late,Medium
C0015,Customer_0015,7000,25.0,1750.0,8750.0,437.5,20,2,437.5,2026-02-27,2026-02-28,1,7875.0,2,0,Late,Medium
C0015,Customer_0015,7000,25.0,1750.0,8750.0,437.5,20,3,437.5,2026-03-06,2026-03-06,0,7437.5,2,0,On Time,Medium
C0015,Customer_0015,7000,25.0,1750.0,8750.0,437.5,20,4,437.5,2026-03-13,2026-03-13,0,7000.0,2,0,On Time,Medium
C0015,Customer_0015,7000,25.0,1750.0,8750.0,437.5,20,5,437.5,2026-03-20,2026-03-20,0,6562.5,2,0,On Time,Medium
C0015,Customer_0015,7000,25.0,1750.0,8750.0,437.5,20,6,437.5,2026-03-27,2026-03-31,4,6125.0,3,0,Late,High
C0015,Customer_0015,7000,25.0,1750.0,8750.0,437.5,20,7,437.5,2026-04-03,2026-04-03,0,5687.5,3,0,On Time,High
C0015,Customer_0015,7000,25.0,1750.0,8750.0,437.5,20,8,437.5,2026-04-10,2026-04-10,0,5250.0,3,0,On Time,High
C0015,Customer_0015,7000,25.0,1750.0,8750.0,437.5,20,9,437.5,2026-04-17,2026-04-17,0,4812.5,3,0,On Time,High
C0015,Customer_0015,7000,25.0,1750.0,8750.0,437.5,20,10,0.0,2026-04-24,,20,4812.5,3,1,Missed,High
C0016,Customer_0016,15000,20.0,3000.0,18000.0,1500.0,12,1,1500.0,2026-05-04,2026-05-04,0,16500.0,0,0,On Time,Low
C0016,Customer_0016,15000,20.0,3000.0,18000.0,1500.0,12,2,0.0,2026-05-11,,23,16500.0,0,1,Missed,Medium
C0016,Customer_0016,15000,20.0,3000.0,18000.0,1500.0,12,3,1500.0,2026-05-18,2026-05-18,0,15000.0,0,1,On Time,Medium
C0016,Customer_0016,15000,20.0,3000.0,18000.0,1500.0,12,4,1500.0,2026-05-25,2026-05-25,0,13500.0,0,1,On Time,Medium
C0016,Customer_0016,15000,20.0,3000.0,18000.0,1500.0,12,5,0.0,2026-06-01,,26,13500.0,0,2,Missed,High
C0016,Customer_0016,15000,20.0,3000.0,18000.0,1500.0,12,6,1500.0,2026-06-08,2026-06-08,0,12000.0,0,2,On Time,High
C0016,Customer_0016,15000,20.0,3000.0,18000.0,1500.0,12,7,1500.0,2026-06-15,2026-06-15,0,10500.0,0,2,On Time,High
C0016,Customer_0016,15000,20.0,3000.0,18000.0,1500.0,12,8,1800.0,2026-06-22,2026-06-25,3,8700.0,1,2,Late,High
C0016,Customer_0016,15000,20.0,3000.0,18000.0,1500.0,12,9,1500.0,2026-06-29,2026-06-29,0,7200.0,1,2,On Time,High
C0016,Customer_0016,15000,20.0,3000.0,18000.0,1500.0,12,10,1500.0,2026-07-06,2026-07-06,0,5700.0,1,2,On Time,High
C0017,Customer_0017,20000,20.0,4000.0,24000.0,2000.0,12,1,2000.0,2026-04-14,2026-04-14,0,22000.0,0,0,On Time,Low
C0017,Customer_0017,20000,20.0,4000.0,24000.0,2000.0,12,2,2000.0,2026-04-21,2026-04-21,0,20000.0,0,0,On Time,Low
C0017,Customer_0017,20000,20.0,4000.0,24000.0,2000.0,12,3,2000.0,2026-04-28,2026-04-30,2,18000.0,1,0,Late,Medium
C0017,Customer_0017,20000,20.0,4000.0,24000.0,2000.0,12,4,2000.0,2026-05-05,2026-05-05,0,16000.0,1,0,On Time,Medium
C0017,Customer_0017,20000,20.0,4000.0,24000.0,2000.0,12,5,2000.0,2026-05-12,2026-05-12,0,14000.0,1,0,On Time,Medium
C0017,Customer_0017,20000,20.0,4000.0,24000.0,2000.0,12,6,2000.0,2026-05-19,2026-05-19,0,12000.0,1,0,On Time,Medium
C0017,Customer_0017,20000,20.0,4000.0,24000.0,2000.0,12,7,1600.0,2026-05-26,2026-06-06,11,10400.0,2,0,Late,Medium
C0017,Customer_0017,20000,20.0,4000.0,24000.0,2000.0,12,8,2000.0,2026-06-02,2026-06-15,13,8400.0,3,0,Late,High
C0017,Customer_0017,20000,20.0,4000.0,24000.0,2000.0,12,9,2000.0,2026-06-09,2026-06-09,0,6400.0,3,0,On Time,High
C0017,Customer_0017,20000,20.0,4000.0,24000.0,2000.0,12,10,2000.0,2026-06-16,2026-06-16,0,4400.0,3,0,On Time,High
C0018,Customer_0018,5000,15.0,750.0,5750.0,287.5,20,1,287.5,2026-03-01,2026-03-01,0,5462.5,0,0,On Time,Low
C0018,Customer_0018,5000,15.0,750.0,5750.0,287.5,20,2,287.5,2026-03-08,2026-03-08,0,5175.0,0,0,On Time,Low
C0018,Customer_0018,5000,15.0,750.0,5750.0,287.5,20,3,230.0,2026-03-15,2026-03-23,8,4945.0,1,0,Late,Medium
C0018,Customer_0018,5000,15.0,750.0,5750.0,287.5,20,4,345.0,2026-03-22,2026-04-05,14,4600.0,2,0,Late,Medium
C0018,Customer_0018,5000,15.0,750.0,5750.0,287.5,20,5,287.5,2026-03-29,2026-04-10,12,4312.5,3,0,Late,High
C0018,Customer_0018,5000,15.0,750.0,5750.0,287.5,20,6,287.5,2026-04-05,2026-04-05,0,4025.0,3,0,On Time,High
C0018,Customer_0018,5000,15.0,750.0,5750.0,287.5,20,7,287.5,2026-04-12,2026-04-12,0,3737.5,3,0,On Time,High
C0018,Customer_0018,5000,15.0,750.0,5750.0,287.5,20,8,287.5,2026-04-19,2026-04-28,9,3450.0,4,0,Late,High
C0018,Customer_0018,5000,15.0,750.0,5750.0,287.5,20,9,287.5,2026-04-26,2026-04-26,0,3162.5,4,0,On Time,High
C0018,Customer_0018,5000,15.0,750.0,5750.0,287.5,20,10,0.0,2026-05-03,,28,3162.5,4,1,Missed,High
C0019,Customer_0019,5000,20.0,1000.0,6000.0,750.0,8,1,750.0,2026-06-29,2026-06-29,0,5250.0,0,0,On Time,Low
C0019,Customer_0019,5000,20.0,1000.0,6000.0,750.0,8,2,750.0,2026-07-06,2026-07-06,0,4500.0,0,0,On Time,Low
C0019,Customer_0019,5000,20.0,1000.0,6000.0,750.0,8,3,750.0,2026-07-13,2026-07-13,0,3750.0,0,0,On Time,Low
C0019,Customer_0019,5000,20.0,1000.0,6000.0,750.0,8,4,750.0,2026-07-20,2026-07-20,0,3000.0,0,0,On Time,Low
C0019,Customer_0019,5000,20.0,1000.0,6000.0,750.0,8,5,900.0,2026-07-27,2026-08-08,12,2100.0,1,0,Late,Medium
C0019,Customer_0019,5000,20.0,1000.0,6000.0,750.0,8,6,0.0,2026-08-03,,13,2100.0,1,1,Missed,Medium
C0019,Customer_0019,5000,20.0,1000.0,6000.0,750.0,8,7,750.0,2026-08-10,2026-08-10,0,1350.0,1,1,On Time,Medium
C0019,Customer_0019,5000,20.0,1000.0,6000.0,750.0,8,8,750.0,2026-08-17,2026-08-17,0,600.0,1,1,On Time,Medium
C0019,Customer_0019,5000,20.0,1000.0,6000.0,750.0,8,9,750.0,2026-08-24,2026-08-24,0,0.0,1,1,On Time,Medium
C0019,Customer_0019,5000,20.0,1000.0,6000.0,750.0,8,10,750.0,2026-08-31,2026-08-31,0,0.0,1,1,On Time,Medium
C0020,Customer_0020,10000,30.0,3000.0,13000.0,650.0,20,1,650.0,2026-04-24,2026-04-24,0,12350.0,0,0,On Time,Low
C0020,Customer_0020,10000,30.0,3000.0,13000.0,650.0,20,2,650.0,2026-05-01,2026-05-01,0,11700.0,0,0,On Time,Low
C0020,Customer_0020,10000,30.0,3000.0,13000.0,650.0,20,3,650.0,2026-05-08,2026-05-11,3,11050.0,1,0,Late,Medium
C0020,Customer_0020,10000,30.0,3000.0,13000.0,650.0,20,4,650.0,2026-05-15,2026-05-15,0,10400.0,1,0,On Time,Medium
C0020,Customer_0020,10000,30.0,3000.0,13000.0,650.0,20,5,650.0,2026-05-22,2026-05-22,0,9750.0,1,0,On Time,Medium
C0020,Customer_0020,10000,30.0,3000.0,13000.0,650.0,20,6,650.0,2026-05-29,2026-05-29,0,9100.0,1,0,On Time,Medium
C0020,Customer_0020,10000,30.0,3000.0,13000.0,650.0,20,7,0.0,2026-06-05,,29,9100.0,1,1,Missed,Medium
C0020,Customer_0020,10000,30.0,3000.0,13000.0,650.0,20,8,650.0,2026-06-12,2026-06-12,0,8450.0,1,1,On Time,Medium
C0020,Customer_0020,10000,30.0,3000.0,13000.0,650.0,20,9,520.0,2026-06-19,2026-06-29,10,7930.0,2,1,Late,Medium
C0020,Customer_0020,10000,30.0,3000.0,13000.0,650.0,20,10,0.0,2026-06-26,,21,7930.0,2,2,Missed,High
C0021,Customer_0021,5000,30.0,1500.0,6500.0,812.5,8,1,812.5,2026-04-27,2026-04-27,0,5687.5,0,0,On Time,Low
C0021,Customer_0021,5000,30.0,1500.0,6500.0,812.5,8,2,812.5,2026-05-04,2026-05-04,0,4875.0,0,0,On Time,Low
C0021,Customer_0021,5000,30.0,1500.0,6500.0,812.5,8,3,650.0,2026-05-11,2026-05-17,6,4225.0,1,0,Late,Medium
C0021,Customer_0021,5000,30.0,1500.0,6500.0,812.5,8,4,812.5,2026-05-18,2026-05-30,12,3412.5,2,0,Late,Medium
C0021,Customer_0021,5000,30.0,1500.0,6500.0,812.5,8,5,812.5,2026-05-25,2026-05-25,0,2600.0,2,0,On Time,Medium
C0021,Customer_0021,5000,30.0,1500.0,6500.0,812.5,8,6,812.5,2026-06-01,2026-06-01,0,1787.5,2,0,On Time,Medium
C0021,Customer_0021,5000,30.0,1500.0,6500.0,812.5,8,7,812.5,2026-06-08,2026-06-08,0,975.0,2,0,On Time,Medium
C0021,Customer_0021,5000,30.0,1500.0,6500.0,812.5,8,8,812.5,2026-06-15,2026-06-15,0,162.5,2,0,On Time,Medium
C0021,Customer_0021,5000,30.0,1500.0,6500.0,812.5,8,9,812.5,2026-06-22,2026-06-22,0,0.0,2,0,On Time,Medium
C0021,Customer_0021,5000,30.0,1500.0,6500.0,812.5,8,10,812.5,2026-06-29,2026-06-29,0,0.0,2,0,On Time,Medium
C0022,Customer_0022,20000,20.0,4000.0,24000.0,1600.0,15,1,1600.0,2026-05-24,2026-05-24,0,22400.0,0,0,On Time,Low
C0022,Customer_0022,20000,20.0,4000.0,24000.0,1600.0,15,2,1600.0,2026-05-31,2026-05-31,0,20800.0,0,0,On Time,Low
C0022,Customer_0022,20000,20.0,4000.0,24000.0,1600.0,15,3,1600.0,2026-06-07,2026-06-07,0,19200.0,0,0,On Time,Low
C0022,Customer_0022,20000,20.0,4000.0,24000.0,1600.0,15,4,1600.0,2026-06-14,2026-06-14,0,17600.0,0,0,On Time,Low
C0022,Customer_0022,20000,20.0,4000.0,24000.0,1600.0,15,5,1600.0,2026-06-21,2026-06-21,0,16000.0,0,0,On Time,Low
C0022,Customer_0022,20000,20.0,4000.0,24000.0,1600.0,15,6,1600.0,2026-06-28,2026-06-28,0,14400.0,0,0,On Time,Low
C0022,Customer_0022,20000,20.0,4000.0,24000.0,1600.0,15,7,1600.0,2026-07-05,2026-07-05,0,12800.0,0,0,On Time,Low
C0022,Customer_0022,20000,20.0,4000.0,24000.0,1600.0,15,8,1600.0,2026-07-12,2026-07-12,0,11200.0,0,0,On Time,Low
C0022,Customer_0022,20000,20.0,4000.0,24000.0,1600.0,15,9,1600.0,2026-07-19,2026-07-19,0,9600.0,0,0,On Time,Low
C0022,Customer_0022,20000,20.0,4000.0,24000.0,1600.0,15,10,1600.0,2026-07-26,2026-07-26,0,8000.0,0,0,On Time,Low
C0023,Customer_0023,5000,25.0,1250.0,6250.0,625.0,10,1,500.0,2026-04-06,2026-04-19,13,5750.0,1,0,Late,Medium
C0023,Customer_0023,5000,25.0,1250.0,6250.0,625.0,10,2,625.0,2026-04-13,2026-04-13,0,5125.0,1,0,On Time,Medium
C0023,Customer_0023,5000,25.0,1250.0,6250.0,625.0,10,3,625.0,2026-04-20,2026-04-20,0,4500.0,1,0,On Time,Medium
C0023,Customer_0023,5000,25.0,1250.0,6250.0,625.0,10,4,625.0,2026-04-27,2026-04-27,0,3875.0,1,0,On Time,Medium
C0023,Customer_0023,5000,25.0,1250.0,6250.0,625.0,10,5,625.0,2026-05-04,2026-05-04,0,3250.0,1,0,On Time,Medium
C0023,Customer_0023,5000,25.0,1250.0,6250.0,625.0,10,6,625.0,2026-05-11,2026-05-11,0,2625.0,1,0,On Time,Medium
C0023,Customer_0023,5000,25.0,1250.0,6250.0,625.0,10,7,0.0,2026-05-18,,30,2625.0,1,1,Missed,Medium
C0023,Customer_0023,5000,25.0,1250.0,6250.0,625.0,10,8,625.0,2026-05-25,2026-06-06,12,2000.0,2,1,Late,Medium
C0023,Customer_0023,5000,25.0,1250.0,6250.0,625.0,10,9,625.0,2026-06-01,2026-06-01,0,1375.0,2,1,On Time,Medium
C0023,Customer_0023,5000,25.0,1250.0,6250.0,625.0,10,10,625.0,2026-06-08,2026-06-13,5,750.0,3,1,Late,High
C0024,Customer_0024,10000,25.0,2500.0,12500.0,1562.5,8,1,1562.5,2026-06-10,2026-06-22,12,10937.5,1,0,Late,Medium
C0024,Customer_0024,10000,25.0,2500.0,12500.0,1562.5,8,2,1562.5,2026-06-17,2026-06-17,0,9375.0,1,0,On Time,Medium
C0024,Customer_0024,10000,25.0,2500.0,12500.0,1562.5,8,3,1562.5,2026-06-24,2026-06-24,0,7812.5,1,0,On Time,Medium
C0024,Customer_0024,10000,25.0,2500.0,12500.0,1562.5,8,4,1562.5,2026-07-01,2026-07-01,0,6250.0,1,0,On Time,Medium
C0024,Customer_0024,10000,25.0,2500.0,12500.0,1562.5,8,5,1562.5,2026-07-08,2026-07-08,0,4687.5,1,0,On Time,Medium
C0024,Customer_0024,10000,25.0,2500.0,12500.0,1562.5,8,6,1562.5,2026-07-15,2026-07-15,0,3125.0,1,0,On Time,Medium
C0024,Customer_0024,10000,25.0,2500.0,12500.0,1562.5,8,7,1562.5,2026-07-22,2026-07-22,0,1562.5,1,0,On Time,Medium
C0024,Customer_0024,10000,25.0,2500.0,12500.0,1562.5,8,8,1250.0,2026-07-29,2026-08-08,10,312.5,2,0,Late,Medium
C0024,Customer_0024,10000,25.0,2500.0,12500.0,1562.5,8,9,1562.5,2026-08-05,2026-08-07,2,0.0,3,0,Late,High
C0024,Customer_0024,10000,25.0,2500.0,12500.0,1562.5,8,10,1562.5,2026-08-12,2026-08-12,0,0.0,3,0,On Time,High
C0025,Customer_0025,10000,20.0,2000.0,12000.0,600.0,20,1,600.0,2026-04-24,2026-04-24,0,11400.0,0,0,On Time,Low
C0025,Customer_0025,10000,20.0,2000.0,12000.0,600.0,20,2,720.0,2026-05-01,2026-05-10,9,10680.0,1,0,Late,Medium
C0025,Customer_0025,10000,20.0,2000.0,12000.0,600.0,20,3,480.0,2026-05-08,2026-05-12,4,10200.0,2,0,Late,Medium
C0025,Customer_0025,10000,20.0,2000.0,12000.0,600.0,20,4,600.0,2026-05-15,2026-05-15,0,9600.0,2,0,On Time,Medium
C0025,Customer_0025,10000,20.0,2000.0,12000.0,600.0,20,5,720.0,2026-05-22,2026-05-25,3,8880.0,3,0,Late,High
C0025,Customer_0025,10000,20.0,2000.0,12000.0,600.0,20,6,0.0,2026-05-29,,22,8880.0,3,1,Missed,High
C0025,Customer_0025,10000,20.0,2000.0,12000.0,600.0,20,7,600.0,2026-06-05,2026-06-05,0,8280.0,3,1,On Time,High
C0025,Customer_0025,10000,20.0,2000.0,12000.0,600.0,20,8,600.0,2026-06-12,2026-06-12,0,7680.0,3,1,On Time,High
C0025,Customer_0025,10000,20.0,2000.0,12000.0,600.0,20,9,600.0,2026-06-19,2026-06-19,0,7080.0,3,1,On Time,High
C0025,Customer_0025,10000,20.0,2000.0,12000.0,600.0,20,10,720.0,2026-06-26,2026-07-01,5,6360.0,4,1,Late,High
C0026,Customer_0026,10000,15.0,1500.0,11500.0,575.0,20,1,460.0,2026-01-23,2026-02-06,14,11040.0,1,0,Late,Medium
C0026,Customer_0026,10000,15.0,1500.0,11500.0,575.0,20,2,0.0,2026-01-30,,26,11040.0,1,1,Missed,Medium
C0026,Customer_0026,10000,15.0,1500.0,11500.0,575.0,20,3,575.0,2026-02-06,2026-02-19,13,10465.0,2,1,Late,Medium
C0026,Customer_0026,10000,15.0,1500.0,11500.0,575.0,20,4,460.0,2026-02-13,2026-02-17,4,10005.0,3,1,Late,High
C0026,Customer_0026,10000,15.0,1500.0,11500.0,575.0,20,5,575.0,2026-02-20,2026-02-20,0,9430.0,3,1,On Time,High
C0026,Customer_0026,10000,15.0,1500.0,11500.0,575.0,20,6,0.0,2026-02-27,,18,9430.0,3,2,Missed,High
C0026,Customer_0026,10000,15.0,1500.0,11500.0,575.0,20,7,575.0,2026-03-06,2026-03-06,0,8855.0,3,2,On Time,High
C0026,Customer_0026,10000,15.0,1500.0,11500.0,575.0,20,8,0.0,2026-03-13,,26,8855.0,3,3,Missed,High
C0026,Customer_0026,10000,15.0,1500.0,11500.0,575.0,20,9,575.0,2026-03-20,2026-03-20,0,8280.0,3,3,On Time,High
C0026,Customer_0026,10000,15.0,1500.0,11500.0,575.0,20,10,575.0,2026-03-27,2026-03-27,0,7705.0,3,3,On Time,High
C0027,Customer_0027,15000,15.0,2250.0,17250.0,1437.5,12,1,1437.5,2026-05-20,2026-05-20,0,15812.5,0,0,On Time,Low
C0027,Customer_0027,15000,15.0,2250.0,17250.0,1437.5,12,2,1725.0,2026-05-27,2026-06-01,5,14087.5,1,0,Late,Medium
C0027,Customer_0027,15000,15.0,2250.0,17250.0,1437.5,12,3,1150.0,2026-06-03,2026-06-10,7,12937.5,2,0,Late,Medium
C0027,Customer_0027,15000,15.0,2250.0,17250.0,1437.5,12,4,1437.5,2026-06-10,2026-06-10,0,11500.0,2,0,On Time,Medium
C0027,Customer_0027,15000,15.0,2250.0,17250.0,1437.5,12,5,1437.5,2026-06-17,2026-06-17,0,10062.5,2,0,On Time,Medium
C0027,Customer_0027,15000,15.0,2250.0,17250.0,1437.5,12,6,1437.5,2026-06-24,2026-06-24,0,8625.0,2,0,On Time,Medium
C0027,Customer_0027,15000,15.0,2250.0,17250.0,1437.5,12,7,1437.5,2026-07-01,2026-07-01,0,7187.5,2,0,On Time,Medium
C0027,Customer_0027,15000,15.0,2250.0,17250.0,1437.5,12,8,1437.5,2026-07-08,2026-07-08,0,5750.0,2,0,On Time,Medium
C0027,Customer_0027,15000,15.0,2250.0,17250.0,1437.5,12,9,1437.5,2026-07-15,2026-07-26,11,4312.5,3,0,Late,High
C0027,Customer_0027,15000,15.0,2250.0,17250.0,1437.5,12,10,1437.5,2026-07-22,2026-07-22,0,2875.0,3,0,On Time,High
C0028,Customer_0028,10000,15.0,1500.0,11500.0,1150.0,10,1,1150.0,2026-05-25,2026-05-25,0,10350.0,0,0,On Time,Low
C0028,Customer_0028,10000,15.0,1500.0,11500.0,1150.0,10,2,1150.0,2026-06-01,2026-06-01,0,9200.0,0,0,On Time,Low
C0028,Customer_0028,10000,15.0,1500.0,11500.0,1150.0,10,3,1150.0,2026-06-08,2026-06-17,9,8050.0,1,0,Late,Medium
C0028,Customer_0028,10000,15.0,1500.0,11500.0,1150.0,10,4,1150.0,2026-06-15,2026-06-17,2,6900.0,2,0,Late,Medium
C0028,Customer_0028,10000,15.0,1500.0,11500.0,1150.0,10,5,1150.0,2026-06-22,2026-06-22,0,5750.0,2,0,On Time,Medium
C0028,Customer_0028,10000,15.0,1500.0,11500.0,1150.0,10,6,1150.0,2026-06-29,2026-06-29,0,4600.0,2,0,On Time,Medium
C0028,Customer_0028,10000,15.0,1500.0,11500.0,1150.0,10,7,0.0,2026-07-06,,22,4600.0,2,1,Missed,Medium
C0028,Customer_0028,10000,15.0,1500.0,11500.0,1150.0,10,8,1150.0,2026-07-13,2026-07-17,4,3450.0,3,1,Late,High
C0028,Customer_0028,10000,15.0,1500.0,11500.0,1150.0,10,9,1150.0,2026-07-20,2026-07-20,0,2300.0,3,1,On Time,High
C0028,Customer_0028,10000,15.0,1500.0,11500.0,1150.0,10,10,0.0,2026-07-27,,19,2300.0,3,2,Missed,High
C0029,Customer_0029,10000,30.0,3000.0,13000.0,866.67,15,1,866.67,2026-06-08,2026-06-08,0,12133.33,0,0,On Time,Low
C0029,Customer_0029,10000,30.0,3000.0,13000.0,866.67,15,2,866.67,2026-06-15,2026-06-15,0,11266.66,0,0,On Time,Low
C0029,Customer_0029,10000,30.0,3000.0,13000.0,866.67,15,3,866.67,2026-06-22,2026-07-02,10,10399.99,1,0,Late,Medium
C0029,Customer_0029,10000,30.0,3000.0,13000.0,866.67,15,4,866.67,2026-06-29,2026-06-29,0,9533.32,1,0,On Time,Medium
C0029,Customer_0029,10000,30.0,3000.0,13000.0,866.67,15,5,866.67,2026-07-06,2026-07-06,0,8666.65,1,0,On Time,Medium
C0029,Customer_0029,10000,30.0,3000.0,13000.0,866.67,15,6,866.67,2026-07-13,2026-07-13,0,7799.98,1,0,On Time,Medium
C0029,Customer_0029,10000,30.0,3000.0,13000.0,866.67,15,7,866.67,2026-07-20,2026-07-20,0,6933.31,1,0,On Time,Medium
C0029,Customer_0029,10000,30.0,3000.0,13000.0,866.67,15,8,866.67,2026-07-27,2026-07-27,0,6066.64,1,0,On Time,Medium
C0029,Customer_0029,10000,30.0,3000.0,13000.0,866.67,15,9,1040.0,2026-08-03,2026-08-16,13,5026.64,2,0,Late,Medium
C0029,Customer_0029,10000,30.0,3000.0,13000.0,866.67,15,10,866.67,2026-08-10,2026-08-11,1,4159.97,3,0,Late,High
C0030,Customer_0030,7000,15.0,1050.0,8050.0,536.67,15,1,536.67,2026-04-23,2026-04-23,0,7513.33,0,0,On Time,Low
C0030,Customer_0030,7000,15.0,1050.0,8050.0,536.67,15,2,536.67,2026-04-30,2026-04-30,0,6976.66,0,0,On Time,Low
C0030,Customer_0030,7000,15.0,1050.0,8050.0,536.67,15,3,536.67,2026-05-07,2026-05-07,0,6439.99,0,0,On Time,Low
C0030,Customer_0030,7000,15.0,1050.0,8050.0,536.67,15,4,429.34,2026-05-14,2026-05-27,13,6010.65,1,0,Late,Medium
C0030,Customer_0030,7000,15.0,1050.0,8050.0,536.67,15,5,536.67,2026-05-21,2026-05-21,0,5473.98,1,0,On Time,Medium
C0030,Customer_0030,7000,15.0,1050.0,8050.0,536.67,15,6,536.67,2026-05-28,2026-06-02,5,4937.31,2,0,Late,Medium
C0030,Customer_0030,7000,15.0,1050.0,8050.0,536.67,15,7,0.0,2026-06-04,,11,4937.31,2,1,Missed,Medium
C0030,Customer_0030,7000,15.0,1050.0,8050.0,536.67,15,8,536.67,2026-06-11,2026-06-11,0,4400.64,2,1,On Time,Medium
C0030,Customer_0030,7000,15.0,1050.0,8050.0,536.67,15,9,429.34,2026-06-18,2026-06-20,2,3971.3,3,1,Late,High
C0030,Customer_0030,7000,15.0,1050.0,8050.0,536.67,15,10,536.67,2026-06-25,2026-06-25,0,3434.63,3,1,On Time,High
C0031,Customer_0031,3000,20.0,600.0,3600.0,450.0,8,1,450.0,2026-04-27,2026-05-04,7,3150.0,1,0,Late,Medium
C0031,Customer_0031,3000,20.0,600.0,3600.0,450.0,8,2,450.0,2026-05-04,2026-05-04,0,2700.0,1,0,On Time,Medium
C0031,Customer_0031,3000,20.0,600.0,3600.0,450.0,8,3,450.0,2026-05-11,2026-05-11,0,2250.0,1,0,On Time,Medium
C0031,Customer_0031,3000,20.0,600.0,3600.0,450.0,8,4,0.0,2026-05-18,,14,2250.0,1,1,Missed,Medium
C0031,Customer_0031,3000,20.0,600.0,3600.0,450.0,8,5,450.0,2026-05-25,2026-05-25,0,1800.0,1,1,On Time,Medium
C0031,Customer_0031,3000,20.0,600.0,3600.0,450.0,8,6,450.0,2026-06-01,2026-06-01,0,1350.0,1,1,On Time,Medium
C0031,Customer_0031,3000,20.0,600.0,3600.0,450.0,8,7,450.0,2026-06-08,2026-06-08,0,900.0,1,1,On Time,Medium
C0031,Customer_0031,3000,20.0,600.0,3600.0,450.0,8,8,450.0,2026-06-15,2026-06-15,0,450.0,1,1,On Time,Medium
C0031,Customer_0031,3000,20.0,600.0,3600.0,450.0,8,9,450.0,2026-06-22,2026-06-22,0,0.0,1,1,On Time,Medium
C0031,Customer_0031,3000,20.0,600.0,3600.0,450.0,8,10,450.0,2026-06-29,2026-06-29,0,0.0,1,1,On Time,Medium
C0032,Customer_0032,10000,20.0,2000.0,12000.0,800.0,15,1,0.0,2026-04-11,,28,12000.0,0,1,Missed,Medium
C0032,Customer_0032,10000,20.0,2000.0,12000.0,800.0,15,2,800.0,2026-04-18,2026-04-18,0,11200.0,0,1,On Time,Medium
C0032,Customer_0032,10000,20.0,2000.0,12000.0,800.0,15,3,800.0,2026-04-25,2026-04-25,0,10400.0,0,1,On Time,Medium
C0032,Customer_0032,10000,20.0,2000.0,12000.0,800.0,15,4,800.0,2026-05-02,2026-05-02,0,9600.0,0,1,On Time,Medium
C0032,Customer_0032,10000,20.0,2000.0,12000.0,800.0,15,5,800.0,2026-05-09,2026-05-09,0,8800.0,0,1,On Time,Medium
C0032,Customer_0032,10000,20.0,2000.0,12000.0,800.0,15,6,800.0,2026-05-16,2026-05-16,0,8000.0,0,1,On Time,Medium
C0032,Customer_0032,10000,20.0,2000.0,12000.0,800.0,15,7,800.0,2026-05-23,2026-05-23,0,7200.0,0,1,On Time,Medium
C0032,Customer_0032,10000,20.0,2000.0,12000.0,800.0,15,8,800.0,2026-05-30,2026-05-30,0,6400.0,0,1,On Time,Medium
C0032,Customer_0032,10000,20.0,2000.0,12000.0,800.0,15,9,0.0,2026-06-06,,25,6400.0,0,2,Missed,High
C0032,Customer_0032,10000,20.0,2000.0,12000.0,800.0,15,10,800.0,2026-06-13,2026-06-22,9,5600.0,1,2,Late,High
C0033,Customer_0033,5000,20.0,1000.0,6000.0,600.0,10,1,600.0,2026-04-19,2026-04-19,0,5400.0,0,0,On Time,Low
C0033,Customer_0033,5000,20.0,1000.0,6000.0,600.0,10,2,600.0,2026-04-26,2026-04-26,0,4800.0,0,0,On Time,Low
C0033,Customer_0033,5000,20.0,1000.0,6000.0,600.0,10,3,600.0,2026-05-03,2026-05-04,1,4200.0,1,0,Late,Medium
C0033,Customer_0033,5000,20.0,1000.0,6000.0,600.0,10,4,600.0,2026-05-10,2026-05-10,0,3600.0,1,0,On Time,Medium
C0033,Customer_0033,5000,20.0,1000.0,6000.0,600.0,10,5,480.0,2026-05-17,2026-05-23,6,3120.0,2,0,Late,Medium
C0033,Customer_0033,5000,20.0,1000.0,6000.0,600.0,10,6,480.0,2026-05-24,2026-06-06,13,2640.0,3,0,Late,High
C0033,Customer_0033,5000,20.0,1000.0,6000.0,600.0,10,7,600.0,2026-05-31,2026-05-31,0,2040.0,3,0,On Time,High
C0033,Customer_0033,5000,20.0,1000.0,6000.0,600.0,10,8,600.0,2026-06-07,2026-06-07,0,1440.0,3,0,On Time,High
C0033,Customer_0033,5000,20.0,1000.0,6000.0,600.0,10,9,600.0,2026-06-14,2026-06-14,0,840.0,3,0,On Time,High
C0033,Customer_0033,5000,20.0,1000.0,6000.0,600.0,10,10,600.0,2026-06-21,2026-06-21,0,240.0,3,0,On Time,High
C0034,Customer_0034,20000,30.0,6000.0,26000.0,3250.0,8,1,3250.0,2026-04-05,2026-04-10,5,22750.0,1,0,Late,Medium
C0034,Customer_0034,20000,30.0,6000.0,26000.0,3250.0,8,2,3250.0,2026-04-12,2026-04-12,0,19500.0,1,0,On Time,Medium
C0034,Customer_0034,20000,30.0,6000.0,26000.0,3250.0,8,3,3250.0,2026-04-19,2026-04-29,10,16250.0,2,0,Late,Medium
C0034,Customer_0034,20000,30.0,6000.0,26000.0,3250.0,8,4,3250.0,2026-04-26,2026-04-26,0,13000.0,2,0,On Time,Medium
C0034,Customer_0034,20000,30.0,6000.0,26000.0,3250.0,8,5,3250.0,2026-05-03,2026-05-03,0,9750.0,2,0,On Time,Medium
C0034,Customer_0034,20000,30.0,6000.0,26000.0,3250.0,8,6,3250.0,2026-05-10,2026-05-10,0,6500.0,2,0,On Time,Medium
C0034,Customer_0034,20000,30.0,6000.0,26000.0,3250.0,8,7,3250.0,2026-05-17,2026-05-17,0,3250.0,2,0,On Time,Medium
C0034,Customer_0034,20000,30.0,6000.0,26000.0,3250.0,8,8,3250.0,2026-05-24,2026-05-24,0,0.0,2,0,On Time,Medium
C0034,Customer_0034,20000,30.0,6000.0,26000.0,3250.0,8,9,3250.0,2026-05-31,2026-05-31,0,0.0,2,0,On Time,Medium
C0034,Customer_0034,20000,30.0,6000.0,26000.0,3250.0,8,10,3900.0,2026-06-07,2026-06-09,2,0.0,3,0,Late,High
C0035,Customer_0035,10000,25.0,2500.0,12500.0,1250.0,10,1,1250.0,2026-06-11,2026-06-11,0,11250.0,0,0,On Time,Low
C0035,Customer_0035,10000,25.0,2500.0,12500.0,1250.0,10,2,1250.0,2026-06-18,2026-06-30,12,10000.0,1,0,Late,Medium
C0035,Customer_0035,10000,25.0,2500.0,12500.0,1250.0,10,3,1500.0,2026-06-25,2026-06-30,5,8500.0,2,0,Late,Medium
C0035,Customer_0035,10000,25.0,2500.0,12500.0,1250.0,10,4,1250.0,2026-07-02,2026-07-02,0,7250.0,2,0,On Time,Medium
C0035,Customer_0035,10000,25.0,2500.0,12500.0,1250.0,10,5,1000.0,2026-07-09,2026-07-16,7,6250.0,3,0,Late,High
C0035,Customer_0035,10000,25.0,2500.0,12500.0,1250.0,10,6,1000.0,2026-07-16,2026-07-30,14,5250.0,4,0,Late,High
C0035,Customer_0035,10000,25.0,2500.0,12500.0,1250.0,10,7,1250.0,2026-07-23,2026-07-30,7,4000.0,5,0,Late,High
C0035,Customer_0035,10000,25.0,2500.0,12500.0,1250.0,10,8,1250.0,2026-07-30,2026-07-30,0,2750.0,5,0,On Time,High
C0035,Customer_0035,10000,25.0,2500.0,12500.0,1250.0,10,9,1250.0,2026-08-06,2026-08-06,0,1500.0,5,0,On Time,High
C0035,Customer_0035,10000,25.0,2500.0,12500.0,1250.0,10,10,1250.0,2026-08-13,2026-08-13,0,250.0,5,0,On Time,High
C0036,Customer_0036,5000,20.0,1000.0,6000.0,500.0,12,1,0.0,2026-06-28,,26,6000.0,0,1,Missed,Medium
C0036,Customer_0036,5000,20.0,1000.0,6000.0,500.0,12,2,500.0,2026-07-05,2026-07-05,0,5500.0,0,1,On Time,Medium
C0036,Customer_0036,5000,20.0,1000.0,6000.0,500.0,12,3,500.0,2026-07-12,2026-07-12,0,5000.0,0,1,On Time,Medium
C0036,Customer_0036,5000,20.0,1000.0,6000.0,500.0,12,4,0.0,2026-07-19,,29,5000.0,0,2,Missed,High
C0036,Customer_0036,5000,20.0,1000.0,6000.0,500.0,12,5,500.0,2026-07-26,2026-07-26,0,4500.0,0,2,On Time,High
C0036,Customer_0036,5000,20.0,1000.0,6000.0,500.0,12,6,400.0,2026-08-02,2026-08-06,4,4100.0,1,2,Late,High
C0036,Customer_0036,5000,20.0,1000.0,6000.0,500.0,12,7,500.0,2026-08-09,2026-08-09,0,3600.0,1,2,On Time,High
C0036,Customer_0036,5000,20.0,1000.0,6000.0,500.0,12,8,400.0,2026-08-16,2026-08-28,12,3200.0,2,2,Late,High
C0036,Customer_0036,5000,20.0,1000.0,6000.0,500.0,12,9,500.0,2026-08-23,2026-08-23,0,2700.0,2,2,On Time,High
C0036,Customer_0036,5000,20.0,1000.0,6000.0,500.0,12,10,500.0,2026-08-30,2026-08-30,0,2200.0,2,2,On Time,High
C0037,Customer_0037,20000,15.0,3000.0,23000.0,2300.0,10,1,2300.0,2026-05-06,2026-05-06,0,20700.0,0,0,On Time,Low
C0037,Customer_0037,20000,15.0,3000.0,23000.0,2300.0,10,2,2300.0,2026-05-13,2026-05-13,0,18400.0,0,0,On Time,Low
C0037,Customer_0037,20000,15.0,3000.0,23000.0,2300.0,10,3,2300.0,2026-05-20,2026-05-20,0,16100.0,0,0,On Time,Low
C0037,Customer_0037,20000,15.0,3000.0,23000.0,2300.0,10,4,2300.0,2026-05-27,2026-05-27,0,13800.0,0,0,On Time,Low
C0037,Customer_0037,20000,15.0,3000.0,23000.0,2300.0,10,5,2300.0,2026-06-03,2026-06-03,0,11500.0,0,0,On Time,Low
C0037,Customer_0037,20000,15.0,3000.0,23000.0,2300.0,10,6,2300.0,2026-06-10,2026-06-10,0,9200.0,0,0,On Time,Low
C0037,Customer_0037,20000,15.0,3000.0,23000.0,2300.0,10,7,2300.0,2026-06-17,2026-06-17,0,6900.0,0,0,On Time,Low
C0037,Customer_0037,20000,15.0,3000.0,23000.0,2300.0,10,8,2300.0,2026-06-24,2026-06-24,0,4600.0,0,0,On Time,Low
C0037,Customer_0037,20000,15.0,3000.0,23000.0,2300.0,10,9,2300.0,2026-07-01,2026-07-01,0,2300.0,0,0,On Time,Low
C0037,Customer_0037,20000,15.0,3000.0,23000.0,2300.0,10,10,2300.0,2026-07-08,2026-07-08,0,0.0,0,0,On Time,Low
C0038,Customer_0038,7000,30.0,2100.0,9100.0,758.33,12,1,758.33,2026-06-04,2026-06-17,13,8341.67,1,0,Late,Medium
C0038,Customer_0038,7000,30.0,2100.0,9100.0,758.33,12,2,758.33,2026-06-11,2026-06-11,0,7583.34,1,0,On Time,Medium
C0038,Customer_0038,7000,30.0,2100.0,9100.0,758.33,12,3,758.33,2026-06-18,2026-06-18,0,6825.01,1,0,On Time,Medium
C0038,Customer_0038,7000,30.0,2100.0,9100.0,758.33,12,4,758.33,2026-06-25,2026-06-25,0,6066.68,1,0,On Time,Medium
C0038,Customer_0038,7000,30.0,2100.0,9100.0,758.33,12,5,758.33,2026-07-02,2026-07-02,0,5308.35,1,0,On Time,Medium
C0038,Customer_0038,7000,30.0,2100.0,9100.0,758.33,12,6,758.33,2026-07-09,2026-07-09,0,4550.02,1,0,On Time,Medium
C0038,Customer_0038,7000,30.0,2100.0,9100.0,758.33,12,7,758.33,2026-07-16,2026-07-16,0,3791.69,1,0,On Time,Medium
C0038,Customer_0038,7000,30.0,2100.0,9100.0,758.33,12,8,758.33,2026-07-23,2026-07-23,0,3033.36,1,0,On Time,Medium
C0038,Customer_0038,7000,30.0,2100.0,9100.0,758.33,12,9,758.33,2026-07-30,2026-07-30,0,2275.03,1,0,On Time,Medium
C0038,Customer_0038,7000,30.0,2100.0,9100.0,758.33,12,10,758.33,2026-08-06,2026-08-06,0,1516.7,1,0,On Time,Medium
C0039,Customer_0039,5000,15.0,750.0,5750.0,575.0,10,1,575.0,2026-02-14,2026-02-14,0,5175.0,0,0,On Time,Low
C0039,Customer_0039,5000,15.0,750.0,5750.0,575.0,10,2,575.0,2026-02-21,2026-02-21,0,4600.0,0,0,On Time,Low
C0039,Customer_0039,5000,15.0,750.0,5750.0,575.0,10,3,575.0,2026-02-28,2026-02-28,0,4025.0,0,0,On Time,Low
C0039,Customer_0039,5000,15.0,750.0,5750.0,575.0,10,4,690.0,2026-03-07,2026-03-21,14,3335.0,1,0,Late,Medium
C0039,Customer_0039,5000,15.0,750.0,5750.0,575.0,10,5,575.0,2026-03-14,2026-03-14,0,2760.0,1,0,On Time,Medium
C0039,Customer_0039,5000,15.0,750.0,5750.0,575.0,10,6,575.0,2026-03-21,2026-03-21,0,2185.0,1,0,On Time,Medium
C0039,Customer_0039,5000,15.0,750.0,5750.0,575.0,10,7,575.0,2026-03-28,2026-03-28,0,1610.0,1,0,On Time,Medium
C0039,Customer_0039,5000,15.0,750.0,5750.0,575.0,10,8,690.0,2026-04-04,2026-04-05,1,920.0,2,0,Late,Medium
C0039,Customer_0039,5000,15.0,750.0,5750.0,575.0,10,9,575.0,2026-04-11,2026-04-11,0,345.0,2,0,On Time,Medium
C0039,Customer_0039,5000,15.0,750.0,5750.0,575.0,10,10,0.0,2026-04-18,,21,345.0,2,1,Missed,Medium
C0040,Customer_0040,20000,20.0,4000.0,24000.0,2400.0,10,1,2400.0,2026-01-28,2026-01-28,0,21600.0,0,0,On Time,Low
C0040,Customer_0040,20000,20.0,4000.0,24000.0,2400.0,10,2,2400.0,2026-02-04,2026-02-04,0,19200.0,0,0,On Time,Low
C0040,Customer_0040,20000,20.0,4000.0,24000.0,2400.0,10,3,2400.0,2026-02-11,2026-02-22,11,16800.0,1,0,Late,Medium
C0040,Customer_0040,20000,20.0,4000.0,24000.0,2400.0,10,4,2400.0,2026-02-18,2026-02-18,0,14400.0,1,0,On Time,Medium
C0040,Customer_0040,20000,20.0,4000.0,24000.0,2400.0,10,5,2400.0,2026-02-25,2026-03-04,7,12000.0,2,0,Late,Medium
C0040,Customer_0040,20000,20.0,4000.0,24000.0,2400.0,10,6,2400.0,2026-03-04,2026-03-04,0,9600.0,2,0,On Time,Medium
C0040,Customer_0040,20000,20.0,4000.0,24000.0,2400.0,10,7,2400.0,2026-03-11,2026-03-11,0,7200.0,2,0,On Time,Medium
C0040,Customer_0040,20000,20.0,4000.0,24000.0,2400.0,10,8,2400.0,2026-03-18,2026-03-18,0,4800.0,2,0,On Time,Medium
C0040,Customer_0040,20000,20.0,4000.0,24000.0,2400.0,10,9,2400.0,2026-03-25,2026-03-25,0,2400.0,2,0,On Time,Medium
C0040,Customer_0040,20000,20.0,4000.0,24000.0,2400.0,10,10,2400.0,2026-04-01,2026-04-01,0,0.0,2,0,On Time,Medium
C0041,Customer_0041,3000,25.0,750.0,3750.0,187.5,20,1,187.5,2026-01-28,2026-01-28,0,3562.5,0,0,On Time,Low
C0041,Customer_0041,3000,25.0,750.0,3750.0,187.5,20,2,187.5,2026-02-04,2026-02-04,0,3375.0,0,0,On Time,Low
C0041,Customer_0041,3000,25.0,750.0,3750.0,187.5,20,3,187.5,2026-02-11,2026-02-11,0,3187.5,0,0,On Time,Low
C0041,Customer_0041,3000,25.0,750.0,3750.0,187.5,20,4,187.5,2026-02-18,2026-02-18,0,3000.0,0,0,On Time,Low
C0041,Customer_0041,3000,25.0,750.0,3750.0,187.5,20,5,187.5,2026-02-25,2026-02-25,0,2812.5,0,0,On Time,Low
C0041,Customer_0041,3000,25.0,750.0,3750.0,187.5,20,6,225.0,2026-03-04,2026-03-13,9,2587.5,1,0,Late,Medium
C0041,Customer_0041,3000,25.0,750.0,3750.0,187.5,20,7,187.5,2026-03-11,2026-03-20,9,2400.0,2,0,Late,Medium
C0041,Customer_0041,3000,25.0,750.0,3750.0,187.5,20,8,187.5,2026-03-18,2026-03-18,0,2212.5,2,0,On Time,Medium
C0041,Customer_0041,3000,25.0,750.0,3750.0,187.5,20,9,187.5,2026-03-25,2026-03-25,0,2025.0,2,0,On Time,Medium
C0041,Customer_0041,3000,25.0,750.0,3750.0,187.5,20,10,187.5,2026-04-01,2026-04-01,0,1837.5,2,0,On Time,Medium
C0042,Customer_0042,5000,25.0,1250.0,6250.0,781.25,8,1,781.25,2026-03-24,2026-03-24,0,5468.75,0,0,On Time,Low
C0042,Customer_0042,5000,25.0,1250.0,6250.0,781.25,8,2,781.25,2026-03-31,2026-03-31,0,4687.5,0,0,On Time,Low
C0042,Customer_0042,5000,25.0,1250.0,6250.0,781.25,8,3,937.5,2026-04-07,2026-04-09,2,3750.0,1,0,Late,Medium
C0042,Customer_0042,5000,25.0,1250.0,6250.0,781.25,8,4,781.25,2026-04-14,2026-04-14,0,2968.75,1,0,On Time,Medium
C0042,Customer_0042,5000,25.0,1250.0,6250.0,781.25,8,5,781.25,2026-04-21,2026-04-21,0,2187.5,1,0,On Time,Medium
C0042,Customer_0042,5000,25.0,1250.0,6250.0,781.25,8,6,781.25,2026-04-28,2026-04-28,0,1406.25,1,0,On Time,Medium
C0042,Customer_0042,5000,25.0,1250.0,6250.0,781.25,8,7,0.0,2026-05-05,,27,1406.25,1,1,Missed,Medium
C0042,Customer_0042,5000,25.0,1250.0,6250.0,781.25,8,8,781.25,2026-05-12,2026-05-12,0,625.0,1,1,On Time,Medium
C0042,Customer_0042,5000,25.0,1250.0,6250.0,781.25,8,9,781.25,2026-05-19,2026-05-19,0,0.0,1,1,On Time,Medium
C0042,Customer_0042,5000,25.0,1250.0,6250.0,781.25,8,10,781.25,2026-05-26,2026-05-26,0,0.0,1,1,On Time,Medium
C0043,Customer_0043,10000,20.0,2000.0,12000.0,1000.0,12,1,1200.0,2026-03-03,2026-03-10,7,10800.0,1,0,Late,Medium
C0043,Customer_0043,10000,20.0,2000.0,12000.0,1000.0,12,2,1000.0,2026-03-10,2026-03-13,3,9800.0,2,0,Late,Medium
C0043,Customer_0043,10000,20.0,2000.0,12000.0,1000.0,12,3,1000.0,2026-03-17,2026-03-17,0,8800.0,2,0,On Time,Medium
C0043,Customer_0043,10000,20.0,2000.0,12000.0,1000.0,12,4,1200.0,2026-03-24,2026-03-30,6,7600.0,3,0,Late,High
C0043,Customer_0043,10000,20.0,2000.0,12000.0,1000.0,12,5,1000.0,2026-03-31,2026-03-31,0,6600.0,3,0,On Time,High
C0043,Customer_0043,10000,20.0,2000.0,12000.0,1000.0,12,6,0.0,2026-04-07,,10,6600.0,3,1,Missed,High
C0043,Customer_0043,10000,20.0,2000.0,12000.0,1000.0,12,7,1000.0,2026-04-14,2026-04-14,0,5600.0,3,1,On Time,High
C0043,Customer_0043,10000,20.0,2000.0,12000.0,1000.0,12,8,0.0,2026-04-21,,30,5600.0,3,2,Missed,High
C0043,Customer_0043,10000,20.0,2000.0,12000.0,1000.0,12,9,1000.0,2026-04-28,2026-05-07,9,4600.0,4,2,Late,High
C0043,Customer_0043,10000,20.0,2000.0,12000.0,1000.0,12,10,1000.0,2026-05-05,2026-05-13,8,3600.0,5,2,Late,High
C0044,Customer_0044,5000,25.0,1250.0,6250.0,312.5,20,1,312.5,2026-02-13,2026-02-13,0,5937.5,0,0,On Time,Low
C0044,Customer_0044,5000,25.0,1250.0,6250.0,312.5,20,2,0.0,2026-02-20,,10,5937.5,0,1,Missed,Medium
C0044,Customer_0044,5000,25.0,1250.0,6250.0,312.5,20,3,312.5,2026-02-27,2026-02-27,0,5625.0,0,1,On Time,Medium
C0044,Customer_0044,5000,25.0,1250.0,6250.0,312.5,20,4,312.5,2026-03-06,2026-03-06,0,5312.5,0,1,On Time,Medium
C0044,Customer_0044,5000,25.0,1250.0,6250.0,312.5,20,5,312.5,2026-03-13,2026-03-13,0,5000.0,0,1,On Time,Medium
C0044,Customer_0044,5000,25.0,1250.0,6250.0,312.5,20,6,312.5,2026-03-20,2026-03-20,0,4687.5,0,1,On Time,Medium
C0044,Customer_0044,5000,25.0,1250.0,6250.0,312.5,20,7,312.5,2026-03-27,2026-03-27,0,4375.0,0,1,On Time,Medium
C0044,Customer_0044,5000,25.0,1250.0,6250.0,312.5,20,8,312.5,2026-04-03,2026-04-03,0,4062.5,0,1,On Time,Medium
C0044,Customer_0044,5000,25.0,1250.0,6250.0,312.5,20,9,312.5,2026-04-10,2026-04-10,0,3750.0,0,1,On Time,Medium
C0044,Customer_0044,5000,25.0,1250.0,6250.0,312.5,20,10,312.5,2026-04-17,2026-04-17,0,3437.5,0,1,On Time,Medium
C0045,Customer_0045,10000,15.0,1500.0,11500.0,958.33,12,1,958.33,2026-01-03,2026-01-03,0,10541.67,0,0,On Time,Low
C0045,Customer_0045,10000,15.0,1500.0,11500.0,958.33,12,2,958.33,2026-01-10,2026-01-10,0,9583.34,0,0,On Time,Low
C0045,Customer_0045,10000,15.0,1500.0,11500.0,958.33,12,3,958.33,2026-01-17,2026-01-17,0,8625.01,0,0,On Time,Low
C0045,Customer_0045,10000,15.0,1500.0,11500.0,958.33,12,4,958.33,2026-01-24,2026-01-24,0,7666.68,0,0,On Time,Low
C0045,Customer_0045,10000,15.0,1500.0,11500.0,958.33,12,5,0.0,2026-01-31,,19,7666.68,0,1,Missed,Medium
C0045,Customer_0045,10000,15.0,1500.0,11500.0,958.33,12,6,1150.0,2026-02-07,2026-02-08,1,6516.68,1,1,Late,Medium
C0045,Customer_0045,10000,15.0,1500.0,11500.0,958.33,12,7,958.33,2026-02-14,2026-02-14,0,5558.35,1,1,On Time,Medium
C0045,Customer_0045,10000,15.0,1500.0,11500.0,958.33,12,8,958.33,2026-02-21,2026-02-21,0,4600.02,1,1,On Time,Medium
C0045,Customer_0045,10000,15.0,1500.0,11500.0,958.33,12,9,958.33,2026-02-28,2026-02-28,0,3641.69,1,1,On Time,Medium
C0045,Customer_0045,10000,15.0,1500.0,11500.0,958.33,12,10,958.33,2026-03-07,2026-03-07,0,2683.36,1,1,On Time,Medium
C0046,Customer_0046,20000,25.0,5000.0,25000.0,2083.33,12,1,2083.33,2026-04-04,2026-04-04,0,22916.67,0,0,On Time,Low
C0046,Customer_0046,20000,25.0,5000.0,25000.0,2083.33,12,2,2500.0,2026-04-11,2026-04-23,12,20416.67,1,0,Late,Medium
C0046,Customer_0046,20000,25.0,5000.0,25000.0,2083.33,12,3,2083.33,2026-04-18,2026-04-18,0,18333.34,1,0,On Time,Medium
C0046,Customer_0046,20000,25.0,5000.0,25000.0,2083.33,12,4,0.0,2026-04-25,,17,18333.34,1,1,Missed,Medium
C0046,Customer_0046,20000,25.0,5000.0,25000.0,2083.33,12,5,0.0,2026-05-02,,18,18333.34,1,2,Missed,High
C0046,Customer_0046,20000,25.0,5000.0,25000.0,2083.33,12,6,2083.33,2026-05-09,2026-05-09,0,16250.01,1,2,On Time,High
C0046,Customer_0046,20000,25.0,5000.0,25000.0,2083.33,12,7,0.0,2026-05-16,,28,16250.01,1,3,Missed,High
C0046,Customer_0046,20000,25.0,5000.0,25000.0,2083.33,12,8,2083.33,2026-05-23,2026-05-23,0,14166.68,1,3,On Time,High
C0046,Customer_0046,20000,25.0,5000.0,25000.0,2083.33,12,9,2083.33,2026-05-30,2026-06-08,9,12083.35,2,3,Late,High
C0046,Customer_0046,20000,25.0,5000.0,25000.0,2083.33,12,10,2500.0,2026-06-06,2026-06-20,14,9583.35,3,3,Late,High
C0047,Customer_0047,7000,15.0,1050.0,8050.0,402.5,20,1,402.5,2026-01-05,2026-01-05,0,7647.5,0,0,On Time,Low
C0047,Customer_0047,7000,15.0,1050.0,8050.0,402.5,20,2,402.5,2026-01-12,2026-01-12,0,7245.0,0,0,On Time,Low
C0047,Customer_0047,7000,15.0,1050.0,8050.0,402.5,20,3,0.0,2026-01-19,,19,7245.0,0,1,Missed,Medium
C0047,Customer_0047,7000,15.0,1050.0,8050.0,402.5,20,4,402.5,2026-01-26,2026-01-26,0,6842.5,0,1,On Time,Medium
C0047,Customer_0047,7000,15.0,1050.0,8050.0,402.5,20,5,483.0,2026-02-02,2026-02-09,7,6359.5,1,1,Late,Medium
C0047,Customer_0047,7000,15.0,1050.0,8050.0,402.5,20,6,483.0,2026-02-09,2026-02-12,3,5876.5,2,1,Late,Medium
C0047,Customer_0047,7000,15.0,1050.0,8050.0,402.5,20,7,402.5,2026-02-16,2026-02-16,0,5474.0,2,1,On Time,Medium
C0047,Customer_0047,7000,15.0,1050.0,8050.0,402.5,20,8,402.5,2026-02-23,2026-02-23,0,5071.5,2,1,On Time,Medium
C0047,Customer_0047,7000,15.0,1050.0,8050.0,402.5,20,9,402.5,2026-03-02,2026-03-02,0,4669.0,2,1,On Time,Medium
C0047,Customer_0047,7000,15.0,1050.0,8050.0,402.5,20,10,402.5,2026-03-09,2026-03-09,0,4266.5,2,1,On Time,Medium
C0048,Customer_0048,3000,15.0,450.0,3450.0,345.0,10,1,0.0,2026-02-22,,25,3450.0,0,1,Missed,Medium
C0048,Customer_0048,3000,15.0,450.0,3450.0,345.0,10,2,345.0,2026-03-01,2026-03-01,0,3105.0,0,1,On Time,Medium
C0048,Customer_0048,3000,15.0,450.0,3450.0,345.0,10,3,345.0,2026-03-08,2026-03-08,0,2760.0,0,1,On Time,Medium
C0048,Customer_0048,3000,15.0,450.0,3450.0,345.0,10,4,345.0,2026-03-15,2026-03-15,0,2415.0,0,1,On Time,Medium
C0048,Customer_0048,3000,15.0,450.0,3450.0,345.0,10,5,345.0,2026-03-22,2026-03-26,4,2070.0,1,1,Late,Medium
C0048,Customer_0048,3000,15.0,450.0,3450.0,345.0,10,6,276.0,2026-03-29,2026-03-30,1,1794.0,2,1,Late,Medium
C0048,Customer_0048,3000,15.0,450.0,3450.0,345.0,10,7,345.0,2026-04-05,2026-04-05,0,1449.0,2,1,On Time,Medium
C0048,Customer_0048,3000,15.0,450.0,3450.0,345.0,10,8,414.0,2026-04-12,2026-04-25,13,1035.0,3,1,Late,High
C0048,Customer_0048,3000,15.0,450.0,3450.0,345.0,10,9,345.0,2026-04-19,2026-04-19,0,690.0,3,1,On Time,High
C0048,Customer_0048,3000,15.0,450.0,3450.0,345.0,10,10,345.0,2026-04-26,2026-04-26,0,345.0,3,1,On Time,High
C0049,Customer_0049,15000,25.0,3750.0,18750.0,2343.75,8,1,1875.0,2026-03-27,2026-04-07,11,16875.0,1,0,Late,Medium
C0049,Customer_0049,15000,25.0,3750.0,18750.0,2343.75,8,2,2343.75,2026-04-03,2026-04-09,6,14531.25,2,0,Late,Medium
C0049,Customer_0049,15000,25.0,3750.0,18750.0,2343.75,8,3,2343.75,2026-04-10,2026-04-10,0,12187.5,2,0,On Time,Medium
C0049,Customer_0049,15000,25.0,3750.0,18750.0,2343.75,8,4,2343.75,2026-04-17,2026-04-17,0,9843.75,2,0,On Time,Medium
C0049,Customer_0049,15000,25.0,3750.0,18750.0,2343.75,8,5,2343.75,2026-04-24,2026-04-24,0,7500.0,2,0,On Time,Medium
C0049,Customer_0049,15000,25.0,3750.0,18750.0,2343.75,8,6,2343.75,2026-05-01,2026-05-01,0,5156.25,2,0,On Time,Medium
C0049,Customer_0049,15000,25.0,3750.0,18750.0,2343.75,8,7,2343.75,2026-05-08,2026-05-08,0,2812.5,2,0,On Time,Medium
C0049,Customer_0049,15000,25.0,3750.0,18750.0,2343.75,8,8,2343.75,2026-05-15,2026-05-15,0,468.75,2,0,On Time,Medium
C0049,Customer_0049,15000,25.0,3750.0,18750.0,2343.75,8,9,2343.75,2026-05-22,2026-05-22,0,0.0,2,0,On Time,Medium
C0049,Customer_0049,15000,25.0,3750.0,18750.0,2343.75,8,10,2343.75,2026-05-29,2026-05-29,0,0.0,2,0,On Time,Medium
C0050,Customer_0050,15000,20.0,3000.0,18000.0,1500.0,12,1,1500.0,2026-04-05,2026-04-05,0,16500.0,0,0,On Time,Low
C0050,Customer_0050,15000,20.0,3000.0,18000.0,1500.0,12,2,1500.0,2026-04-12,2026-04-12,0,15000.0,0,0,On Time,Low
C0050,Customer_0050,15000,20.0,3000.0,18000.0,1500.0,12,3,1500.0,2026-04-19,2026-04-24,5,13500.0,1,0,Late,Medium
C0050,Customer_0050,15000,20.0,3000.0,18000.0,1500.0,12,4,1500.0,2026-04-26,2026-05-06,10,12000.0,2,0,Late,Medium
C0050,Customer_0050,15000,20.0,3000.0,18000.0,1500.0,12,5,1500.0,2026-05-03,2026-05-03,0,10500.0,2,0,On Time,Medium
C0050,Customer_0050,15000,20.0,3000.0,18000.0,1500.0,12,6,1500.0,2026-05-10,2026-05-10,0,9000.0,2,0,On Time,Medium
C0050,Customer_0050,15000,20.0,3000.0,18000.0,1500.0,12,7,1500.0,2026-05-17,2026-05-17,0,7500.0,2,0,On Time,Medium
C0050,Customer_0050,15000,20.0,3000.0,18000.0,1500.0,12,8,1500.0,2026-05-24,2026-05-24,0,6000.0,2,0,On Time,Medium
C0050,Customer_0050,15000,20.0,3000.0,18000.0,1500.0,12,9,1500.0,2026-05-31,2026-05-31,0,4500.0,2,0,On Time,Medium
C0050,Customer_0050,15000,20.0,3000.0,18000.0,1500.0,12,10,0.0,2026-06-07,,14,4500.0,2,1,Missed,Medium
C0051,Customer_0051,20000,20.0,4000.0,24000.0,3000.0,8,1,3000.0,2026-04-21,2026-05-03,12,21000.0,1,0,Late,Medium
C0051,Customer_0051,20000,20.0,4000.0,24000.0,3000.0,8,2,3000.0,2026-04-28,2026-04-28,0,18000.0,1,0,On Time,Medium
C0051,Customer_0051,20000,20.0,4000.0,24000.0,3000.0,8,3,0.0,2026-05-05,,11,18000.0,1,1,Missed,Medium
C0051,Customer_0051,20000,20.0,4000.0,24000.0,3000.0,8,4,0.0,2026-05-12,,14,18000.0,1,2,Missed,High
C0051,Customer_0051,20000,20.0,4000.0,24000.0,3000.0,8,5,2400.0,2026-05-19,2026-05-31,12,15600.0,2,2,Late,High
C0051,Customer_0051,20000,20.0,4000.0,24000.0,3000.0,8,6,3000.0,2026-05-26,2026-05-26,0,12600.0,2,2,On Time,High
C0051,Customer_0051,20000,20.0,4000.0,24000.0,3000.0,8,7,3000.0,2026-06-02,2026-06-02,0,9600.0,2,2,On Time,High
C0051,Customer_0051,20000,20.0,4000.0,24000.0,3000.0,8,8,3000.0,2026-06-09,2026-06-09,0,6600.0,2,2,On Time,High
C0051,Customer_0051,20000,20.0,4000.0,24000.0,3000.0,8,9,3000.0,2026-06-16,2026-06-16,0,3600.0,2,2,On Time,High
C0051,Customer_0051,20000,20.0,4000.0,24000.0,3000.0,8,10,3000.0,2026-06-23,2026-06-30,7,600.0,3,2,Late,High
C0052,Customer_0052,3000,20.0,600.0,3600.0,180.0,20,1,180.0,2026-05-29,2026-05-29,0,3420.0,0,0,On Time,Low
C0052,Customer_0052,3000,20.0,600.0,3600.0,180.0,20,2,180.0,2026-06-05,2026-06-05,0,3240.0,0,0,On Time,Low
C0052,Customer_0052,3000,20.0,600.0,3600.0,180.0,20,3,144.0,2026-06-12,2026-06-18,6,3096.0,1,0,Late,Medium
C0052,Customer_0052,3000,20.0,600.0,3600.0,180.0,20,4,180.0,2026-06-19,2026-06-19,0,2916.0,1,0,On Time,Medium
C0052,Customer_0052,3000,20.0,600.0,3600.0,180.0,20,5,180.0,2026-06-26,2026-06-26,0,2736.0,1,0,On Time,Medium
C0052,Customer_0052,3000,20.0,600.0,3600.0,180.0,20,6,180.0,2026-07-03,2026-07-03,0,2556.0,1,0,On Time,Medium
C0052,Customer_0052,3000,20.0,600.0,3600.0,180.0,20,7,180.0,2026-07-10,2026-07-10,0,2376.0,1,0,On Time,Medium
C0052,Customer_0052,3000,20.0,600.0,3600.0,180.0,20,8,180.0,2026-07-17,2026-07-17,0,2196.0,1,0,On Time,Medium
C0052,Customer_0052,3000,20.0,600.0,3600.0,180.0,20,9,144.0,2026-07-24,2026-08-03,10,2052.0,2,0,Late,Medium
C0052,Customer_0052,3000,20.0,600.0,3600.0,180.0,20,10,180.0,2026-07-31,2026-07-31,0,1872.0,2,0,On Time,Medium
C0053,Customer_0053,10000,15.0,1500.0,11500.0,1150.0,10,1,0.0,2026-03-16,,13,11500.0,0,1,Missed,Medium
C0053,Customer_0053,10000,15.0,1500.0,11500.0,1150.0,10,2,1150.0,2026-03-23,2026-03-23,0,10350.0,0,1,On Time,Medium
C0053,Customer_0053,10000,15.0,1500.0,11500.0,1150.0,10,3,920.0,2026-03-30,2026-04-10,11,9430.0,1,1,Late,Medium
C0053,Customer_0053,10000,15.0,1500.0,11500.0,1150.0,10,4,1150.0,2026-04-06,2026-04-06,0,8280.0,1,1,On Time,Medium
C0053,Customer_0053,10000,15.0,1500.0,11500.0,1150.0,10,5,0.0,2026-04-13,,28,8280.0,1,2,Missed,High
C0053,Customer_0053,10000,15.0,1500.0,11500.0,1150.0,10,6,1150.0,2026-04-20,2026-04-20,0,7130.0,1,2,On Time,High
C0053,Customer_0053,10000,15.0,1500.0,11500.0,1150.0,10,7,1150.0,2026-04-27,2026-04-27,0,5980.0,1,2,On Time,High
C0053,Customer_0053,10000,15.0,1500.0,11500.0,1150.0,10,8,1150.0,2026-05-04,2026-05-04,0,4830.0,1,2,On Time,High
C0053,Customer_0053,10000,15.0,1500.0,11500.0,1150.0,10,9,0.0,2026-05-11,,23,4830.0,1,3,Missed,High
C0053,Customer_0053,10000,15.0,1500.0,11500.0,1150.0,10,10,1150.0,2026-05-18,2026-05-24,6,3680.0,2,3,Late,High
C0054,Customer_0054,5000,30.0,1500.0,6500.0,650.0,10,1,650.0,2026-02-18,2026-02-18,0,5850.0,0,0,On Time,Low
C0054,Customer_0054,5000,30.0,1500.0,6500.0,650.0,10,2,0.0,2026-02-25,,23,5850.0,0,1,Missed,Medium
C0054,Customer_0054,5000,30.0,1500.0,6500.0,650.0,10,3,650.0,2026-03-04,2026-03-04,0,5200.0,0,1,On Time,Medium
C0054,Customer_0054,5000,30.0,1500.0,6500.0,650.0,10,4,650.0,2026-03-11,2026-03-24,13,4550.0,1,1,Late,Medium
C0054,Customer_0054,5000,30.0,1500.0,6500.0,650.0,10,5,650.0,2026-03-18,2026-03-18,0,3900.0,1,1,On Time,Medium
C0054,Customer_0054,5000,30.0,1500.0,6500.0,650.0,10,6,650.0,2026-03-25,2026-03-25,0,3250.0,1,1,On Time,Medium
C0054,Customer_0054,5000,30.0,1500.0,6500.0,650.0,10,7,650.0,2026-04-01,2026-04-01,0,2600.0,1,1,On Time,Medium
C0054,Customer_0054,5000,30.0,1500.0,6500.0,650.0,10,8,650.0,2026-04-08,2026-04-08,0,1950.0,1,1,On Time,Medium
C0054,Customer_0054,5000,30.0,1500.0,6500.0,650.0,10,9,650.0,2026-04-15,2026-04-15,0,1300.0,1,1,On Time,Medium
C0054,Customer_0054,5000,30.0,1500.0,6500.0,650.0,10,10,650.0,2026-04-22,2026-05-06,14,650.0,2,1,Late,Medium
C0055,Customer_0055,15000,15.0,2250.0,17250.0,862.5,20,1,862.5,2026-01-30,2026-02-01,2,16387.5,1,0,Late,Medium
C0055,Customer_0055,15000,15.0,2250.0,17250.0,862.5,20,2,862.5,2026-02-06,2026-02-06,0,15525.0,1,0,On Time,Medium
C0055,Customer_0055,15000,15.0,2250.0,17250.0,862.5,20,3,862.5,2026-02-13,2026-02-15,2,14662.5,2,0,Late,Medium
C0055,Customer_0055,15000,15.0,2250.0,17250.0,862.5,20,4,862.5,2026-02-20,2026-02-20,0,13800.0,2,0,On Time,Medium
C0055,Customer_0055,15000,15.0,2250.0,17250.0,862.5,20,5,862.5,2026-02-27,2026-02-27,0,12937.5,2,0,On Time,Medium
C0055,Customer_0055,15000,15.0,2250.0,17250.0,862.5,20,6,862.5,2026-03-06,2026-03-06,0,12075.0,2,0,On Time,Medium
C0055,Customer_0055,15000,15.0,2250.0,17250.0,862.5,20,7,1035.0,2026-03-13,2026-03-14,1,11040.0,3,0,Late,High
C0055,Customer_0055,15000,15.0,2250.0,17250.0,862.5,20,8,862.5,2026-03-20,2026-03-20,0,10177.5,3,0,On Time,High
C0055,Customer_0055,15000,15.0,2250.0,17250.0,862.5,20,9,862.5,2026-03-27,2026-03-27,0,9315.0,3,0,On Time,High
C0055,Customer_0055,15000,15.0,2250.0,17250.0,862.5,20,10,862.5,2026-04-03,2026-04-13,10,8452.5,4,0,Late,High
C0056,Customer_0056,7000,20.0,1400.0,8400.0,840.0,10,1,840.0,2026-05-04,2026-05-16,12,7560.0,1,0,Late,Medium
C0056,Customer_0056,7000,20.0,1400.0,8400.0,840.0,10,2,840.0,2026-05-11,2026-05-24,13,6720.0,2,0,Late,Medium
C0056,Customer_0056,7000,20.0,1400.0,8400.0,840.0,10,3,840.0,2026-05-18,2026-05-18,0,5880.0,2,0,On Time,Medium
C0056,Customer_0056,7000,20.0,1400.0,8400.0,840.0,10,4,840.0,2026-05-25,2026-05-25,0,5040.0,2,0,On Time,Medium
C0056,Customer_0056,7000,20.0,1400.0,8400.0,840.0,10,5,840.0,2026-06-01,2026-06-01,0,4200.0,2,0,On Time,Medium
C0056,Customer_0056,7000,20.0,1400.0,8400.0,840.0,10,6,840.0,2026-06-08,2026-06-08,0,3360.0,2,0,On Time,Medium
C0056,Customer_0056,7000,20.0,1400.0,8400.0,840.0,10,7,840.0,2026-06-15,2026-06-15,0,2520.0,2,0,On Time,Medium
C0056,Customer_0056,7000,20.0,1400.0,8400.0,840.0,10,8,840.0,2026-06-22,2026-06-22,0,1680.0,2,0,On Time,Medium
C0056,Customer_0056,7000,20.0,1400.0,8400.0,840.0,10,9,840.0,2026-06-29,2026-06-29,0,840.0,2,0,On Time,Medium
C0056,Customer_0056,7000,20.0,1400.0,8400.0,840.0,10,10,840.0,2026-07-06,2026-07-06,0,0.0,2,0,On Time,Medium
C0057,Customer_0057,7000,15.0,1050.0,8050.0,536.67,15,1,536.67,2026-01-08,2026-01-08,0,7513.33,0,0,On Time,Low
C0057,Customer_0057,7000,15.0,1050.0,8050.0,536.67,15,2,536.67,2026-01-15,2026-01-15,0,6976.66,0,0,On Time,Low
C0057,Customer_0057,7000,15.0,1050.0,8050.0,536.67,15,3,644.0,2026-01-22,2026-02-05,14,6332.66,1,0,Late,Medium
C0057,Customer_0057,7000,15.0,1050.0,8050.0,536.67,15,4,644.0,2026-01-29,2026-02-02,4,5688.66,2,0,Late,Medium
C0057,Customer_0057,7000,15.0,1050.0,8050.0,536.67,15,5,429.34,2026-02-05,2026-02-19,14,5259.32,3,0,Late,High
C0057,Customer_0057,7000,15.0,1050.0,8050.0,536.67,15,6,536.67,2026-02-12,2026-02-12,0,4722.65,3,0,On Time,High
C0057,Customer_0057,7000,15.0,1050.0,8050.0,536.67,15,7,536.67,2026-02-19,2026-03-01,10,4185.98,4,0,Late,High
C0057,Customer_0057,7000,15.0,1050.0,8050.0,536.67,15,8,536.67,2026-02-26,2026-02-26,0,3649.31,4,0,On Time,High
C0057,Customer_0057,7000,15.0,1050.0,8050.0,536.67,15,9,536.67,2026-03-05,2026-03-05,0,3112.64,4,0,On Time,High
C0057,Customer_0057,7000,15.0,1050.0,8050.0,536.67,15,10,536.67,2026-03-12,2026-03-12,0,2575.97,4,0,On Time,High
C0058,Customer_0058,15000,25.0,3750.0,18750.0,1250.0,15,1,1250.0,2026-01-29,2026-01-29,0,17500.0,0,0,On Time,Low
C0058,Customer_0058,15000,25.0,3750.0,18750.0,1250.0,15,2,1250.0,2026-02-05,2026-02-10,5,16250.0,1,0,Late,Medium
C0058,Customer_0058,15000,25.0,3750.0,18750.0,1250.0,15,3,1250.0,2026-02-12,2026-02-12,0,15000.0,1,0,On Time,Medium
C0058,Customer_0058,15000,25.0,3750.0,18750.0,1250.0,15,4,1250.0,2026-02-19,2026-02-19,0,13750.0,1,0,On Time,Medium
C0058,Customer_0058,15000,25.0,3750.0,18750.0,1250.0,15,5,1250.0,2026-02-26,2026-02-26,0,12500.0,1,0,On Time,Medium
C0058,Customer_0058,15000,25.0,3750.0,18750.0,1250.0,15,6,1250.0,2026-03-05,2026-03-05,0,11250.0,1,0,On Time,Medium
C0058,Customer_0058,15000,25.0,3750.0,18750.0,1250.0,15,7,1250.0,2026-03-12,2026-03-12,0,10000.0,1,0,On Time,Medium
C0058,Customer_0058,15000,25.0,3750.0,18750.0,1250.0,15,8,1250.0,2026-03-19,2026-03-19,0,8750.0,1,0,On Time,Medium
C0058,Customer_0058,15000,25.0,3750.0,18750.0,1250.0,15,9,1250.0,2026-03-26,2026-03-26,0,7500.0,1,0,On Time,Medium
C0058,Customer_0058,15000,25.0,3750.0,18750.0,1250.0,15,10,1250.0,2026-04-02,2026-04-02,0,6250.0,1,0,On Time,Medium
C0059,Customer_0059,5000,15.0,750.0,5750.0,383.33,15,1,0.0,2026-04-09,,28,5750.0,0,1,Missed,Medium
C0059,Customer_0059,5000,15.0,750.0,5750.0,383.33,15,2,306.66,2026-04-16,2026-04-26,10,5443.34,1,1,Late,Medium
C0059,Customer_0059,5000,15.0,750.0,5750.0,383.33,15,3,383.33,2026-04-23,2026-04-23,0,5060.01,1,1,On Time,Medium
C0059,Customer_0059,5000,15.0,750.0,5750.0,383.33,15,4,0.0,2026-04-30,,29,5060.01,1,2,Missed,High
C0059,Customer_0059,5000,15.0,750.0,5750.0,383.33,15,5,306.66,2026-05-07,2026-05-09,2,4753.35,2,2,Late,High
C0059,Customer_0059,5000,15.0,750.0,5750.0,383.33,15,6,383.33,2026-05-14,2026-05-14,0,4370.02,2,2,On Time,High
C0059,Customer_0059,5000,15.0,750.0,5750.0,383.33,15,7,383.33,2026-05-21,2026-05-21,0,3986.69,2,2,On Time,High
C0059,Customer_0059,5000,15.0,750.0,5750.0,383.33,15,8,383.33,2026-05-28,2026-05-28,0,3603.36,2,2,On Time,High
C0059,Customer_0059,5000,15.0,750.0,5750.0,383.33,15,9,383.33,2026-06-04,2026-06-04,0,3220.03,2,2,On Time,High
C0059,Customer_0059,5000,15.0,750.0,5750.0,383.33,15,10,383.33,2026-06-11,2026-06-11,0,2836.7,2,2,On Time,High
C0060,Customer_0060,20000,20.0,4000.0,24000.0,2000.0,12,1,2000.0,2026-01-04,2026-01-04,0,22000.0,0,0,On Time,Low
C0060,Customer_0060,20000,20.0,4000.0,24000.0,2000.0,12,2,0.0,2026-01-11,,8,22000.0,0,1,Missed,Medium
C0060,Customer_0060,20000,20.0,4000.0,24000.0,2000.0,12,3,2000.0,2026-01-18,2026-01-18,0,20000.0,0,1,On Time,Medium
C0060,Customer_0060,20000,20.0,4000.0,24000.0,2000.0,12,4,2000.0,2026-01-25,2026-01-25,0,18000.0,0,1,On Time,Medium
C0060,Customer_0060,20000,20.0,4000.0,24000.0,2000.0,12,5,0.0,2026-02-01,,27,18000.0,0,2,Missed,High
C0060,Customer_0060,20000,20.0,4000.0,24000.0,2000.0,12,6,1600.0,2026-02-08,2026-02-14,6,16400.0,1,2,Late,High
C0060,Customer_0060,20000,20.0,4000.0,24000.0,2000.0,12,7,2000.0,2026-02-15,2026-02-15,0,14400.0,1,2,On Time,High
C0060,Customer_0060,20000,20.0,4000.0,24000.0,2000.0,12,8,2000.0,2026-02-22,2026-02-22,0,12400.0,1,2,On Time,High
C0060,Customer_0060,20000,20.0,4000.0,24000.0,2000.0,12,9,2000.0,2026-03-01,2026-03-01,0,10400.0,1,2,On Time,High
C0060,Customer_0060,20000,20.0,4000.0,24000.0,2000.0,12,10,1600.0,2026-03-08,2026-03-18,10,8800.0,2,2,Late,High
C0061,Customer_0061,20000,15.0,3000.0,23000.0,1916.67,12,1,1916.67,2026-02-26,2026-02-26,0,21083.33,0,0,On Time,Low
C0061,Customer_0061,20000,15.0,3000.0,23000.0,1916.67,12,2,1916.67,2026-03-05,2026-03-17,12,19166.66,1,0,Late,Medium
C0061,Customer_0061,20000,15.0,3000.0,23000.0,1916.67,12,3,1916.67,2026-03-12,2026-03-12,0,17249.99,1,0,On Time,Medium
C0061,Customer_0061,20000,15.0,3000.0,23000.0,1916.67,12,4,1916.67,2026-03-19,2026-03-19,0,15333.32,1,0,On Time,Medium
C0061,Customer_0061,20000,15.0,3000.0,23000.0,1916.67,12,5,1916.67,2026-03-26,2026-03-26,0,13416.65,1,0,On Time,Medium
C0061,Customer_0061,20000,15.0,3000.0,23000.0,1916.67,12,6,1533.34,2026-04-02,2026-04-14,12,11883.31,2,0,Late,Medium
C0061,Customer_0061,20000,15.0,3000.0,23000.0,1916.67,12,7,1916.67,2026-04-09,2026-04-11,2,9966.64,3,0,Late,High
C0061,Customer_0061,20000,15.0,3000.0,23000.0,1916.67,12,8,1916.67,2026-04-16,2026-04-16,0,8049.97,3,0,On Time,High
C0061,Customer_0061,20000,15.0,3000.0,23000.0,1916.67,12,9,1916.67,2026-04-23,2026-04-28,5,6133.3,4,0,Late,High
C0061,Customer_0061,20000,15.0,3000.0,23000.0,1916.67,12,10,1916.67,2026-04-30,2026-04-30,0,4216.63,4,0,On Time,High
C0062,Customer_0062,5000,15.0,750.0,5750.0,287.5,20,1,287.5,2026-01-11,2026-01-11,0,5462.5,0,0,On Time,Low
C0062,Customer_0062,5000,15.0,750.0,5750.0,287.5,20,2,287.5,2026-01-18,2026-01-18,0,5175.0,0,0,On Time,Low
C0062,Customer_0062,5000,15.0,750.0,5750.0,287.5,20,3,287.5,2026-01-25,2026-02-02,8,4887.5,1,0,Late,Medium
C0062,Customer_0062,5000,15.0,750.0,5750.0,287.5,20,4,287.5,2026-02-01,2026-02-01,0,4600.0,1,0,On Time,Medium
C0062,Customer_0062,5000,15.0,750.0,5750.0,287.5,20,5,287.5,2026-02-08,2026-02-08,0,4312.5,1,0,On Time,Medium
C0062,Customer_0062,5000,15.0,750.0,5750.0,287.5,20,6,287.5,2026-02-15,2026-02-21,6,4025.0,2,0,Late,Medium
C0062,Customer_0062,5000,15.0,750.0,5750.0,287.5,20,7,230.0,2026-02-22,2026-03-04,10,3795.0,3,0,Late,High
C0062,Customer_0062,5000,15.0,750.0,5750.0,287.5,20,8,287.5,2026-03-01,2026-03-01,0,3507.5,3,0,On Time,High
C0062,Customer_0062,5000,15.0,750.0,5750.0,287.5,20,9,287.5,2026-03-08,2026-03-08,0,3220.0,3,0,On Time,High
C0062,Customer_0062,5000,15.0,750.0,5750.0,287.5,20,10,287.5,2026-03-15,2026-03-15,0,2932.5,3,0,On Time,High
C0063,Customer_0063,7000,15.0,1050.0,8050.0,670.83,12,1,670.83,2026-04-19,2026-04-19,0,7379.17,0,0,On Time,Low
C0063,Customer_0063,7000,15.0,1050.0,8050.0,670.83,12,2,670.83,2026-04-26,2026-04-26,0,6708.34,0,0,On Time,Low
C0063,Customer_0063,7000,15.0,1050.0,8050.0,670.83,12,3,670.83,2026-05-03,2026-05-03,0,6037.51,0,0,On Time,Low
C0063,Customer_0063,7000,15.0,1050.0,8050.0,670.83,12,4,670.83,2026-05-10,2026-05-10,0,5366.68,0,0,On Time,Low
C0063,Customer_0063,7000,15.0,1050.0,8050.0,670.83,12,5,670.83,2026-05-17,2026-05-17,0,4695.85,0,0,On Time,Low
C0063,Customer_0063,7000,15.0,1050.0,8050.0,670.83,12,6,670.83,2026-05-24,2026-05-24,0,4025.02,0,0,On Time,Low
C0063,Customer_0063,7000,15.0,1050.0,8050.0,670.83,12,7,805.0,2026-05-31,2026-06-10,10,3220.02,1,0,Late,Medium
C0063,Customer_0063,7000,15.0,1050.0,8050.0,670.83,12,8,670.83,2026-06-07,2026-06-07,0,2549.19,1,0,On Time,Medium
C0063,Customer_0063,7000,15.0,1050.0,8050.0,670.83,12,9,670.83,2026-06-14,2026-06-14,0,1878.36,1,0,On Time,Medium
C0063,Customer_0063,7000,15.0,1050.0,8050.0,670.83,12,10,670.83,2026-06-21,2026-06-21,0,1207.53,1,0,On Time,Medium
C0064,Customer_0064,10000,30.0,3000.0,13000.0,1083.33,12,1,1083.33,2026-04-12,2026-04-12,0,11916.67,0,0,On Time,Low
C0064,Customer_0064,10000,30.0,3000.0,13000.0,1083.33,12,2,1083.33,2026-04-19,2026-04-19,0,10833.34,0,0,On Time,Low
C0064,Customer_0064,10000,30.0,3000.0,13000.0,1083.33,12,3,1083.33,2026-04-26,2026-04-26,0,9750.01,0,0,On Time,Low
C0064,Customer_0064,10000,30.0,3000.0,13000.0,1083.33,12,4,0.0,2026-05-03,,23,9750.01,0,1,Missed,Medium
C0064,Customer_0064,10000,30.0,3000.0,13000.0,1083.33,12,5,0.0,2026-05-10,,29,9750.01,0,2,Missed,High
C0064,Customer_0064,10000,30.0,3000.0,13000.0,1083.33,12,6,1083.33,2026-05-17,2026-05-17,0,8666.68,0,2,On Time,High
C0064,Customer_0064,10000,30.0,3000.0,13000.0,1083.33,12,7,1083.33,2026-05-24,2026-05-24,0,7583.35,0,2,On Time,High
C0064,Customer_0064,10000,30.0,3000.0,13000.0,1083.33,12,8,0.0,2026-05-31,,25,7583.35,0,3,Missed,High
C0064,Customer_0064,10000,30.0,3000.0,13000.0,1083.33,12,9,866.66,2026-06-07,2026-06-08,1,6716.69,1,3,Late,High
C0064,Customer_0064,10000,30.0,3000.0,13000.0,1083.33,12,10,1083.33,2026-06-14,2026-06-20,6,5633.36,2,3,Late,High
C0065,Customer_0065,3000,20.0,600.0,3600.0,450.0,8,1,450.0,2026-01-12,2026-01-12,0,3150.0,0,0,On Time,Low
C0065,Customer_0065,3000,20.0,600.0,3600.0,450.0,8,2,0.0,2026-01-19,,19,3150.0,0,1,Missed,Medium
C0065,Customer_0065,3000,20.0,600.0,3600.0,450.0,8,3,540.0,2026-01-26,2026-02-05,10,2610.0,1,1,Late,Medium
C0065,Customer_0065,3000,20.0,600.0,3600.0,450.0,8,4,450.0,2026-02-02,2026-02-02,0,2160.0,1,1,On Time,Medium
C0065,Customer_0065,3000,20.0,600.0,3600.0,450.0,8,5,0.0,2026-02-09,,27,2160.0,1,2,Missed,High
C0065,Customer_0065,3000,20.0,600.0,3600.0,450.0,8,6,450.0,2026-02-16,2026-02-16,0,1710.0,1,2,On Time,High
C0065,Customer_0065,3000,20.0,600.0,3600.0,450.0,8,7,450.0,2026-02-23,2026-02-23,0,1260.0,1,2,On Time,High
C0065,Customer_0065,3000,20.0,600.0,3600.0,450.0,8,8,450.0,2026-03-02,2026-03-02,0,810.0,1,2,On Time,High
C0065,Customer_0065,3000,20.0,600.0,3600.0,450.0,8,9,450.0,2026-03-09,2026-03-17,8,360.0,2,2,Late,High
C0065,Customer_0065,3000,20.0,600.0,3600.0,450.0,8,10,0.0,2026-03-16,,29,360.0,2,3,Missed,High
C0066,Customer_0066,15000,20.0,3000.0,18000.0,1200.0,15,1,1200.0,2026-06-16,2026-06-16,0,16800.0,0,0,On Time,Low
C0066,Customer_0066,15000,20.0,3000.0,18000.0,1200.0,15,2,1200.0,2026-06-23,2026-06-23,0,15600.0,0,0,On Time,Low
C0066,Customer_0066,15000,20.0,3000.0,18000.0,1200.0,15,3,1200.0,2026-06-30,2026-06-30,0,14400.0,0,0,On Time,Low
C0066,Customer_0066,15000,20.0,3000.0,18000.0,1200.0,15,4,1440.0,2026-07-07,2026-07-10,3,12960.0,1,0,Late,Medium
C0066,Customer_0066,15000,20.0,3000.0,18000.0,1200.0,15,5,1200.0,2026-07-14,2026-07-14,0,11760.0,1,0,On Time,Medium
C0066,Customer_0066,15000,20.0,3000.0,18000.0,1200.0,15,6,1200.0,2026-07-21,2026-07-21,0,10560.0,1,0,On Time,Medium
C0066,Customer_0066,15000,20.0,3000.0,18000.0,1200.0,15,7,1200.0,2026-07-28,2026-08-05,8,9360.0,2,0,Late,Medium
C0066,Customer_0066,15000,20.0,3000.0,18000.0,1200.0,15,8,1200.0,2026-08-04,2026-08-04,0,8160.0,2,0,On Time,Medium
C0066,Customer_0066,15000,20.0,3000.0,18000.0,1200.0,15,9,1200.0,2026-08-11,2026-08-11,0,6960.0,2,0,On Time,Medium
C0066,Customer_0066,15000,20.0,3000.0,18000.0,1200.0,15,10,1200.0,2026-08-18,2026-08-18,0,5760.0,2,0,On Time,Medium
C0067,Customer_0067,3000,30.0,900.0,3900.0,195.0,20,1,156.0,2026-06-02,2026-06-15,13,3744.0,1,0,Late,Medium
C0067,Customer_0067,3000,30.0,900.0,3900.0,195.0,20,2,195.0,2026-06-09,2026-06-09,0,3549.0,1,0,On Time,Medium
C0067,Customer_0067,3000,30.0,900.0,3900.0,195.0,20,3,195.0,2026-06-16,2026-06-16,0,3354.0,1,0,On Time,Medium
C0067,Customer_0067,3000,30.0,900.0,3900.0,195.0,20,4,195.0,2026-06-23,2026-06-23,0,3159.0,1,0,On Time,Medium
C0067,Customer_0067,3000,30.0,900.0,3900.0,195.0,20,5,195.0,2026-06-30,2026-07-11,11,2964.0,2,0,Late,Medium
C0067,Customer_0067,3000,30.0,900.0,3900.0,195.0,20,6,156.0,2026-07-07,2026-07-09,2,2808.0,3,0,Late,High
C0067,Customer_0067,3000,30.0,900.0,3900.0,195.0,20,7,0.0,2026-07-14,,9,2808.0,3,1,Missed,High
C0067,Customer_0067,3000,30.0,900.0,3900.0,195.0,20,8,195.0,2026-07-21,2026-07-21,0,2613.0,3,1,On Time,High
C0067,Customer_0067,3000,30.0,900.0,3900.0,195.0,20,9,195.0,2026-07-28,2026-07-28,0,2418.0,3,1,On Time,High
C0067,Customer_0067,3000,30.0,900.0,3900.0,195.0,20,10,195.0,2026-08-04,2026-08-04,0,2223.0,3,1,On Time,High
C0068,Customer_0068,3000,15.0,450.0,3450.0,172.5,20,1,172.5,2026-01-16,2026-01-25,9,3277.5,1,0,Late,Medium
C0068,Customer_0068,3000,15.0,450.0,3450.0,172.5,20,2,138.0,2026-01-23,2026-01-30,7,3139.5,2,0,Late,Medium
C0068,Customer_0068,3000,15.0,450.0,3450.0,172.5,20,3,172.5,2026-01-30,2026-01-30,0,2967.0,2,0,On Time,Medium
C0068,Customer_0068,3000,15.0,450.0,3450.0,172.5,20,4,138.0,2026-02-06,2026-02-09,3,2829.0,3,0,Late,High
C0068,Customer_0068,3000,15.0,450.0,3450.0,172.5,20,5,172.5,2026-02-13,2026-02-13,0,2656.5,3,0,On Time,High
C0068,Customer_0068,3000,15.0,450.0,3450.0,172.5,20,6,172.5,2026-02-20,2026-02-20,0,2484.0,3,0,On Time,High
C0068,Customer_0068,3000,15.0,450.0,3450.0,172.5,20,7,172.5,2026-02-27,2026-03-13,14,2311.5,4,0,Late,High
C0068,Customer_0068,3000,15.0,450.0,3450.0,172.5,20,8,172.5,2026-03-06,2026-03-06,0,2139.0,4,0,On Time,High
C0068,Customer_0068,3000,15.0,450.0,3450.0,172.5,20,9,172.5,2026-03-13,2026-03-13,0,1966.5,4,0,On Time,High
C0068,Customer_0068,3000,15.0,450.0,3450.0,172.5,20,10,0.0,2026-03-20,,21,1966.5,4,1,Missed,High
C0069,Customer_0069,3000,25.0,750.0,3750.0,468.75,8,1,562.5,2026-05-01,2026-05-12,11,3187.5,1,0,Late,Medium
C0069,Customer_0069,3000,25.0,750.0,3750.0,468.75,8,2,0.0,2026-05-08,,11,3187.5,1,1,Missed,Medium
C0069,Customer_0069,3000,25.0,750.0,3750.0,468.75,8,3,468.75,2026-05-15,2026-05-15,0,2718.75,1,1,On Time,Medium
C0069,Customer_0069,3000,25.0,750.0,3750.0,468.75,8,4,468.75,2026-05-22,2026-05-22,0,2250.0,1,1,On Time,Medium
C0069,Customer_0069,3000,25.0,750.0,3750.0,468.75,8,5,468.75,2026-05-29,2026-06-06,8,1781.25,2,1,Late,Medium
C0069,Customer_0069,3000,25.0,750.0,3750.0,468.75,8,6,468.75,2026-06-05,2026-06-05,0,1312.5,2,1,On Time,Medium
C0069,Customer_0069,3000,25.0,750.0,3750.0,468.75,8,7,468.75,2026-06-12,2026-06-12,0,843.75,2,1,On Time,Medium
C0069,Customer_0069,3000,25.0,750.0,3750.0,468.75,8,8,468.75,2026-06-19,2026-06-19,0,375.0,2,1,On Time,Medium
C0069,Customer_0069,3000,25.0,750.0,3750.0,468.75,8,9,0.0,2026-06-26,,14,375.0,2,2,Missed,High
C0069,Customer_0069,3000,25.0,750.0,3750.0,468.75,8,10,0.0,2026-07-03,,28,375.0,2,3,Missed,High
C0070,Customer_0070,15000,25.0,3750.0,18750.0,937.5,20,1,937.5,2026-04-20,2026-04-20,0,17812.5,0,0,On Time,Low
C0070,Customer_0070,15000,25.0,3750.0,18750.0,937.5,20,2,937.5,2026-04-27,2026-04-27,0,16875.0,0,0,On Time,Low
C0070,Customer_0070,15000,25.0,3750.0,18750.0,937.5,20,3,937.5,2026-05-04,2026-05-04,0,15937.5,0,0,On Time,Low
C0070,Customer_0070,15000,25.0,3750.0,18750.0,937.5,20,4,937.5,2026-05-11,2026-05-11,0,15000.0,0,0,On Time,Low
C0070,Customer_0070,15000,25.0,3750.0,18750.0,937.5,20,5,937.5,2026-05-18,2026-05-23,5,14062.5,1,0,Late,Medium
C0070,Customer_0070,15000,25.0,3750.0,18750.0,937.5,20,6,937.5,2026-05-25,2026-05-25,0,13125.0,1,0,On Time,Medium
C0070,Customer_0070,15000,25.0,3750.0,18750.0,937.5,20,7,0.0,2026-06-01,,23,13125.0,1,1,Missed,Medium
C0070,Customer_0070,15000,25.0,3750.0,18750.0,937.5,20,8,937.5,2026-06-08,2026-06-08,0,12187.5,1,1,On Time,Medium
C0070,Customer_0070,15000,25.0,3750.0,18750.0,937.5,20,9,937.5,2026-06-15,2026-06-15,0,11250.0,1,1,On Time,Medium
C0070,Customer_0070,15000,25.0,3750.0,18750.0,937.5,20,10,937.5,2026-06-22,2026-06-22,0,10312.5,1,1,On Time,Medium
C0071,Customer_0071,7000,20.0,1400.0,8400.0,700.0,12,1,700.0,2026-06-27,2026-06-27,0,7700.0,0,0,On Time,Low
C0071,Customer_0071,7000,20.0,1400.0,8400.0,700.0,12,2,0.0,2026-07-04,,9,7700.0,0,1,Missed,Medium
C0071,Customer_0071,7000,20.0,1400.0,8400.0,700.0,12,3,700.0,2026-07-11,2026-07-24,13,7000.0,1,1,Late,Medium
C0071,Customer_0071,7000,20.0,1400.0,8400.0,700.0,12,4,700.0,2026-07-18,2026-07-18,0,6300.0,1,1,On Time,Medium
C0071,Customer_0071,7000,20.0,1400.0,8400.0,700.0,12,5,700.0,2026-07-25,2026-07-25,0,5600.0,1,1,On Time,Medium
C0071,Customer_0071,7000,20.0,1400.0,8400.0,700.0,12,6,700.0,2026-08-01,2026-08-01,0,4900.0,1,1,On Time,Medium
C0071,Customer_0071,7000,20.0,1400.0,8400.0,700.0,12,7,700.0,2026-08-08,2026-08-08,0,4200.0,1,1,On Time,Medium
C0071,Customer_0071,7000,20.0,1400.0,8400.0,700.0,12,8,700.0,2026-08-15,2026-08-15,0,3500.0,1,1,On Time,Medium
C0071,Customer_0071,7000,20.0,1400.0,8400.0,700.0,12,9,700.0,2026-08-22,2026-09-02,11,2800.0,2,1,Late,Medium
C0071,Customer_0071,7000,20.0,1400.0,8400.0,700.0,12,10,700.0,2026-08-29,2026-08-29,0,2100.0,2,1,On Time,Medium
C0072,Customer_0072,3000,25.0,750.0,3750.0,468.75,8,1,468.75,2026-03-17,2026-03-17,0,3281.25,0,0,On Time,Low
C0072,Customer_0072,3000,25.0,750.0,3750.0,468.75,8,2,468.75,2026-03-24,2026-03-24,0,2812.5,0,0,On Time,Low
C0072,Customer_0072,3000,25.0,750.0,3750.0,468.75,8,3,0.0,2026-03-31,,17,2812.5,0,1,Missed,Medium
C0072,Customer_0072,3000,25.0,750.0,3750.0,468.75,8,4,468.75,2026-04-07,2026-04-07,0,2343.75,0,1,On Time,Medium
C0072,Customer_0072,3000,25.0,750.0,3750.0,468.75,8,5,468.75,2026-04-14,2026-04-14,0,1875.0,0,1,On Time,Medium
C0072,Customer_0072,3000,25.0,750.0,3750.0,468.75,8,6,468.75,2026-04-21,2026-04-21,0,1406.25,0,1,On Time,Medium
C0072,Customer_0072,3000,25.0,750.0,3750.0,468.75,8,7,468.75,2026-04-28,2026-04-28,0,937.5,0,1,On Time,Medium
C0072,Customer_0072,3000,25.0,750.0,3750.0,468.75,8,8,468.75,2026-05-05,2026-05-07,2,468.75,1,1,Late,Medium
C0072,Customer_0072,3000,25.0,750.0,3750.0,468.75,8,9,468.75,2026-05-12,2026-05-12,0,0.0,1,1,On Time,Medium
C0072,Customer_0072,3000,25.0,750.0,3750.0,468.75,8,10,468.75,2026-05-19,2026-05-19,0,0.0,1,1,On Time,Medium
C0073,Customer_0073,15000,30.0,4500.0,19500.0,975.0,20,1,975.0,2026-03-22,2026-03-22,0,18525.0,0,0,On Time,Low
C0073,Customer_0073,15000,30.0,4500.0,19500.0,975.0,20,2,975.0,2026-03-29,2026-04-11,13,17550.0,1,0,Late,Medium
C0073,Customer_0073,15000,30.0,4500.0,19500.0,975.0,20,3,0.0,2026-04-05,,9,17550.0,1,1,Missed,Medium
C0073,Customer_0073,15000,30.0,4500.0,19500.0,975.0,20,4,975.0,2026-04-12,2026-04-12,0,16575.0,1,1,On Time,Medium
C0073,Customer_0073,15000,30.0,4500.0,19500.0,975.0,20,5,975.0,2026-04-19,2026-05-02,13,15600.0,2,1,Late,Medium
C0073,Customer_0073,15000,30.0,4500.0,19500.0,975.0,20,6,975.0,2026-04-26,2026-04-26,0,14625.0,2,1,On Time,Medium
C0073,Customer_0073,15000,30.0,4500.0,19500.0,975.0,20,7,975.0,2026-05-03,2026-05-11,8,13650.0,3,1,Late,High
C0073,Customer_0073,15000,30.0,4500.0,19500.0,975.0,20,8,975.0,2026-05-10,2026-05-10,0,12675.0,3,1,On Time,High
C0073,Customer_0073,15000,30.0,4500.0,19500.0,975.0,20,9,975.0,2026-05-17,2026-05-17,0,11700.0,3,1,On Time,High
C0073,Customer_0073,15000,30.0,4500.0,19500.0,975.0,20,10,975.0,2026-05-24,2026-05-24,0,10725.0,3,1,On Time,High
C0074,Customer_0074,15000,25.0,3750.0,18750.0,937.5,20,1,0.0,2026-03-30,,10,18750.0,0,1,Missed,Medium
C0074,Customer_0074,15000,25.0,3750.0,18750.0,937.5,20,2,937.5,2026-04-06,2026-04-06,0,17812.5,0,1,On Time,Medium
C0074,Customer_0074,15000,25.0,3750.0,18750.0,937.5,20,3,937.5,2026-04-13,2026-04-18,5,16875.0,1,1,Late,Medium
C0074,Customer_0074,15000,25.0,3750.0,18750.0,937.5,20,4,937.5,2026-04-20,2026-04-29,9,15937.5,2,1,Late,Medium
C0074,Customer_0074,15000,25.0,3750.0,18750.0,937.5,20,5,937.5,2026-04-27,2026-04-27,0,15000.0,2,1,On Time,Medium
C0074,Customer_0074,15000,25.0,3750.0,18750.0,937.5,20,6,937.5,2026-05-04,2026-05-15,11,14062.5,3,1,Late,High
C0074,Customer_0074,15000,25.0,3750.0,18750.0,937.5,20,7,937.5,2026-05-11,2026-05-11,0,13125.0,3,1,On Time,High
C0074,Customer_0074,15000,25.0,3750.0,18750.0,937.5,20,8,0.0,2026-05-18,,24,13125.0,3,2,Missed,High
C0074,Customer_0074,15000,25.0,3750.0,18750.0,937.5,20,9,937.5,2026-05-25,2026-06-07,13,12187.5,4,2,Late,High
C0074,Customer_0074,15000,25.0,3750.0,18750.0,937.5,20,10,937.5,2026-06-01,2026-06-01,0,11250.0,4,2,On Time,High
C0075,Customer_0075,5000,30.0,1500.0,6500.0,325.0,20,1,325.0,2026-02-15,2026-02-15,0,6175.0,0,0,On Time,Low
C0075,Customer_0075,5000,30.0,1500.0,6500.0,325.0,20,2,325.0,2026-02-22,2026-02-22,0,5850.0,0,0,On Time,Low
C0075,Customer_0075,5000,30.0,1500.0,6500.0,325.0,20,3,325.0,2026-03-01,2026-03-01,0,5525.0,0,0,On Time,Low
C0075,Customer_0075,5000,30.0,1500.0,6500.0,325.0,20,4,325.0,2026-03-08,2026-03-08,0,5200.0,0,0,On Time,Low
C0075,Customer_0075,5000,30.0,1500.0,6500.0,325.0,20,5,325.0,2026-03-15,2026-03-15,0,4875.0,0,0,On Time,Low
C0075,Customer_0075,5000,30.0,1500.0,6500.0,325.0,20,6,390.0,2026-03-22,2026-03-28,6,4485.0,1,0,Late,Medium
C0075,Customer_0075,5000,30.0,1500.0,6500.0,325.0,20,7,325.0,2026-03-29,2026-03-29,0,4160.0,1,0,On Time,Medium
C0075,Customer_0075,5000,30.0,1500.0,6500.0,325.0,20,8,325.0,2026-04-05,2026-04-05,0,3835.0,1,0,On Time,Medium
C0075,Customer_0075,5000,30.0,1500.0,6500.0,325.0,20,9,325.0,2026-04-12,2026-04-12,0,3510.0,1,0,On Time,Medium
C0075,Customer_0075,5000,30.0,1500.0,6500.0,325.0,20,10,390.0,2026-04-19,2026-05-01,12,3120.0,2,0,Late,Medium
C0076,Customer_0076,20000,15.0,3000.0,23000.0,1150.0,20,1,0.0,2026-01-22,,10,23000.0,0,1,Missed,Medium
C0076,Customer_0076,20000,15.0,3000.0,23000.0,1150.0,20,2,1150.0,2026-01-29,2026-01-29,0,21850.0,0,1,On Time,Medium
C0076,Customer_0076,20000,15.0,3000.0,23000.0,1150.0,20,3,1150.0,2026-02-05,2026-02-05,0,20700.0,0,1,On Time,Medium
C0076,Customer_0076,20000,15.0,3000.0,23000.0,1150.0,20,4,1150.0,2026-02-12,2026-02-13,1,19550.0,1,1,Late,Medium
C0076,Customer_0076,20000,15.0,3000.0,23000.0,1150.0,20,5,1150.0,2026-02-19,2026-02-19,0,18400.0,1,1,On Time,Medium
C0076,Customer_0076,20000,15.0,3000.0,23000.0,1150.0,20,6,1150.0,2026-02-26,2026-02-26,0,17250.0,1,1,On Time,Medium
C0076,Customer_0076,20000,15.0,3000.0,23000.0,1150.0,20,7,1150.0,2026-03-05,2026-03-05,0,16100.0,1,1,On Time,Medium
C0076,Customer_0076,20000,15.0,3000.0,23000.0,1150.0,20,8,1150.0,2026-03-12,2026-03-12,0,14950.0,1,1,On Time,Medium
C0076,Customer_0076,20000,15.0,3000.0,23000.0,1150.0,20,9,1380.0,2026-03-19,2026-04-01,13,13570.0,2,1,Late,Medium
C0076,Customer_0076,20000,15.0,3000.0,23000.0,1150.0,20,10,1150.0,2026-03-26,2026-03-26,0,12420.0,2,1,On Time,Medium
C0077,Customer_0077,7000,25.0,1750.0,8750.0,583.33,15,1,583.33,2026-05-05,2026-05-05,0,8166.67,0,0,On Time,Low
C0077,Customer_0077,7000,25.0,1750.0,8750.0,583.33,15,2,583.33,2026-05-12,2026-05-12,0,7583.34,0,0,On Time,Low
C0077,Customer_0077,7000,25.0,1750.0,8750.0,583.33,15,3,583.33,2026-05-19,2026-05-22,3,7000.01,1,0,Late,Medium
C0077,Customer_0077,7000,25.0,1750.0,8750.0,583.33,15,4,583.33,2026-05-26,2026-05-26,0,6416.68,1,0,On Time,Medium
C0077,Customer_0077,7000,25.0,1750.0,8750.0,583.33,15,5,583.33,2026-06-02,2026-06-02,0,5833.35,1,0,On Time,Medium
C0077,Customer_0077,7000,25.0,1750.0,8750.0,583.33,15,6,583.33,2026-06-09,2026-06-09,0,5250.02,1,0,On Time,Medium
C0077,Customer_0077,7000,25.0,1750.0,8750.0,583.33,15,7,583.33,2026-06-16,2026-06-16,0,4666.69,1,0,On Time,Medium
C0077,Customer_0077,7000,25.0,1750.0,8750.0,583.33,15,8,0.0,2026-06-23,,9,4666.69,1,1,Missed,Medium
C0077,Customer_0077,7000,25.0,1750.0,8750.0,583.33,15,9,583.33,2026-06-30,2026-06-30,0,4083.36,1,1,On Time,Medium
C0077,Customer_0077,7000,25.0,1750.0,8750.0,583.33,15,10,583.33,2026-07-07,2026-07-07,0,3500.03,1,1,On Time,Medium
C0078,Customer_0078,15000,15.0,2250.0,17250.0,1437.5,12,1,1437.5,2026-04-26,2026-05-10,14,15812.5,1,0,Late,Medium
C0078,Customer_0078,15000,15.0,2250.0,17250.0,1437.5,12,2,1437.5,2026-05-03,2026-05-03,0,14375.0,1,0,On Time,Medium
C0078,Customer_0078,15000,15.0,2250.0,17250.0,1437.5,12,3,1437.5,2026-05-10,2026-05-10,0,12937.5,1,0,On Time,Medium
C0078,Customer_0078,15000,15.0,2250.0,17250.0,1437.5,12,4,1437.5,2026-05-17,2026-05-29,12,11500.0,2,0,Late,Medium
C0078,Customer_0078,15000,15.0,2250.0,17250.0,1437.5,12,5,1437.5,2026-05-24,2026-05-24,0,10062.5,2,0,On Time,Medium
C0078,Customer_0078,15000,15.0,2250.0,17250.0,1437.5,12,6,1437.5,2026-05-31,2026-06-05,5,8625.0,3,0,Late,High
C0078,Customer_0078,15000,15.0,2250.0,17250.0,1437.5,12,7,1437.5,2026-06-07,2026-06-07,0,7187.5,3,0,On Time,High
C0078,Customer_0078,15000,15.0,2250.0,17250.0,1437.5,12,8,1437.5,2026-06-14,2026-06-14,0,5750.0,3,0,On Time,High
C0078,Customer_0078,15000,15.0,2250.0,17250.0,1437.5,12,9,1437.5,2026-06-21,2026-06-21,0,4312.5,3,0,On Time,High
C0078,Customer_0078,15000,15.0,2250.0,17250.0,1437.5,12,10,0.0,2026-06-28,,7,4312.5,3,1,Missed,High
C0079,Customer_0079,5000,30.0,1500.0,6500.0,650.0,10,1,650.0,2026-06-12,2026-06-12,0,5850.0,0,0,On Time,Low
C0079,Customer_0079,5000,30.0,1500.0,6500.0,650.0,10,2,780.0,2026-06-19,2026-06-21,2,5070.0,1,0,Late,Medium
C0079,Customer_0079,5000,30.0,1500.0,6500.0,650.0,10,3,780.0,2026-06-26,2026-07-07,11,4290.0,2,0,Late,Medium
C0079,Customer_0079,5000,30.0,1500.0,6500.0,650.0,10,4,0.0,2026-07-03,,20,4290.0,2,1,Missed,Medium
C0079,Customer_0079,5000,30.0,1500.0,6500.0,650.0,10,5,650.0,2026-07-10,2026-07-10,0,3640.0,2,1,On Time,Medium
C0079,Customer_0079,5000,30.0,1500.0,6500.0,650.0,10,6,650.0,2026-07-17,2026-07-17,0,2990.0,2,1,On Time,Medium
C0079,Customer_0079,5000,30.0,1500.0,6500.0,650.0,10,7,650.0,2026-07-24,2026-07-24,0,2340.0,2,1,On Time,Medium
C0079,Customer_0079,5000,30.0,1500.0,6500.0,650.0,10,8,650.0,2026-07-31,2026-07-31,0,1690.0,2,1,On Time,Medium
C0079,Customer_0079,5000,30.0,1500.0,6500.0,650.0,10,9,650.0,2026-08-07,2026-08-07,0,1040.0,2,1,On Time,Medium
C0079,Customer_0079,5000,30.0,1500.0,6500.0,650.0,10,10,650.0,2026-08-14,2026-08-14,0,390.0,2,1,On Time,Medium
C0080,Customer_0080,15000,30.0,4500.0,19500.0,1300.0,15,1,0.0,2026-01-24,,9,19500.0,0,1,Missed,Medium
C0080,Customer_0080,15000,30.0,4500.0,19500.0,1300.0,15,2,1300.0,2026-01-31,2026-01-31,0,18200.0,0,1,On Time,Medium
C0080,Customer_0080,15000,30.0,4500.0,19500.0,1300.0,15,3,1300.0,2026-02-07,2026-02-07,0,16900.0,0,1,On Time,Medium
C0080,Customer_0080,15000,30.0,4500.0,19500.0,1300.0,15,4,1300.0,2026-02-14,2026-02-14,0,15600.0,0,1,On Time,Medium
C0080,Customer_0080,15000,30.0,4500.0,19500.0,1300.0,15,5,1300.0,2026-02-21,2026-02-21,0,14300.0,0,1,On Time,Medium
C0080,Customer_0080,15000,30.0,4500.0,19500.0,1300.0,15,6,1300.0,2026-02-28,2026-02-28,0,13000.0,0,1,On Time,Medium
C0080,Customer_0080,15000,30.0,4500.0,19500.0,1300.0,15,7,1300.0,2026-03-07,2026-03-07,0,11700.0,0,1,On Time,Medium
C0080,Customer_0080,15000,30.0,4500.0,19500.0,1300.0,15,8,1300.0,2026-03-14,2026-03-14,0,10400.0,0,1,On Time,Medium
C0080,Customer_0080,15000,30.0,4500.0,19500.0,1300.0,15,9,1300.0,2026-03-21,2026-03-21,0,9100.0,0,1,On Time,Medium
C0080,Customer_0080,15000,30.0,4500.0,19500.0,1300.0,15,10,1300.0,2026-03-28,2026-03-28,0,7800.0,0,1,On Time,Medium
C0081,Customer_0081,20000,20.0,4000.0,24000.0,1200.0,20,1,1200.0,2026-04-27,2026-04-27,0,22800.0,0,0,On Time,Low
C0081,Customer_0081,20000,20.0,4000.0,24000.0,1200.0,20,2,1200.0,2026-05-04,2026-05-04,0,21600.0,0,0,On Time,Low
C0081,Customer_0081,20000,20.0,4000.0,24000.0,1200.0,20,3,0.0,2026-05-11,,23,21600.0,0,1,Missed,Medium
C0081,Customer_0081,20000,20.0,4000.0,24000.0,1200.0,20,4,1200.0,2026-05-18,2026-05-18,0,20400.0,0,1,On Time,Medium
C0081,Customer_0081,20000,20.0,4000.0,24000.0,1200.0,20,5,1200.0,2026-05-25,2026-05-25,0,19200.0,0,1,On Time,Medium
C0081,Customer_0081,20000,20.0,4000.0,24000.0,1200.0,20,6,1200.0,2026-06-01,2026-06-01,0,18000.0,0,1,On Time,Medium
C0081,Customer_0081,20000,20.0,4000.0,24000.0,1200.0,20,7,1200.0,2026-06-08,2026-06-08,0,16800.0,0,1,On Time,Medium
C0081,Customer_0081,20000,20.0,4000.0,24000.0,1200.0,20,8,1200.0,2026-06-15,2026-06-15,0,15600.0,0,1,On Time,Medium
C0081,Customer_0081,20000,20.0,4000.0,24000.0,1200.0,20,9,1200.0,2026-06-22,2026-06-22,0,14400.0,0,1,On Time,Medium
C0081,Customer_0081,20000,20.0,4000.0,24000.0,1200.0,20,10,960.0,2026-06-29,2026-07-11,12,13440.0,1,1,Late,Medium
C0082,Customer_0082,20000,15.0,3000.0,23000.0,1916.67,12,1,1916.67,2026-06-28,2026-06-28,0,21083.33,0,0,On Time,Low
C0082,Customer_0082,20000,15.0,3000.0,23000.0,1916.67,12,2,1916.67,2026-07-05,2026-07-05,0,19166.66,0,0,On Time,Low
C0082,Customer_0082,20000,15.0,3000.0,23000.0,1916.67,12,3,0.0,2026-07-12,,21,19166.66,0,1,Missed,Medium
C0082,Customer_0082,20000,15.0,3000.0,23000.0,1916.67,12,4,1916.67,2026-07-19,2026-07-19,0,17249.99,0,1,On Time,Medium
C0082,Customer_0082,20000,15.0,3000.0,23000.0,1916.67,12,5,1916.67,2026-07-26,2026-07-26,0,15333.32,0,1,On Time,Medium
C0082,Customer_0082,20000,15.0,3000.0,23000.0,1916.67,12,6,1916.67,2026-08-02,2026-08-10,8,13416.65,1,1,Late,Medium
C0082,Customer_0082,20000,15.0,3000.0,23000.0,1916.67,12,7,1916.67,2026-08-09,2026-08-09,0,11499.98,1,1,On Time,Medium
C0082,Customer_0082,20000,15.0,3000.0,23000.0,1916.67,12,8,1916.67,2026-08-16,2026-08-16,0,9583.31,1,1,On Time,Medium
C0082,Customer_0082,20000,15.0,3000.0,23000.0,1916.67,12,9,1916.67,2026-08-23,2026-08-23,0,7666.64,1,1,On Time,Medium
C0082,Customer_0082,20000,15.0,3000.0,23000.0,1916.67,12,10,1916.67,2026-08-30,2026-08-30,0,5749.97,1,1,On Time,Medium
C0083,Customer_0083,15000,20.0,3000.0,18000.0,2250.0,8,1,2250.0,2026-03-18,2026-03-18,0,15750.0,0,0,On Time,Low
C0083,Customer_0083,15000,20.0,3000.0,18000.0,2250.0,8,2,2250.0,2026-03-25,2026-03-25,0,13500.0,0,0,On Time,Low
C0083,Customer_0083,15000,20.0,3000.0,18000.0,2250.0,8,3,2250.0,2026-04-01,2026-04-01,0,11250.0,0,0,On Time,Low
C0083,Customer_0083,15000,20.0,3000.0,18000.0,2250.0,8,4,2250.0,2026-04-08,2026-04-08,0,9000.0,0,0,On Time,Low
C0083,Customer_0083,15000,20.0,3000.0,18000.0,2250.0,8,5,2250.0,2026-04-15,2026-04-17,2,6750.0,1,0,Late,Medium
C0083,Customer_0083,15000,20.0,3000.0,18000.0,2250.0,8,6,2250.0,2026-04-22,2026-04-22,0,4500.0,1,0,On Time,Medium
C0083,Customer_0083,15000,20.0,3000.0,18000.0,2250.0,8,7,2700.0,2026-04-29,2026-05-10,11,1800.0,2,0,Late,Medium
C0083,Customer_0083,15000,20.0,3000.0,18000.0,2250.0,8,8,2250.0,2026-05-06,2026-05-06,0,0.0,2,0,On Time,Medium
C0083,Customer_0083,15000,20.0,3000.0,18000.0,2250.0,8,9,1800.0,2026-05-13,2026-05-19,6,0.0,3,0,Late,High
C0083,Customer_0083,15000,20.0,3000.0,18000.0,2250.0,8,10,2250.0,2026-05-20,2026-05-20,0,0.0,3,0,On Time,High
C0084,Customer_0084,3000,20.0,600.0,3600.0,240.0,15,1,0.0,2026-01-08,,26,3600.0,0,1,Missed,Medium
C0084,Customer_0084,3000,20.0,600.0,3600.0,240.0,15,2,240.0,2026-01-15,2026-01-15,0,3360.0,0,1,On Time,Medium
C0084,Customer_0084,3000,20.0,600.0,3600.0,240.0,15,3,240.0,2026-01-22,2026-02-02,11,3120.0,1,1,Late,Medium
C0084,Customer_0084,3000,20.0,600.0,3600.0,240.0,15,4,288.0,2026-01-29,2026-02-04,6,2832.0,2,1,Late,Medium
C0084,Customer_0084,3000,20.0,600.0,3600.0,240.0,15,5,240.0,2026-02-05,2026-02-08,3,2592.0,3,1,Late,High
C0084,Customer_0084,3000,20.0,600.0,3600.0,240.0,15,6,240.0,2026-02-12,2026-02-12,0,2352.0,3,1,On Time,High
C0084,Customer_0084,3000,20.0,600.0,3600.0,240.0,15,7,240.0,2026-02-19,2026-02-19,0,2112.0,3,1,On Time,High
C0084,Customer_0084,3000,20.0,600.0,3600.0,240.0,15,8,240.0,2026-02-26,2026-02-26,0,1872.0,3,1,On Time,High
C0084,Customer_0084,3000,20.0,600.0,3600.0,240.0,15,9,288.0,2026-03-05,2026-03-12,7,1584.0,4,1,Late,High
C0084,Customer_0084,3000,20.0,600.0,3600.0,240.0,15,10,192.0,2026-03-12,2026-03-25,13,1392.0,5,1,Late,High
C0085,Customer_0085,7000,20.0,1400.0,8400.0,700.0,12,1,700.0,2026-02-24,2026-02-24,0,7700.0,0,0,On Time,Low
C0085,Customer_0085,7000,20.0,1400.0,8400.0,700.0,12,2,560.0,2026-03-03,2026-03-10,7,7140.0,1,0,Late,Medium
C0085,Customer_0085,7000,20.0,1400.0,8400.0,700.0,12,3,700.0,2026-03-10,2026-03-10,0,6440.0,1,0,On Time,Medium
C0085,Customer_0085,7000,20.0,1400.0,8400.0,700.0,12,4,700.0,2026-03-17,2026-03-17,0,5740.0,1,0,On Time,Medium
C0085,Customer_0085,7000,20.0,1400.0,8400.0,700.0,12,5,700.0,2026-03-24,2026-03-24,0,5040.0,1,0,On Time,Medium
C0085,Customer_0085,7000,20.0,1400.0,8400.0,700.0,12,6,700.0,2026-03-31,2026-03-31,0,4340.0,1,0,On Time,Medium
C0085,Customer_0085,7000,20.0,1400.0,8400.0,700.0,12,7,560.0,2026-04-07,2026-04-15,8,3780.0,2,0,Late,Medium
C0085,Customer_0085,7000,20.0,1400.0,8400.0,700.0,12,8,0.0,2026-04-14,,9,3780.0,2,1,Missed,Medium
C0085,Customer_0085,7000,20.0,1400.0,8400.0,700.0,12,9,700.0,2026-04-21,2026-04-21,0,3080.0,2,1,On Time,Medium
C0085,Customer_0085,7000,20.0,1400.0,8400.0,700.0,12,10,700.0,2026-04-28,2026-04-28,0,2380.0,2,1,On Time,Medium
C0086,Customer_0086,15000,15.0,2250.0,17250.0,2156.25,8,1,2156.25,2026-05-15,2026-05-15,0,15093.75,0,0,On Time,Low
C0086,Customer_0086,15000,15.0,2250.0,17250.0,2156.25,8,2,2156.25,2026-05-22,2026-06-01,10,12937.5,1,0,Late,Medium
C0086,Customer_0086,15000,15.0,2250.0,17250.0,2156.25,8,3,2587.5,2026-05-29,2026-06-03,5,10350.0,2,0,Late,Medium
C0086,Customer_0086,15000,15.0,2250.0,17250.0,2156.25,8,4,2156.25,2026-06-05,2026-06-05,0,8193.75,2,0,On Time,Medium
C0086,Customer_0086,15000,15.0,2250.0,17250.0,2156.25,8,5,2156.25,2026-06-12,2026-06-12,0,6037.5,2,0,On Time,Medium
C0086,Customer_0086,15000,15.0,2250.0,17250.0,2156.25,8,6,0.0,2026-06-19,,30,6037.5,2,1,Missed,Medium
C0086,Customer_0086,15000,15.0,2250.0,17250.0,2156.25,8,7,2156.25,2026-06-26,2026-06-26,0,3881.25,2,1,On Time,Medium
C0086,Customer_0086,15000,15.0,2250.0,17250.0,2156.25,8,8,2156.25,2026-07-03,2026-07-03,0,1725.0,2,1,On Time,Medium
C0086,Customer_0086,15000,15.0,2250.0,17250.0,2156.25,8,9,2156.25,2026-07-10,2026-07-10,0,0.0,2,1,On Time,Medium
C0086,Customer_0086,15000,15.0,2250.0,17250.0,2156.25,8,10,2156.25,2026-07-17,2026-07-17,0,0.0,2,1,On Time,Medium
C0087,Customer_0087,5000,30.0,1500.0,6500.0,433.33,15,1,433.33,2026-03-07,2026-03-07,0,6066.67,0,0,On Time,Low
C0087,Customer_0087,5000,30.0,1500.0,6500.0,433.33,15,2,433.33,2026-03-14,2026-03-24,10,5633.34,1,0,Late,Medium
C0087,Customer_0087,5000,30.0,1500.0,6500.0,433.33,15,3,0.0,2026-03-21,,28,5633.34,1,1,Missed,Medium
C0087,Customer_0087,5000,30.0,1500.0,6500.0,433.33,15,4,433.33,2026-03-28,2026-03-28,0,5200.01,1,1,On Time,Medium
C0087,Customer_0087,5000,30.0,1500.0,6500.0,433.33,15,5,433.33,2026-04-04,2026-04-04,0,4766.68,1,1,On Time,Medium
C0087,Customer_0087,5000,30.0,1500.0,6500.0,433.33,15,6,433.33,2026-04-11,2026-04-11,0,4333.35,1,1,On Time,Medium
C0087,Customer_0087,5000,30.0,1500.0,6500.0,433.33,15,7,346.66,2026-04-18,2026-04-21,3,3986.69,2,1,Late,Medium
C0087,Customer_0087,5000,30.0,1500.0,6500.0,433.33,15,8,520.0,2026-04-25,2026-05-09,14,3466.69,3,1,Late,High
C0087,Customer_0087,5000,30.0,1500.0,6500.0,433.33,15,9,433.33,2026-05-02,2026-05-02,0,3033.36,3,1,On Time,High
C0087,Customer_0087,5000,30.0,1500.0,6500.0,433.33,15,10,433.33,2026-05-09,2026-05-09,0,2600.03,3,1,On Time,High
C0088,Customer_0088,20000,20.0,4000.0,24000.0,1200.0,20,1,1200.0,2026-03-10,2026-03-10,0,22800.0,0,0,On Time,Low
C0088,Customer_0088,20000,20.0,4000.0,24000.0,1200.0,20,2,1200.0,2026-03-17,2026-03-17,0,21600.0,0,0,On Time,Low
C0088,Customer_0088,20000,20.0,4000.0,24000.0,1200.0,20,3,1200.0,2026-03-24,2026-03-24,0,20400.0,0,0,On Time,Low
C0088,Customer_0088,20000,20.0,4000.0,24000.0,1200.0,20,4,1200.0,2026-03-31,2026-03-31,0,19200.0,0,0,On Time,Low
C0088,Customer_0088,20000,20.0,4000.0,24000.0,1200.0,20,5,1200.0,2026-04-07,2026-04-07,0,18000.0,0,0,On Time,Low
C0088,Customer_0088,20000,20.0,4000.0,24000.0,1200.0,20,6,1200.0,2026-04-14,2026-04-14,0,16800.0,0,0,On Time,Low
C0088,Customer_0088,20000,20.0,4000.0,24000.0,1200.0,20,7,1200.0,2026-04-21,2026-04-27,6,15600.0,1,0,Late,Medium
C0088,Customer_0088,20000,20.0,4000.0,24000.0,1200.0,20,8,960.0,2026-04-28,2026-05-07,9,14640.0,2,0,Late,Medium
C0088,Customer_0088,20000,20.0,4000.0,24000.0,1200.0,20,9,1200.0,2026-05-05,2026-05-05,0,13440.0,2,0,On Time,Medium
C0088,Customer_0088,20000,20.0,4000.0,24000.0,1200.0,20,10,960.0,2026-05-12,2026-05-13,1,12480.0,3,0,Late,High
C0089,Customer_0089,10000,30.0,3000.0,13000.0,866.67,15,1,866.67,2026-02-14,2026-02-14,0,12133.33,0,0,On Time,Low
C0089,Customer_0089,10000,30.0,3000.0,13000.0,866.67,15,2,866.67,2026-02-21,2026-02-21,0,11266.66,0,0,On Time,Low
C0089,Customer_0089,10000,30.0,3000.0,13000.0,866.67,15,3,866.67,2026-02-28,2026-03-14,14,10399.99,1,0,Late,Medium
C0089,Customer_0089,10000,30.0,3000.0,13000.0,866.67,15,4,866.67,2026-03-07,2026-03-07,0,9533.32,1,0,On Time,Medium
C0089,Customer_0089,10000,30.0,3000.0,13000.0,866.67,15,5,866.67,2026-03-14,2026-03-14,0,8666.65,1,0,On Time,Medium
C0089,Customer_0089,10000,30.0,3000.0,13000.0,866.67,15,6,693.34,2026-03-21,2026-03-22,1,7973.31,2,0,Late,Medium
C0089,Customer_0089,10000,30.0,3000.0,13000.0,866.67,15,7,866.67,2026-03-28,2026-03-28,0,7106.64,2,0,On Time,Medium
C0089,Customer_0089,10000,30.0,3000.0,13000.0,866.67,15,8,866.67,2026-04-04,2026-04-04,0,6239.97,2,0,On Time,Medium
C0089,Customer_0089,10000,30.0,3000.0,13000.0,866.67,15,9,0.0,2026-04-11,,28,6239.97,2,1,Missed,Medium
C0089,Customer_0089,10000,30.0,3000.0,13000.0,866.67,15,10,866.67,2026-04-18,2026-04-18,0,5373.3,2,1,On Time,Medium
C0090,Customer_0090,3000,25.0,750.0,3750.0,187.5,20,1,150.0,2026-06-24,2026-06-25,1,3600.0,1,0,Late,Medium
C0090,Customer_0090,3000,25.0,750.0,3750.0,187.5,20,2,225.0,2026-07-01,2026-07-09,8,3375.0,2,0,Late,Medium
C0090,Customer_0090,3000,25.0,750.0,3750.0,187.5,20,3,187.5,2026-07-08,2026-07-08,0,3187.5,2,0,On Time,Medium
C0090,Customer_0090,3000,25.0,750.0,3750.0,187.5,20,4,225.0,2026-07-15,2026-07-26,11,2962.5,3,0,Late,High
C0090,Customer_0090,3000,25.0,750.0,3750.0,187.5,20,5,187.5,2026-07-22,2026-07-22,0,2775.0,3,0,On Time,High
C0090,Customer_0090,3000,25.0,750.0,3750.0,187.5,20,6,187.5,2026-07-29,2026-07-29,0,2587.5,3,0,On Time,High
C0090,Customer_0090,3000,25.0,750.0,3750.0,187.5,20,7,187.5,2026-08-05,2026-08-05,0,2400.0,3,0,On Time,High
C0090,Customer_0090,3000,25.0,750.0,3750.0,187.5,20,8,187.5,2026-08-12,2026-08-12,0,2212.5,3,0,On Time,High
C0090,Customer_0090,3000,25.0,750.0,3750.0,187.5,20,9,0.0,2026-08-19,,7,2212.5,3,1,Missed,High
C0090,Customer_0090,3000,25.0,750.0,3750.0,187.5,20,10,187.5,2026-08-26,2026-08-26,0,2025.0,3,1,On Time,High
C0091,Customer_0091,20000,15.0,3000.0,23000.0,1150.0,20,1,1150.0,2026-02-28,2026-02-28,0,21850.0,0,0,On Time,Low
C0091,Customer_0091,20000,15.0,3000.0,23000.0,1150.0,20,2,1150.0,2026-03-07,2026-03-07,0,20700.0,0,0,On Time,Low
C0091,Customer_0091,20000,15.0,3000.0,23000.0,1150.0,20,3,1150.0,2026-03-14,2026-03-14,0,19550.0,0,0,On Time,Low
C0091,Customer_0091,20000,15.0,3000.0,23000.0,1150.0,20,4,1150.0,2026-03-21,2026-03-21,0,18400.0,0,0,On Time,Low
C0091,Customer_0091,20000,15.0,3000.0,23000.0,1150.0,20,5,0.0,2026-03-28,,30,18400.0,0,1,Missed,Medium
C0091,Customer_0091,20000,15.0,3000.0,23000.0,1150.0,20,6,1150.0,2026-04-04,2026-04-06,2,17250.0,1,1,Late,Medium
C0091,Customer_0091,20000,15.0,3000.0,23000.0,1150.0,20,7,1150.0,2026-04-11,2026-04-11,0,16100.0,1,1,On Time,Medium
C0091,Customer_0091,20000,15.0,3000.0,23000.0,1150.0,20,8,0.0,2026-04-18,,13,16100.0,1,2,Missed,High
C0091,Customer_0091,20000,15.0,3000.0,23000.0,1150.0,20,9,1150.0,2026-04-25,2026-04-25,0,14950.0,1,2,On Time,High
C0091,Customer_0091,20000,15.0,3000.0,23000.0,1150.0,20,10,1150.0,2026-05-02,2026-05-02,0,13800.0,1,2,On Time,High
C0092,Customer_0092,5000,25.0,1250.0,6250.0,416.67,15,1,416.67,2026-02-07,2026-02-07,0,5833.33,0,0,On Time,Low
C0092,Customer_0092,5000,25.0,1250.0,6250.0,416.67,15,2,416.67,2026-02-14,2026-02-14,0,5416.66,0,0,On Time,Low
C0092,Customer_0092,5000,25.0,1250.0,6250.0,416.67,15,3,416.67,2026-02-21,2026-02-21,0,4999.99,0,0,On Time,Low
C0092,Customer_0092,5000,25.0,1250.0,6250.0,416.67,15,4,416.67,2026-02-28,2026-03-12,12,4583.32,1,0,Late,Medium
C0092,Customer_0092,5000,25.0,1250.0,6250.0,416.67,15,5,416.67,2026-03-07,2026-03-12,5,4166.65,2,0,Late,Medium
C0092,Customer_0092,5000,25.0,1250.0,6250.0,416.67,15,6,416.67,2026-03-14,2026-03-14,0,3749.98,2,0,On Time,Medium
C0092,Customer_0092,5000,25.0,1250.0,6250.0,416.67,15,7,500.0,2026-03-21,2026-03-27,6,3249.98,3,0,Late,High
C0092,Customer_0092,5000,25.0,1250.0,6250.0,416.67,15,8,416.67,2026-03-28,2026-03-30,2,2833.31,4,0,Late,High
C0092,Customer_0092,5000,25.0,1250.0,6250.0,416.67,15,9,416.67,2026-04-04,2026-04-14,10,2416.64,5,0,Late,High
C0092,Customer_0092,5000,25.0,1250.0,6250.0,416.67,15,10,416.67,2026-04-11,2026-04-11,0,1999.97,5,0,On Time,High
C0093,Customer_0093,20000,20.0,4000.0,24000.0,2400.0,10,1,2400.0,2026-05-25,2026-06-02,8,21600.0,1,0,Late,Medium
C0093,Customer_0093,20000,20.0,4000.0,24000.0,2400.0,10,2,2400.0,2026-06-01,2026-06-09,8,19200.0,2,0,Late,Medium
C0093,Customer_0093,20000,20.0,4000.0,24000.0,2400.0,10,3,2880.0,2026-06-08,2026-06-09,1,16320.0,3,0,Late,High
C0093,Customer_0093,20000,20.0,4000.0,24000.0,2400.0,10,4,2400.0,2026-06-15,2026-06-15,0,13920.0,3,0,On Time,High
C0093,Customer_0093,20000,20.0,4000.0,24000.0,2400.0,10,5,0.0,2026-06-22,,20,13920.0,3,1,Missed,High
C0093,Customer_0093,20000,20.0,4000.0,24000.0,2400.0,10,6,2400.0,2026-06-29,2026-06-29,0,11520.0,3,1,On Time,High
C0093,Customer_0093,20000,20.0,4000.0,24000.0,2400.0,10,7,2400.0,2026-07-06,2026-07-20,14,9120.0,4,1,Late,High
C0093,Customer_0093,20000,20.0,4000.0,24000.0,2400.0,10,8,2400.0,2026-07-13,2026-07-19,6,6720.0,5,1,Late,High
C0093,Customer_0093,20000,20.0,4000.0,24000.0,2400.0,10,9,2400.0,2026-07-20,2026-07-20,0,4320.0,5,1,On Time,High
C0093,Customer_0093,20000,20.0,4000.0,24000.0,2400.0,10,10,1920.0,2026-07-27,2026-08-09,13,2400.0,6,1,Late,High
C0094,Customer_0094,3000,15.0,450.0,3450.0,172.5,20,1,207.0,2026-06-08,2026-06-10,2,3243.0,1,0,Late,Medium
C0094,Customer_0094,3000,15.0,450.0,3450.0,172.5,20,2,172.5,2026-06-15,2026-06-15,0,3070.5,1,0,On Time,Medium
C0094,Customer_0094,3000,15.0,450.0,3450.0,172.5,20,3,172.5,2026-06-22,2026-06-22,0,2898.0,1,0,On Time,Medium
C0094,Customer_0094,3000,15.0,450.0,3450.0,172.5,20,4,172.5,2026-06-29,2026-07-01,2,2725.5,2,0,Late,Medium
C0094,Customer_0094,3000,15.0,450.0,3450.0,172.5,20,5,138.0,2026-07-06,2026-07-13,7,2587.5,3,0,Late,High
C0094,Customer_0094,3000,15.0,450.0,3450.0,172.5,20,6,172.5,2026-07-13,2026-07-13,0,2415.0,3,0,On Time,High
C0094,Customer_0094,3000,15.0,450.0,3450.0,172.5,20,7,207.0,2026-07-20,2026-08-03,14,2208.0,4,0,Late,High
C0094,Customer_0094,3000,15.0,450.0,3450.0,172.5,20,8,172.5,2026-07-27,2026-07-27,0,2035.5,4,0,On Time,High
C0094,Customer_0094,3000,15.0,450.0,3450.0,172.5,20,9,172.5,2026-08-03,2026-08-03,0,1863.0,4,0,On Time,High
C0094,Customer_0094,3000,15.0,450.0,3450.0,172.5,20,10,172.5,2026-08-10,2026-08-10,0,1690.5,4,0,On Time,High
C0095,Customer_0095,10000,20.0,2000.0,12000.0,600.0,20,1,600.0,2026-05-27,2026-05-27,0,11400.0,0,0,On Time,Low
C0095,Customer_0095,10000,20.0,2000.0,12000.0,600.0,20,2,600.0,2026-06-03,2026-06-03,0,10800.0,0,0,On Time,Low
C0095,Customer_0095,10000,20.0,2000.0,12000.0,600.0,20,3,600.0,2026-06-10,2026-06-10,0,10200.0,0,0,On Time,Low
C0095,Customer_0095,10000,20.0,2000.0,12000.0,600.0,20,4,600.0,2026-06-17,2026-06-17,0,9600.0,0,0,On Time,Low
C0095,Customer_0095,10000,20.0,2000.0,12000.0,600.0,20,5,600.0,2026-06-24,2026-06-24,0,9000.0,0,0,On Time,Low
C0095,Customer_0095,10000,20.0,2000.0,12000.0,600.0,20,6,600.0,2026-07-01,2026-07-01,0,8400.0,0,0,On Time,Low
C0095,Customer_0095,10000,20.0,2000.0,12000.0,600.0,20,7,600.0,2026-07-08,2026-07-08,0,7800.0,0,0,On Time,Low
C0095,Customer_0095,10000,20.0,2000.0,12000.0,600.0,20,8,600.0,2026-07-15,2026-07-17,2,7200.0,1,0,Late,Medium
C0095,Customer_0095,10000,20.0,2000.0,12000.0,600.0,20,9,600.0,2026-07-22,2026-07-22,0,6600.0,1,0,On Time,Medium
C0095,Customer_0095,10000,20.0,2000.0,12000.0,600.0,20,10,600.0,2026-07-29,2026-07-29,0,6000.0,1,0,On Time,Medium
C0096,Customer_0096,5000,30.0,1500.0,6500.0,650.0,10,1,650.0,2026-06-05,2026-06-05,0,5850.0,0,0,On Time,Low
C0096,Customer_0096,5000,30.0,1500.0,6500.0,650.0,10,2,650.0,2026-06-12,2026-06-12,0,5200.0,0,0,On Time,Low
C0096,Customer_0096,5000,30.0,1500.0,6500.0,650.0,10,3,650.0,2026-06-19,2026-06-19,0,4550.0,0,0,On Time,Low
C0096,Customer_0096,5000,30.0,1500.0,6500.0,650.0,10,4,650.0,2026-06-26,2026-06-26,0,3900.0,0,0,On Time,Low
C0096,Customer_0096,5000,30.0,1500.0,6500.0,650.0,10,5,650.0,2026-07-03,2026-07-03,0,3250.0,0,0,On Time,Low
C0096,Customer_0096,5000,30.0,1500.0,6500.0,650.0,10,6,650.0,2026-07-10,2026-07-10,0,2600.0,0,0,On Time,Low
C0096,Customer_0096,5000,30.0,1500.0,6500.0,650.0,10,7,650.0,2026-07-17,2026-07-17,0,1950.0,0,0,On Time,Low
C0096,Customer_0096,5000,30.0,1500.0,6500.0,650.0,10,8,650.0,2026-07-24,2026-08-07,14,1300.0,1,0,Late,Medium
C0096,Customer_0096,5000,30.0,1500.0,6500.0,650.0,10,9,650.0,2026-07-31,2026-08-11,11,650.0,2,0,Late,Medium
C0096,Customer_0096,5000,30.0,1500.0,6500.0,650.0,10,10,650.0,2026-08-07,2026-08-07,0,0.0,2,0,On Time,Medium
C0097,Customer_0097,7000,25.0,1750.0,8750.0,437.5,20,1,0.0,2026-05-04,,10,8750.0,0,1,Missed,Medium
C0097,Customer_0097,7000,25.0,1750.0,8750.0,437.5,20,2,0.0,2026-05-11,,21,8750.0,0,2,Missed,High
C0097,Customer_0097,7000,25.0,1750.0,8750.0,437.5,20,3,437.5,2026-05-18,2026-05-18,0,8312.5,0,2,On Time,High
C0097,Customer_0097,7000,25.0,1750.0,8750.0,437.5,20,4,437.5,2026-05-25,2026-05-25,0,7875.0,0,2,On Time,High
C0097,Customer_0097,7000,25.0,1750.0,8750.0,437.5,20,5,437.5,2026-06-01,2026-06-01,0,7437.5,0,2,On Time,High
C0097,Customer_0097,7000,25.0,1750.0,8750.0,437.5,20,6,437.5,2026-06-08,2026-06-08,0,7000.0,0,2,On Time,High
C0097,Customer_0097,7000,25.0,1750.0,8750.0,437.5,20,7,437.5,2026-06-15,2026-06-15,0,6562.5,0,2,On Time,High
C0097,Customer_0097,7000,25.0,1750.0,8750.0,437.5,20,8,437.5,2026-06-22,2026-06-22,0,6125.0,0,2,On Time,High
C0097,Customer_0097,7000,25.0,1750.0,8750.0,437.5,20,9,350.0,2026-06-29,2026-07-11,12,5775.0,1,2,Late,High
C0097,Customer_0097,7000,25.0,1750.0,8750.0,437.5,20,10,437.5,2026-07-06,2026-07-06,0,5337.5,1,2,On Time,High
C0098,Customer_0098,5000,30.0,1500.0,6500.0,650.0,10,1,650.0,2026-01-02,2026-01-02,0,5850.0,0,0,On Time,Low
C0098,Customer_0098,5000,30.0,1500.0,6500.0,650.0,10,2,650.0,2026-01-09,2026-01-09,0,5200.0,0,0,On Time,Low
C0098,Customer_0098,5000,30.0,1500.0,6500.0,650.0,10,3,650.0,2026-01-16,2026-01-16,0,4550.0,0,0,On Time,Low
C0098,Customer_0098,5000,30.0,1500.0,6500.0,650.0,10,4,650.0,2026-01-23,2026-01-23,0,3900.0,0,0,On Time,Low
C0098,Customer_0098,5000,30.0,1500.0,6500.0,650.0,10,5,650.0,2026-01-30,2026-02-06,7,3250.0,1,0,Late,Medium
C0098,Customer_0098,5000,30.0,1500.0,6500.0,650.0,10,6,650.0,2026-02-06,2026-02-06,0,2600.0,1,0,On Time,Medium
C0098,Customer_0098,5000,30.0,1500.0,6500.0,650.0,10,7,780.0,2026-02-13,2026-02-14,1,1820.0,2,0,Late,Medium
C0098,Customer_0098,5000,30.0,1500.0,6500.0,650.0,10,8,650.0,2026-02-20,2026-02-20,0,1170.0,2,0,On Time,Medium
C0098,Customer_0098,5000,30.0,1500.0,6500.0,650.0,10,9,650.0,2026-02-27,2026-02-27,0,520.0,2,0,On Time,Medium
C0098,Customer_0098,5000,30.0,1500.0,6500.0,650.0,10,10,0.0,2026-03-06,,10,520.0,2,1,Missed,Medium
C0099,Customer_0099,20000,25.0,5000.0,25000.0,3125.0,8,1,3125.0,2026-06-21,2026-06-21,0,21875.0,0,0,On Time,Low
C0099,Customer_0099,20000,25.0,5000.0,25000.0,3125.0,8,2,3125.0,2026-06-28,2026-06-28,0,18750.0,0,0,On Time,Low
C0099,Customer_0099,20000,25.0,5000.0,25000.0,3125.0,8,3,0.0,2026-07-05,,29,18750.0,0,1,Missed,Medium
C0099,Customer_0099,20000,25.0,5000.0,25000.0,3125.0,8,4,3125.0,2026-07-12,2026-07-12,0,15625.0,0,1,On Time,Medium
C0099,Customer_0099,20000,25.0,5000.0,25000.0,3125.0,8,5,3125.0,2026-07-19,2026-07-19,0,12500.0,0,1,On Time,Medium
C0099,Customer_0099,20000,25.0,5000.0,25000.0,3125.0,8,6,3125.0,2026-07-26,2026-07-26,0,9375.0,0,1,On Time,Medium
C0099,Customer_0099,20000,25.0,5000.0,25000.0,3125.0,8,7,3125.0,2026-08-02,2026-08-12,10,6250.0,1,1,Late,Medium
C0099,Customer_0099,20000,25.0,5000.0,25000.0,3125.0,8,8,3125.0,2026-08-09,2026-08-09,0,3125.0,1,1,On Time,Medium
C0099,Customer_0099,20000,25.0,5000.0,25000.0,3125.0,8,9,3125.0,2026-08-16,2026-08-16,0,0.0,1,1,On Time,Medium
C0099,Customer_0099,20000,25.0,5000.0,25000.0,3125.0,8,10,0.0,2026-08-23,,30,0.0,1,2,Missed,High
C0100,Customer_0100,3000,20.0,600.0,3600.0,300.0,12,1,300.0,2026-02-06,2026-02-06,0,3300.0,0,0,On Time,Low
C0100,Customer_0100,3000,20.0,600.0,3600.0,300.0,12,2,360.0,2026-02-13,2026-02-25,12,2940.0,1,0,Late,Medium
C0100,Customer_0100,3000,20.0,600.0,3600.0,300.0,12,3,240.0,2026-02-20,2026-02-22,2,2700.0,2,0,Late,Medium
C0100,Customer_0100,3000,20.0,600.0,3600.0,300.0,12,4,300.0,2026-02-27,2026-02-28,1,2400.0,3,0,Late,High
C0100,Customer_0100,3000,20.0,600.0,3600.0,300.0,12,5,300.0,2026-03-06,2026-03-06,0,2100.0,3,0,On Time,High
C0100,Customer_0100,3000,20.0,600.0,3600.0,300.0,12,6,300.0,2026-03-13,2026-03-13,0,1800.0,3,0,On Time,High
C0100,Customer_0100,3000,20.0,600.0,3600.0,300.0,12,7,300.0,2026-03-20,2026-03-20,0,1500.0,3,0,On Time,High
C0100,Customer_0100,3000,20.0,600.0,3600.0,300.0,12,8,240.0,2026-03-27,2026-04-03,7,1260.0,4,0,Late,High
C0100,Customer_0100,3000,20.0,600.0,3600.0,300.0,12,9,300.0,2026-04-03,2026-04-03,0,960.0,4,0,On Time,High
C0100,Customer_0100,3000,20.0,600.0,3600.0,300.0,12,10,300.0,2026-04-10,2026-04-10,0,660.0,4,0,On Time,High
C0101,Customer_0101,15000,25.0,3750.0,18750.0,1562.5,12,1,1562.5,2026-06-09,2026-06-09,0,17187.5,0,0,On Time,Low
C0101,Customer_0101,15000,25.0,3750.0,18750.0,1562.5,12,2,1562.5,2026-06-16,2026-06-16,0,15625.0,0,0,On Time,Low
C0101,Customer_0101,15000,25.0,3750.0,18750.0,1562.5,12,3,1562.5,2026-06-23,2026-06-23,0,14062.5,0,0,On Time,Low
C0101,Customer_0101,15000,25.0,3750.0,18750.0,1562.5,12,4,1562.5,2026-06-30,2026-06-30,0,12500.0,0,0,On Time,Low
C0101,Customer_0101,15000,25.0,3750.0,18750.0,1562.5,12,5,1562.5,2026-07-07,2026-07-07,0,10937.5,0,0,On Time,Low
C0101,Customer_0101,15000,25.0,3750.0,18750.0,1562.5,12,6,1562.5,2026-07-14,2026-07-14,0,9375.0,0,0,On Time,Low
C0101,Customer_0101,15000,25.0,3750.0,18750.0,1562.5,12,7,1562.5,2026-07-21,2026-07-21,0,7812.5,0,0,On Time,Low
C0101,Customer_0101,15000,25.0,3750.0,18750.0,1562.5,12,8,1562.5,2026-07-28,2026-08-03,6,6250.0,1,0,Late,Medium
C0101,Customer_0101,15000,25.0,3750.0,18750.0,1562.5,12,9,1562.5,2026-08-04,2026-08-04,0,4687.5,1,0,On Time,Medium
C0101,Customer_0101,15000,25.0,3750.0,18750.0,1562.5,12,10,1562.5,2026-08-11,2026-08-18,7,3125.0,2,0,Late,Medium
C0102,Customer_0102,10000,20.0,2000.0,12000.0,1000.0,12,1,1000.0,2026-03-09,2026-03-16,7,11000.0,1,0,Late,Medium
C0102,Customer_0102,10000,20.0,2000.0,12000.0,1000.0,12,2,1200.0,2026-03-16,2026-03-24,8,9800.0,2,0,Late,Medium
C0102,Customer_0102,10000,20.0,2000.0,12000.0,1000.0,12,3,1000.0,2026-03-23,2026-03-23,0,8800.0,2,0,On Time,Medium
C0102,Customer_0102,10000,20.0,2000.0,12000.0,1000.0,12,4,1000.0,2026-03-30,2026-03-30,0,7800.0,2,0,On Time,Medium
C0102,Customer_0102,10000,20.0,2000.0,12000.0,1000.0,12,5,1000.0,2026-04-06,2026-04-06,0,6800.0,2,0,On Time,Medium
C0102,Customer_0102,10000,20.0,2000.0,12000.0,1000.0,12,6,1000.0,2026-04-13,2026-04-13,0,5800.0,2,0,On Time,Medium
C0102,Customer_0102,10000,20.0,2000.0,12000.0,1000.0,12,7,1000.0,2026-04-20,2026-04-20,0,4800.0,2,0,On Time,Medium
C0102,Customer_0102,10000,20.0,2000.0,12000.0,1000.0,12,8,1000.0,2026-04-27,2026-04-27,0,3800.0,2,0,On Time,Medium
C0102,Customer_0102,10000,20.0,2000.0,12000.0,1000.0,12,9,1000.0,2026-05-04,2026-05-04,0,2800.0,2,0,On Time,Medium
C0102,Customer_0102,10000,20.0,2000.0,12000.0,1000.0,12,10,1200.0,2026-05-11,2026-05-16,5,1600.0,3,0,Late,High
C0103,Customer_0103,10000,25.0,2500.0,12500.0,625.0,20,1,625.0,2026-01-08,2026-01-11,3,11875.0,1,0,Late,Medium
C0103,Customer_0103,10000,25.0,2500.0,12500.0,625.0,20,2,625.0,2026-01-15,2026-01-15,0,11250.0,1,0,On Time,Medium
C0103,Customer_0103,10000,25.0,2500.0,12500.0,625.0,20,3,625.0,2026-01-22,2026-01-22,0,10625.0,1,0,On Time,Medium
C0103,Customer_0103,10000,25.0,2500.0,12500.0,625.0,20,4,625.0,2026-01-29,2026-01-29,0,10000.0,1,0,On Time,Medium
C0103,Customer_0103,10000,25.0,2500.0,12500.0,625.0,20,5,625.0,2026-02-05,2026-02-17,12,9375.0,2,0,Late,Medium
C0103,Customer_0103,10000,25.0,2500.0,12500.0,625.0,20,6,500.0,2026-02-12,2026-02-15,3,8875.0,3,0,Late,High
C0103,Customer_0103,10000,25.0,2500.0,12500.0,625.0,20,7,625.0,2026-02-19,2026-02-23,4,8250.0,4,0,Late,High
C0103,Customer_0103,10000,25.0,2500.0,12500.0,625.0,20,8,625.0,2026-02-26,2026-02-26,0,7625.0,4,0,On Time,High
C0103,Customer_0103,10000,25.0,2500.0,12500.0,625.0,20,9,625.0,2026-03-05,2026-03-05,0,7000.0,4,0,On Time,High
C0103,Customer_0103,10000,25.0,2500.0,12500.0,625.0,20,10,0.0,2026-03-12,,19,7000.0,4,1,Missed,High
C0104,Customer_0104,15000,25.0,3750.0,18750.0,2343.75,8,1,2343.75,2026-02-24,2026-02-24,0,16406.25,0,0,On Time,Low
C0104,Customer_0104,15000,25.0,3750.0,18750.0,2343.75,8,2,2343.75,2026-03-03,2026-03-03,0,14062.5,0,0,On Time,Low
C0104,Customer_0104,15000,25.0,3750.0,18750.0,2343.75,8,3,2343.75,2026-03-10,2026-03-10,0,11718.75,0,0,On Time,Low
C0104,Customer_0104,15000,25.0,3750.0,18750.0,2343.75,8,4,1875.0,2026-03-17,2026-03-29,12,9843.75,1,0,Late,Medium
C0104,Customer_0104,15000,25.0,3750.0,18750.0,2343.75,8,5,0.0,2026-03-24,,9,9843.75,1,1,Missed,Medium
C0104,Customer_0104,15000,25.0,3750.0,18750.0,2343.75,8,6,0.0,2026-03-31,,19,9843.75,1,2,Missed,High
C0104,Customer_0104,15000,25.0,3750.0,18750.0,2343.75,8,7,2343.75,2026-04-07,2026-04-07,0,7500.0,1,2,On Time,High
C0104,Customer_0104,15000,25.0,3750.0,18750.0,2343.75,8,8,0.0,2026-04-14,,28,7500.0,1,3,Missed,High
C0104,Customer_0104,15000,25.0,3750.0,18750.0,2343.75,8,9,0.0,2026-04-21,,14,7500.0,1,4,Missed,High
C0104,Customer_0104,15000,25.0,3750.0,18750.0,2343.75,8,10,1875.0,2026-04-28,2026-05-07,9,5625.0,2,4,Late,High
C0105,Customer_0105,20000,15.0,3000.0,23000.0,1533.33,15,1,1533.33,2026-05-30,2026-05-30,0,21466.67,0,0,On Time,Low
C0105,Customer_0105,20000,15.0,3000.0,23000.0,1533.33,15,2,1226.66,2026-06-06,2026-06-11,5,20240.01,1,0,Late,Medium
C0105,Customer_0105,20000,15.0,3000.0,23000.0,1533.33,15,3,1533.33,2026-06-13,2026-06-17,4,18706.68,2,0,Late,Medium
C0105,Customer_0105,20000,15.0,3000.0,23000.0,1533.33,15,4,1533.33,2026-06-20,2026-06-24,4,17173.35,3,0,Late,High
C0105,Customer_0105,20000,15.0,3000.0,23000.0,1533.33,15,5,1533.33,2026-06-27,2026-06-27,0,15640.02,3,0,On Time,High
C0105,Customer_0105,20000,15.0,3000.0,23000.0,1533.33,15,6,1533.33,2026-07-04,2026-07-04,0,14106.69,3,0,On Time,High
C0105,Customer_0105,20000,15.0,3000.0,23000.0,1533.33,15,7,1533.33,2026-07-11,2026-07-11,0,12573.36,3,0,On Time,High
C0105,Customer_0105,20000,15.0,3000.0,23000.0,1533.33,15,8,1533.33,2026-07-18,2026-07-18,0,11040.03,3,0,On Time,High
C0105,Customer_0105,20000,15.0,3000.0,23000.0,1533.33,15,9,0.0,2026-07-25,,15,11040.03,3,1,Missed,High
C0105,Customer_0105,20000,15.0,3000.0,23000.0,1533.33,15,10,1533.33,2026-08-01,2026-08-01,0,9506.7,3,1,On Time,High
C0106,Customer_0106,7000,30.0,2100.0,9100.0,910.0,10,1,910.0,2026-02-24,2026-02-24,0,8190.0,0,0,On Time,Low
C0106,Customer_0106,7000,30.0,2100.0,9100.0,910.0,10,2,910.0,2026-03-03,2026-03-09,6,7280.0,1,0,Late,Medium
C0106,Customer_0106,7000,30.0,2100.0,9100.0,910.0,10,3,910.0,2026-03-10,2026-03-10,0,6370.0,1,0,On Time,Medium
C0106,Customer_0106,7000,30.0,2100.0,9100.0,910.0,10,4,910.0,2026-03-17,2026-03-17,0,5460.0,1,0,On Time,Medium
C0106,Customer_0106,7000,30.0,2100.0,9100.0,910.0,10,5,910.0,2026-03-24,2026-03-24,0,4550.0,1,0,On Time,Medium
C0106,Customer_0106,7000,30.0,2100.0,9100.0,910.0,10,6,910.0,2026-03-31,2026-03-31,0,3640.0,1,0,On Time,Medium
C0106,Customer_0106,7000,30.0,2100.0,9100.0,910.0,10,7,910.0,2026-04-07,2026-04-07,0,2730.0,1,0,On Time,Medium
C0106,Customer_0106,7000,30.0,2100.0,9100.0,910.0,10,8,910.0,2026-04-14,2026-04-14,0,1820.0,1,0,On Time,Medium
C0106,Customer_0106,7000,30.0,2100.0,9100.0,910.0,10,9,910.0,2026-04-21,2026-05-05,14,910.0,2,0,Late,Medium
C0106,Customer_0106,7000,30.0,2100.0,9100.0,910.0,10,10,910.0,2026-04-28,2026-05-05,7,0.0,3,0,Late,High
C0107,Customer_0107,10000,20.0,2000.0,12000.0,1500.0,8,1,1500.0,2026-05-23,2026-05-23,0,10500.0,0,0,On Time,Low
C0107,Customer_0107,10000,20.0,2000.0,12000.0,1500.0,8,2,1500.0,2026-05-30,2026-05-30,0,9000.0,0,0,On Time,Low
C0107,Customer_0107,10000,20.0,2000.0,12000.0,1500.0,8,3,1500.0,2026-06-06,2026-06-20,14,7500.0,1,0,Late,Medium
C0107,Customer_0107,10000,20.0,2000.0,12000.0,1500.0,8,4,0.0,2026-06-13,,16,7500.0,1,1,Missed,Medium
C0107,Customer_0107,10000,20.0,2000.0,12000.0,1500.0,8,5,1200.0,2026-06-20,2026-07-03,13,6300.0,2,1,Late,Medium
C0107,Customer_0107,10000,20.0,2000.0,12000.0,1500.0,8,6,1800.0,2026-06-27,2026-07-11,14,4500.0,3,1,Late,High
C0107,Customer_0107,10000,20.0,2000.0,12000.0,1500.0,8,7,1500.0,2026-07-04,2026-07-04,0,3000.0,3,1,On Time,High
C0107,Customer_0107,10000,20.0,2000.0,12000.0,1500.0,8,8,1500.0,2026-07-11,2026-07-24,13,1500.0,4,1,Late,High
C0107,Customer_0107,10000,20.0,2000.0,12000.0,1500.0,8,9,1500.0,2026-07-18,2026-07-18,0,0.0,4,1,On Time,High
C0107,Customer_0107,10000,20.0,2000.0,12000.0,1500.0,8,10,0.0,2026-07-25,,12,0.0,4,2,Missed,High
C0108,Customer_0108,3000,15.0,450.0,3450.0,172.5,20,1,172.5,2026-05-16,2026-05-16,0,3277.5,0,0,On Time,Low
C0108,Customer_0108,3000,15.0,450.0,3450.0,172.5,20,2,172.5,2026-05-23,2026-05-23,0,3105.0,0,0,On Time,Low
C0108,Customer_0108,3000,15.0,450.0,3450.0,172.5,20,3,172.5,2026-05-30,2026-05-30,0,2932.5,0,0,On Time,Low
C0108,Customer_0108,3000,15.0,450.0,3450.0,172.5,20,4,172.5,2026-06-06,2026-06-06,0,2760.0,0,0,On Time,Low
C0108,Customer_0108,3000,15.0,450.0,3450.0,172.5,20,5,207.0,2026-06-13,2026-06-25,12,2553.0,1,0,Late,Medium
C0108,Customer_0108,3000,15.0,450.0,3450.0,172.5,20,6,172.5,2026-06-20,2026-06-20,0,2380.5,1,0,On Time,Medium
C0108,Customer_0108,3000,15.0,450.0,3450.0,172.5,20,7,172.5,2026-06-27,2026-06-27,0,2208.0,1,0,On Time,Medium
C0108,Customer_0108,3000,15.0,450.0,3450.0,172.5,20,8,172.5,2026-07-04,2026-07-04,0,2035.5,1,0,On Time,Medium
C0108,Customer_0108,3000,15.0,450.0,3450.0,172.5,20,9,172.5,2026-07-11,2026-07-11,0,1863.0,1,0,On Time,Medium
C0108,Customer_0108,3000,15.0,450.0,3450.0,172.5,20,10,172.5,2026-07-18,2026-07-18,0,1690.5,1,0,On Time,Medium
C0109,Customer_0109,15000,25.0,3750.0,18750.0,1875.0,10,1,1875.0,2026-03-01,2026-03-01,0,16875.0,0,0,On Time,Low
C0109,Customer_0109,15000,25.0,3750.0,18750.0,1875.0,10,2,1875.0,2026-03-08,2026-03-08,0,15000.0,0,0,On Time,Low
C0109,Customer_0109,15000,25.0,3750.0,18750.0,1875.0,10,3,1875.0,2026-03-15,2026-03-15,0,13125.0,0,0,On Time,Low
C0109,Customer_0109,15000,25.0,3750.0,18750.0,1875.0,10,4,1875.0,2026-03-22,2026-03-22,0,11250.0,0,0,On Time,Low
C0109,Customer_0109,15000,25.0,3750.0,18750.0,1875.0,10,5,1875.0,2026-03-29,2026-03-29,0,9375.0,0,0,On Time,Low
C0109,Customer_0109,15000,25.0,3750.0,18750.0,1875.0,10,6,1875.0,2026-04-05,2026-04-05,0,7500.0,0,0,On Time,Low
C0109,Customer_0109,15000,25.0,3750.0,18750.0,1875.0,10,7,1875.0,2026-04-12,2026-04-20,8,5625.0,1,0,Late,Medium
C0109,Customer_0109,15000,25.0,3750.0,18750.0,1875.0,10,8,1875.0,2026-04-19,2026-04-19,0,3750.0,1,0,On Time,Medium
C0109,Customer_0109,15000,25.0,3750.0,18750.0,1875.0,10,9,1875.0,2026-04-26,2026-04-26,0,1875.0,1,0,On Time,Medium
C0109,Customer_0109,15000,25.0,3750.0,18750.0,1875.0,10,10,1875.0,2026-05-03,2026-05-03,0,0.0,1,0,On Time,Medium
C0110,Customer_0110,15000,15.0,2250.0,17250.0,1150.0,15,1,1150.0,2026-04-25,2026-04-25,0,16100.0,0,0,On Time,Low
C0110,Customer_0110,15000,15.0,2250.0,17250.0,1150.0,15,2,920.0,2026-05-02,2026-05-06,4,15180.0,1,0,Late,Medium
C0110,Customer_0110,15000,15.0,2250.0,17250.0,1150.0,15,3,1150.0,2026-05-09,2026-05-09,0,14030.0,1,0,On Time,Medium
C0110,Customer_0110,15000,15.0,2250.0,17250.0,1150.0,15,4,1150.0,2026-05-16,2026-05-16,0,12880.0,1,0,On Time,Medium
C0110,Customer_0110,15000,15.0,2250.0,17250.0,1150.0,15,5,1150.0,2026-05-23,2026-05-23,0,11730.0,1,0,On Time,Medium
C0110,Customer_0110,15000,15.0,2250.0,17250.0,1150.0,15,6,1150.0,2026-05-30,2026-05-30,0,10580.0,1,0,On Time,Medium
C0110,Customer_0110,15000,15.0,2250.0,17250.0,1150.0,15,7,1150.0,2026-06-06,2026-06-06,0,9430.0,1,0,On Time,Medium
C0110,Customer_0110,15000,15.0,2250.0,17250.0,1150.0,15,8,1150.0,2026-06-13,2026-06-20,7,8280.0,2,0,Late,Medium
C0110,Customer_0110,15000,15.0,2250.0,17250.0,1150.0,15,9,920.0,2026-06-20,2026-06-24,4,7360.0,3,0,Late,High
C0110,Customer_0110,15000,15.0,2250.0,17250.0,1150.0,15,10,1150.0,2026-06-27,2026-06-27,0,6210.0,3,0,On Time,High
C0111,Customer_0111,15000,25.0,3750.0,18750.0,1562.5,12,1,1562.5,2026-04-02,2026-04-02,0,17187.5,0,0,On Time,Low
C0111,Customer_0111,15000,25.0,3750.0,18750.0,1562.5,12,2,1562.5,2026-04-09,2026-04-09,0,15625.0,0,0,On Time,Low
C0111,Customer_0111,15000,25.0,3750.0,18750.0,1562.5,12,3,1562.5,2026-04-16,2026-04-16,0,14062.5,0,0,On Time,Low
C0111,Customer_0111,15000,25.0,3750.0,18750.0,1562.5,12,4,0.0,2026-04-23,,29,14062.5,0,1,Missed,Medium
C0111,Customer_0111,15000,25.0,3750.0,18750.0,1562.5,12,5,1562.5,2026-04-30,2026-04-30,0,12500.0,0,1,On Time,Medium
C0111,Customer_0111,15000,25.0,3750.0,18750.0,1562.5,12,6,1562.5,2026-05-07,2026-05-07,0,10937.5,0,1,On Time,Medium
C0111,Customer_0111,15000,25.0,3750.0,18750.0,1562.5,12,7,1562.5,2026-05-14,2026-05-14,0,9375.0,0,1,On Time,Medium
C0111,Customer_0111,15000,25.0,3750.0,18750.0,1562.5,12,8,1562.5,2026-05-21,2026-05-21,0,7812.5,0,1,On Time,Medium
C0111,Customer_0111,15000,25.0,3750.0,18750.0,1562.5,12,9,1562.5,2026-05-28,2026-06-05,8,6250.0,1,1,Late,Medium
C0111,Customer_0111,15000,25.0,3750.0,18750.0,1562.5,12,10,1562.5,2026-06-04,2026-06-04,0,4687.5,1,1,On Time,Medium
C0112,Customer_0112,3000,15.0,450.0,3450.0,172.5,20,1,172.5,2026-03-23,2026-03-23,0,3277.5,0,0,On Time,Low
C0112,Customer_0112,3000,15.0,450.0,3450.0,172.5,20,2,172.5,2026-03-30,2026-03-30,0,3105.0,0,0,On Time,Low
C0112,Customer_0112,3000,15.0,450.0,3450.0,172.5,20,3,172.5,2026-04-06,2026-04-06,0,2932.5,0,0,On Time,Low
C0112,Customer_0112,3000,15.0,450.0,3450.0,172.5,20,4,172.5,2026-04-13,2026-04-13,0,2760.0,0,0,On Time,Low
C0112,Customer_0112,3000,15.0,450.0,3450.0,172.5,20,5,172.5,2026-04-20,2026-04-20,0,2587.5,0,0,On Time,Low
C0112,Customer_0112,3000,15.0,450.0,3450.0,172.5,20,6,172.5,2026-04-27,2026-04-27,0,2415.0,0,0,On Time,Low
C0112,Customer_0112,3000,15.0,450.0,3450.0,172.5,20,7,172.5,2026-05-04,2026-05-04,0,2242.5,0,0,On Time,Low
C0112,Customer_0112,3000,15.0,450.0,3450.0,172.5,20,8,172.5,2026-05-11,2026-05-11,0,2070.0,0,0,On Time,Low
C0112,Customer_0112,3000,15.0,450.0,3450.0,172.5,20,9,172.5,2026-05-18,2026-05-18,0,1897.5,0,0,On Time,Low
C0112,Customer_0112,3000,15.0,450.0,3450.0,172.5,20,10,207.0,2026-05-25,2026-06-06,12,1690.5,1,0,Late,Medium
C0113,Customer_0113,5000,30.0,1500.0,6500.0,541.67,12,1,541.67,2026-06-29,2026-07-04,5,5958.33,1,0,Late,Medium
C0113,Customer_0113,5000,30.0,1500.0,6500.0,541.67,12,2,0.0,2026-07-06,,23,5958.33,1,1,Missed,Medium
C0113,Customer_0113,5000,30.0,1500.0,6500.0,541.67,12,3,0.0,2026-07-13,,23,5958.33,1,2,Missed,High
C0113,Customer_0113,5000,30.0,1500.0,6500.0,541.67,12,4,433.34,2026-07-20,2026-07-21,1,5524.99,2,2,Late,High
C0113,Customer_0113,5000,30.0,1500.0,6500.0,541.67,12,5,650.0,2026-07-27,2026-08-09,13,4874.99,3,2,Late,High
C0113,Customer_0113,5000,30.0,1500.0,6500.0,541.67,12,6,541.67,2026-08-03,2026-08-03,0,4333.32,3,2,On Time,High
C0113,Customer_0113,5000,30.0,1500.0,6500.0,541.67,12,7,0.0,2026-08-10,,14,4333.32,3,3,Missed,High
C0113,Customer_0113,5000,30.0,1500.0,6500.0,541.67,12,8,541.67,2026-08-17,2026-08-17,0,3791.65,3,3,On Time,High
C0113,Customer_0113,5000,30.0,1500.0,6500.0,541.67,12,9,541.67,2026-08-24,2026-08-24,0,3249.98,3,3,On Time,High
C0113,Customer_0113,5000,30.0,1500.0,6500.0,541.67,12,10,541.67,2026-08-31,2026-09-06,6,2708.31,4,3,Late,High
C0114,Customer_0114,3000,25.0,750.0,3750.0,468.75,8,1,468.75,2026-03-28,2026-03-28,0,3281.25,0,0,On Time,Low
C0114,Customer_0114,3000,25.0,750.0,3750.0,468.75,8,2,468.75,2026-04-04,2026-04-04,0,2812.5,0,0,On Time,Low
C0114,Customer_0114,3000,25.0,750.0,3750.0,468.75,8,3,375.0,2026-04-11,2026-04-18,7,2437.5,1,0,Late,Medium
C0114,Customer_0114,3000,25.0,750.0,3750.0,468.75,8,4,375.0,2026-04-18,2026-04-26,8,2062.5,2,0,Late,Medium
C0114,Customer_0114,3000,25.0,750.0,3750.0,468.75,8,5,468.75,2026-04-25,2026-04-25,0,1593.75,2,0,On Time,Medium
C0114,Customer_0114,3000,25.0,750.0,3750.0,468.75,8,6,375.0,2026-05-02,2026-05-05,3,1218.75,3,0,Late,High
C0114,Customer_0114,3000,25.0,750.0,3750.0,468.75,8,7,468.75,2026-05-09,2026-05-09,0,750.0,3,0,On Time,High
C0114,Customer_0114,3000,25.0,750.0,3750.0,468.75,8,8,468.75,2026-05-16,2026-05-16,0,281.25,3,0,On Time,High
C0114,Customer_0114,3000,25.0,750.0,3750.0,468.75,8,9,0.0,2026-05-23,,27,281.25,3,1,Missed,High
C0114,Customer_0114,3000,25.0,750.0,3750.0,468.75,8,10,468.75,2026-05-30,2026-05-30,0,0.0,3,1,On Time,High
C0115,Customer_0115,20000,30.0,6000.0,26000.0,2166.67,12,1,2166.67,2026-06-29,2026-07-02,3,23833.33,1,0,Late,Medium
C0115,Customer_0115,20000,30.0,6000.0,26000.0,2166.67,12,2,2166.67,2026-07-06,2026-07-06,0,21666.66,1,0,On Time,Medium
C0115,Customer_0115,20000,30.0,6000.0,26000.0,2166.67,12,3,2166.67,2026-07-13,2026-07-13,0,19499.99,1,0,On Time,Medium
C0115,Customer_0115,20000,30.0,6000.0,26000.0,2166.67,12,4,2166.67,2026-07-20,2026-07-20,0,17333.32,1,0,On Time,Medium
C0115,Customer_0115,20000,30.0,6000.0,26000.0,2166.67,12,5,2600.0,2026-07-27,2026-08-04,8,14733.32,2,0,Late,Medium
C0115,Customer_0115,20000,30.0,6000.0,26000.0,2166.67,12,6,2166.67,2026-08-03,2026-08-03,0,12566.65,2,0,On Time,Medium
C0115,Customer_0115,20000,30.0,6000.0,26000.0,2166.67,12,7,2166.67,2026-08-10,2026-08-10,0,10399.98,2,0,On Time,Medium
C0115,Customer_0115,20000,30.0,6000.0,26000.0,2166.67,12,8,2166.67,2026-08-17,2026-08-17,0,8233.31,2,0,On Time,Medium
C0115,Customer_0115,20000,30.0,6000.0,26000.0,2166.67,12,9,0.0,2026-08-24,,14,8233.31,2,1,Missed,Medium
C0115,Customer_0115,20000,30.0,6000.0,26000.0,2166.67,12,10,1733.34,2026-08-31,2026-09-09,9,6499.97,3,1,Late,High
C0116,Customer_0116,5000,25.0,1250.0,6250.0,625.0,10,1,625.0,2026-02-18,2026-02-18,0,5625.0,0,0,On Time,Low
C0116,Customer_0116,5000,25.0,1250.0,6250.0,625.0,10,2,625.0,2026-02-25,2026-02-25,0,5000.0,0,0,On Time,Low
C0116,Customer_0116,5000,25.0,1250.0,6250.0,625.0,10,3,625.0,2026-03-04,2026-03-04,0,4375.0,0,0,On Time,Low
C0116,Customer_0116,5000,25.0,1250.0,6250.0,625.0,10,4,0.0,2026-03-11,,29,4375.0,0,1,Missed,Medium
C0116,Customer_0116,5000,25.0,1250.0,6250.0,625.0,10,5,625.0,2026-03-18,2026-03-18,0,3750.0,0,1,On Time,Medium
C0116,Customer_0116,5000,25.0,1250.0,6250.0,625.0,10,6,0.0,2026-03-25,,27,3750.0,0,2,Missed,High
C0116,Customer_0116,5000,25.0,1250.0,6250.0,625.0,10,7,625.0,2026-04-01,2026-04-01,0,3125.0,0,2,On Time,High
C0116,Customer_0116,5000,25.0,1250.0,6250.0,625.0,10,8,625.0,2026-04-08,2026-04-08,0,2500.0,0,2,On Time,High
C0116,Customer_0116,5000,25.0,1250.0,6250.0,625.0,10,9,625.0,2026-04-15,2026-04-15,0,1875.0,0,2,On Time,High
C0116,Customer_0116,5000,25.0,1250.0,6250.0,625.0,10,10,625.0,2026-04-22,2026-04-22,0,1250.0,0,2,On Time,High
C0117,Customer_0117,10000,20.0,2000.0,12000.0,1000.0,12,1,1000.0,2026-01-10,2026-01-10,0,11000.0,0,0,On Time,Low
C0117,Customer_0117,10000,20.0,2000.0,12000.0,1000.0,12,2,0.0,2026-01-17,,29,11000.0,0,1,Missed,Medium
C0117,Customer_0117,10000,20.0,2000.0,12000.0,1000.0,12,3,1000.0,2026-01-24,2026-01-24,0,10000.0,0,1,On Time,Medium
C0117,Customer_0117,10000,20.0,2000.0,12000.0,1000.0,12,4,1000.0,2026-01-31,2026-01-31,0,9000.0,0,1,On Time,Medium
C0117,Customer_0117,10000,20.0,2000.0,12000.0,1000.0,12,5,1000.0,2026-02-07,2026-02-07,0,8000.0,0,1,On Time,Medium
C0117,Customer_0117,10000,20.0,2000.0,12000.0,1000.0,12,6,1000.0,2026-02-14,2026-02-14,0,7000.0,0,1,On Time,Medium
C0117,Customer_0117,10000,20.0,2000.0,12000.0,1000.0,12,7,1000.0,2026-02-21,2026-02-21,0,6000.0,0,1,On Time,Medium
C0117,Customer_0117,10000,20.0,2000.0,12000.0,1000.0,12,8,1000.0,2026-02-28,2026-02-28,0,5000.0,0,1,On Time,Medium
C0117,Customer_0117,10000,20.0,2000.0,12000.0,1000.0,12,9,0.0,2026-03-07,,18,5000.0,0,2,Missed,High
C0117,Customer_0117,10000,20.0,2000.0,12000.0,1000.0,12,10,1000.0,2026-03-14,2026-03-14,0,4000.0,0,2,On Time,High
C0118,Customer_0118,20000,15.0,3000.0,23000.0,1150.0,20,1,1150.0,2026-05-02,2026-05-09,7,21850.0,1,0,Late,Medium
C0118,Customer_0118,20000,15.0,3000.0,23000.0,1150.0,20,2,920.0,2026-05-09,2026-05-11,2,20930.0,2,0,Late,Medium
C0118,Customer_0118,20000,15.0,3000.0,23000.0,1150.0,20,3,1150.0,2026-05-16,2026-05-16,0,19780.0,2,0,On Time,Medium
C0118,Customer_0118,20000,15.0,3000.0,23000.0,1150.0,20,4,1150.0,2026-05-23,2026-05-23,0,18630.0,2,0,On Time,Medium
C0118,Customer_0118,20000,15.0,3000.0,23000.0,1150.0,20,5,0.0,2026-05-30,,20,18630.0,2,1,Missed,Medium
C0118,Customer_0118,20000,15.0,3000.0,23000.0,1150.0,20,6,1150.0,2026-06-06,2026-06-13,7,17480.0,3,1,Late,High
C0118,Customer_0118,20000,15.0,3000.0,23000.0,1150.0,20,7,1150.0,2026-06-13,2026-06-19,6,16330.0,4,1,Late,High
C0118,Customer_0118,20000,15.0,3000.0,23000.0,1150.0,20,8,920.0,2026-06-20,2026-06-26,6,15410.0,5,1,Late,High
C0118,Customer_0118,20000,15.0,3000.0,23000.0,1150.0,20,9,1150.0,2026-06-27,2026-06-27,0,14260.0,5,1,On Time,High
C0118,Customer_0118,20000,15.0,3000.0,23000.0,1150.0,20,10,1150.0,2026-07-04,2026-07-17,13,13110.0,6,1,Late,High
C0119,Customer_0119,15000,25.0,3750.0,18750.0,1250.0,15,1,0.0,2026-01-27,,21,18750.0,0,1,Missed,Medium
C0119,Customer_0119,15000,25.0,3750.0,18750.0,1250.0,15,2,1250.0,2026-02-03,2026-02-03,0,17500.0,0,1,On Time,Medium
C0119,Customer_0119,15000,25.0,3750.0,18750.0,1250.0,15,3,1000.0,2026-02-10,2026-02-16,6,16500.0,1,1,Late,Medium
C0119,Customer_0119,15000,25.0,3750.0,18750.0,1250.0,15,4,1250.0,2026-02-17,2026-02-17,0,15250.0,1,1,On Time,Medium
C0119,Customer_0119,15000,25.0,3750.0,18750.0,1250.0,15,5,1250.0,2026-02-24,2026-02-24,0,14000.0,1,1,On Time,Medium
C0119,Customer_0119,15000,25.0,3750.0,18750.0,1250.0,15,6,1250.0,2026-03-03,2026-03-03,0,12750.0,1,1,On Time,Medium
C0119,Customer_0119,15000,25.0,3750.0,18750.0,1250.0,15,7,1250.0,2026-03-10,2026-03-10,0,11500.0,1,1,On Time,Medium
C0119,Customer_0119,15000,25.0,3750.0,18750.0,1250.0,15,8,1250.0,2026-03-17,2026-03-17,0,10250.0,1,1,On Time,Medium
C0119,Customer_0119,15000,25.0,3750.0,18750.0,1250.0,15,9,1250.0,2026-03-24,2026-04-05,12,9000.0,2,1,Late,Medium
C0119,Customer_0119,15000,25.0,3750.0,18750.0,1250.0,15,10,1250.0,2026-03-31,2026-03-31,0,7750.0,2,1,On Time,Medium
C0120,Customer_0120,15000,25.0,3750.0,18750.0,1875.0,10,1,2250.0,2026-05-24,2026-05-29,5,16500.0,1,0,Late,Medium
C0120,Customer_0120,15000,25.0,3750.0,18750.0,1875.0,10,2,2250.0,2026-05-31,2026-06-08,8,14250.0,2,0,Late,Medium
C0120,Customer_0120,15000,25.0,3750.0,18750.0,1875.0,10,3,1875.0,2026-06-07,2026-06-07,0,12375.0,2,0,On Time,Medium
C0120,Customer_0120,15000,25.0,3750.0,18750.0,1875.0,10,4,1875.0,2026-06-14,2026-06-25,11,10500.0,3,0,Late,High
C0120,Customer_0120,15000,25.0,3750.0,18750.0,1875.0,10,5,1875.0,2026-06-21,2026-06-21,0,8625.0,3,0,On Time,High
C0120,Customer_0120,15000,25.0,3750.0,18750.0,1875.0,10,6,1875.0,2026-06-28,2026-07-05,7,6750.0,4,0,Late,High
C0120,Customer_0120,15000,25.0,3750.0,18750.0,1875.0,10,7,1875.0,2026-07-05,2026-07-05,0,4875.0,4,0,On Time,High
C0120,Customer_0120,15000,25.0,3750.0,18750.0,1875.0,10,8,2250.0,2026-07-12,2026-07-25,13,2625.0,5,0,Late,High
C0120,Customer_0120,15000,25.0,3750.0,18750.0,1875.0,10,9,1875.0,2026-07-19,2026-07-19,0,750.0,5,0,On Time,High
C0120,Customer_0120,15000,25.0,3750.0,18750.0,1875.0,10,10,1875.0,2026-07-26,2026-07-26,0,0.0,5,0,On Time,High
C0121,Customer_0121,5000,20.0,1000.0,6000.0,600.0,10,1,600.0,2026-02-23,2026-03-09,14,5400.0,1,0,Late,Medium
C0121,Customer_0121,5000,20.0,1000.0,6000.0,600.0,10,2,480.0,2026-03-02,2026-03-11,9,4920.0,2,0,Late,Medium
C0121,Customer_0121,5000,20.0,1000.0,6000.0,600.0,10,3,720.0,2026-03-09,2026-03-12,3,4200.0,3,0,Late,High
C0121,Customer_0121,5000,20.0,1000.0,6000.0,600.0,10,4,600.0,2026-03-16,2026-03-24,8,3600.0,4,0,Late,High
C0121,Customer_0121,5000,20.0,1000.0,6000.0,600.0,10,5,600.0,2026-03-23,2026-03-23,0,3000.0,4,0,On Time,High
C0121,Customer_0121,5000,20.0,1000.0,6000.0,600.0,10,6,600.0,2026-03-30,2026-03-30,0,2400.0,4,0,On Time,High
C0121,Customer_0121,5000,20.0,1000.0,6000.0,600.0,10,7,600.0,2026-04-06,2026-04-06,0,1800.0,4,0,On Time,High
C0121,Customer_0121,5000,20.0,1000.0,6000.0,600.0,10,8,600.0,2026-04-13,2026-04-13,0,1200.0,4,0,On Time,High
C0121,Customer_0121,5000,20.0,1000.0,6000.0,600.0,10,9,600.0,2026-04-20,2026-04-23,3,600.0,5,0,Late,High
C0121,Customer_0121,5000,20.0,1000.0,6000.0,600.0,10,10,600.0,2026-04-27,2026-04-27,0,0.0,5,0,On Time,High
C0122,Customer_0122,20000,15.0,3000.0,23000.0,1150.0,20,1,1150.0,2026-02-07,2026-02-07,0,21850.0,0,0,On Time,Low
C0122,Customer_0122,20000,15.0,3000.0,23000.0,1150.0,20,2,1150.0,2026-02-14,2026-02-14,0,20700.0,0,0,On Time,Low
C0122,Customer_0122,20000,15.0,3000.0,23000.0,1150.0,20,3,1150.0,2026-02-21,2026-02-21,0,19550.0,0,0,On Time,Low
C0122,Customer_0122,20000,15.0,3000.0,23000.0,1150.0,20,4,1150.0,2026-02-28,2026-02-28,0,18400.0,0,0,On Time,Low
C0122,Customer_0122,20000,15.0,3000.0,23000.0,1150.0,20,5,920.0,2026-03-07,2026-03-21,14,17480.0,1,0,Late,Medium
C0122,Customer_0122,20000,15.0,3000.0,23000.0,1150.0,20,6,920.0,2026-03-14,2026-03-24,10,16560.0,2,0,Late,Medium
C0122,Customer_0122,20000,15.0,3000.0,23000.0,1150.0,20,7,1150.0,2026-03-21,2026-03-21,0,15410.0,2,0,On Time,Medium
C0122,Customer_0122,20000,15.0,3000.0,23000.0,1150.0,20,8,1150.0,2026-03-28,2026-03-28,0,14260.0,2,0,On Time,Medium
C0122,Customer_0122,20000,15.0,3000.0,23000.0,1150.0,20,9,1150.0,2026-04-04,2026-04-04,0,13110.0,2,0,On Time,Medium
C0122,Customer_0122,20000,15.0,3000.0,23000.0,1150.0,20,10,1150.0,2026-04-11,2026-04-14,3,11960.0,3,0,Late,High
C0123,Customer_0123,10000,30.0,3000.0,13000.0,1083.33,12,1,1083.33,2026-02-18,2026-02-18,0,11916.67,0,0,On Time,Low
C0123,Customer_0123,10000,30.0,3000.0,13000.0,1083.33,12,2,1083.33,2026-02-25,2026-02-25,0,10833.34,0,0,On Time,Low
C0123,Customer_0123,10000,30.0,3000.0,13000.0,1083.33,12,3,1300.0,2026-03-04,2026-03-18,14,9533.34,1,0,Late,Medium
C0123,Customer_0123,10000,30.0,3000.0,13000.0,1083.33,12,4,0.0,2026-03-11,,27,9533.34,1,1,Missed,Medium
C0123,Customer_0123,10000,30.0,3000.0,13000.0,1083.33,12,5,1300.0,2026-03-18,2026-03-21,3,8233.34,2,1,Late,Medium
C0123,Customer_0123,10000,30.0,3000.0,13000.0,1083.33,12,6,1083.33,2026-03-25,2026-03-25,0,7150.01,2,1,On Time,Medium
C0123,Customer_0123,10000,30.0,3000.0,13000.0,1083.33,12,7,1083.33,2026-04-01,2026-04-01,0,6066.68,2,1,On Time,Medium
C0123,Customer_0123,10000,30.0,3000.0,13000.0,1083.33,12,8,1083.33,2026-04-08,2026-04-08,0,4983.35,2,1,On Time,Medium
C0123,Customer_0123,10000,30.0,3000.0,13000.0,1083.33,12,9,1083.33,2026-04-15,2026-04-15,0,3900.02,2,1,On Time,Medium
C0123,Customer_0123,10000,30.0,3000.0,13000.0,1083.33,12,10,1083.33,2026-04-22,2026-04-22,0,2816.69,2,1,On Time,Medium
C0124,Customer_0124,10000,15.0,1500.0,11500.0,958.33,12,1,0.0,2026-02-16,,28,11500.0,0,1,Missed,Medium
C0124,Customer_0124,10000,15.0,1500.0,11500.0,958.33,12,2,958.33,2026-02-23,2026-02-23,0,10541.67,0,1,On Time,Medium
C0124,Customer_0124,10000,15.0,1500.0,11500.0,958.33,12,3,958.33,2026-03-02,2026-03-02,0,9583.34,0,1,On Time,Medium
C0124,Customer_0124,10000,15.0,1500.0,11500.0,958.33,12,4,958.33,2026-03-09,2026-03-09,0,8625.01,0,1,On Time,Medium
C0124,Customer_0124,10000,15.0,1500.0,11500.0,958.33,12,5,958.33,2026-03-16,2026-03-22,6,7666.68,1,1,Late,Medium
C0124,Customer_0124,10000,15.0,1500.0,11500.0,958.33,12,6,0.0,2026-03-23,,17,7666.68,1,2,Missed,High
C0124,Customer_0124,10000,15.0,1500.0,11500.0,958.33,12,7,958.33,2026-03-30,2026-04-04,5,6708.35,2,2,Late,High
C0124,Customer_0124,10000,15.0,1500.0,11500.0,958.33,12,8,958.33,2026-04-06,2026-04-06,0,5750.02,2,2,On Time,High
C0124,Customer_0124,10000,15.0,1500.0,11500.0,958.33,12,9,958.33,2026-04-13,2026-04-13,0,4791.69,2,2,On Time,High
C0124,Customer_0124,10000,15.0,1500.0,11500.0,958.33,12,10,958.33,2026-04-20,2026-04-20,0,3833.36,2,2,On Time,High
C0125,Customer_0125,15000,25.0,3750.0,18750.0,2343.75,8,1,1875.0,2026-04-04,2026-04-10,6,16875.0,1,0,Late,Medium
C0125,Customer_0125,15000,25.0,3750.0,18750.0,2343.75,8,2,2343.75,2026-04-11,2026-04-11,0,14531.25,1,0,On Time,Medium
C0125,Customer_0125,15000,25.0,3750.0,18750.0,2343.75,8,3,2343.75,2026-04-18,2026-04-18,0,12187.5,1,0,On Time,Medium
C0125,Customer_0125,15000,25.0,3750.0,18750.0,2343.75,8,4,0.0,2026-04-25,,16,12187.5,1,1,Missed,Medium
C0125,Customer_0125,15000,25.0,3750.0,18750.0,2343.75,8,5,2343.75,2026-05-02,2026-05-05,3,9843.75,2,1,Late,Medium
C0125,Customer_0125,15000,25.0,3750.0,18750.0,2343.75,8,6,2343.75,2026-05-09,2026-05-09,0,7500.0,2,1,On Time,Medium
C0125,Customer_0125,15000,25.0,3750.0,18750.0,2343.75,8,7,2343.75,2026-05-16,2026-05-16,0,5156.25,2,1,On Time,Medium
C0125,Customer_0125,15000,25.0,3750.0,18750.0,2343.75,8,8,2343.75,2026-05-23,2026-05-23,0,2812.5,2,1,On Time,Medium
C0125,Customer_0125,15000,25.0,3750.0,18750.0,2343.75,8,9,2343.75,2026-05-30,2026-05-30,0,468.75,2,1,On Time,Medium
C0125,Customer_0125,15000,25.0,3750.0,18750.0,2343.75,8,10,0.0,2026-06-06,,10,468.75,2,2,Missed,High
C0126,Customer_0126,20000,20.0,4000.0,24000.0,1600.0,15,1,1600.0,2026-05-06,2026-05-09,3,22400.0,1,0,Late,Medium
C0126,Customer_0126,20000,20.0,4000.0,24000.0,1600.0,15,2,1600.0,2026-05-13,2026-05-13,0,20800.0,1,0,On Time,Medium
C0126,Customer_0126,20000,20.0,4000.0,24000.0,1600.0,15,3,1600.0,2026-05-20,2026-05-29,9,19200.0,2,0,Late,Medium
C0126,Customer_0126,20000,20.0,4000.0,24000.0,1600.0,15,4,1600.0,2026-05-27,2026-05-27,0,17600.0,2,0,On Time,Medium
C0126,Customer_0126,20000,20.0,4000.0,24000.0,1600.0,15,5,1600.0,2026-06-03,2026-06-03,0,16000.0,2,0,On Time,Medium
C0126,Customer_0126,20000,20.0,4000.0,24000.0,1600.0,15,6,1600.0,2026-06-10,2026-06-10,0,14400.0,2,0,On Time,Medium
C0126,Customer_0126,20000,20.0,4000.0,24000.0,1600.0,15,7,1920.0,2026-06-17,2026-06-26,9,12480.0,3,0,Late,High
C0126,Customer_0126,20000,20.0,4000.0,24000.0,1600.0,15,8,0.0,2026-06-24,,30,12480.0,3,1,Missed,High
C0126,Customer_0126,20000,20.0,4000.0,24000.0,1600.0,15,9,1600.0,2026-07-01,2026-07-01,0,10880.0,3,1,On Time,High
C0126,Customer_0126,20000,20.0,4000.0,24000.0,1600.0,15,10,1600.0,2026-07-08,2026-07-08,0,9280.0,3,1,On Time,High
C0127,Customer_0127,10000,25.0,2500.0,12500.0,1041.67,12,1,1041.67,2026-01-14,2026-01-14,0,11458.33,0,0,On Time,Low
C0127,Customer_0127,10000,25.0,2500.0,12500.0,1041.67,12,2,1041.67,2026-01-21,2026-01-21,0,10416.66,0,0,On Time,Low
C0127,Customer_0127,10000,25.0,2500.0,12500.0,1041.67,12,3,1041.67,2026-01-28,2026-02-06,9,9374.99,1,0,Late,Medium
C0127,Customer_0127,10000,25.0,2500.0,12500.0,1041.67,12,4,1250.0,2026-02-04,2026-02-13,9,8124.99,2,0,Late,Medium
C0127,Customer_0127,10000,25.0,2500.0,12500.0,1041.67,12,5,1041.67,2026-02-11,2026-02-11,0,7083.32,2,0,On Time,Medium
C0127,Customer_0127,10000,25.0,2500.0,12500.0,1041.67,12,6,1041.67,2026-02-18,2026-02-18,0,6041.65,2,0,On Time,Medium
C0127,Customer_0127,10000,25.0,2500.0,12500.0,1041.67,12,7,1041.67,2026-02-25,2026-02-25,0,4999.98,2,0,On Time,Medium
C0127,Customer_0127,10000,25.0,2500.0,12500.0,1041.67,12,8,0.0,2026-03-04,,27,4999.98,2,1,Missed,Medium
C0127,Customer_0127,10000,25.0,2500.0,12500.0,1041.67,12,9,1041.67,2026-03-11,2026-03-11,0,3958.31,2,1,On Time,Medium
C0127,Customer_0127,10000,25.0,2500.0,12500.0,1041.67,12,10,1041.67,2026-03-18,2026-03-18,0,2916.64,2,1,On Time,Medium
C0128,Customer_0128,20000,25.0,5000.0,25000.0,2500.0,10,1,3000.0,2026-06-09,2026-06-17,8,22000.0,1,0,Late,Medium
C0128,Customer_0128,20000,25.0,5000.0,25000.0,2500.0,10,2,2500.0,2026-06-16,2026-06-16,0,19500.0,1,0,On Time,Medium
C0128,Customer_0128,20000,25.0,5000.0,25000.0,2500.0,10,3,0.0,2026-06-23,,16,19500.0,1,1,Missed,Medium
C0128,Customer_0128,20000,25.0,5000.0,25000.0,2500.0,10,4,3000.0,2026-06-30,2026-07-14,14,16500.0,2,1,Late,Medium
C0128,Customer_0128,20000,25.0,5000.0,25000.0,2500.0,10,5,2500.0,2026-07-07,2026-07-12,5,14000.0,3,1,Late,High
C0128,Customer_0128,20000,25.0,5000.0,25000.0,2500.0,10,6,2500.0,2026-07-14,2026-07-14,0,11500.0,3,1,On Time,High
C0128,Customer_0128,20000,25.0,5000.0,25000.0,2500.0,10,7,2500.0,2026-07-21,2026-07-26,5,9000.0,4,1,Late,High
C0128,Customer_0128,20000,25.0,5000.0,25000.0,2500.0,10,8,2500.0,2026-07-28,2026-07-28,0,6500.0,4,1,On Time,High
C0128,Customer_0128,20000,25.0,5000.0,25000.0,2500.0,10,9,2500.0,2026-08-04,2026-08-04,0,4000.0,4,1,On Time,High
C0128,Customer_0128,20000,25.0,5000.0,25000.0,2500.0,10,10,0.0,2026-08-11,,18,4000.0,4,2,Missed,High
C0129,Customer_0129,3000,15.0,450.0,3450.0,431.25,8,1,431.25,2026-06-10,2026-06-10,0,3018.75,0,0,On Time,Low
C0129,Customer_0129,3000,15.0,450.0,3450.0,431.25,8,2,431.25,2026-06-17,2026-06-17,0,2587.5,0,0,On Time,Low
C0129,Customer_0129,3000,15.0,450.0,3450.0,431.25,8,3,431.25,2026-06-24,2026-06-24,0,2156.25,0,0,On Time,Low
C0129,Customer_0129,3000,15.0,450.0,3450.0,431.25,8,4,431.25,2026-07-01,2026-07-02,1,1725.0,1,0,Late,Medium
C0129,Customer_0129,3000,15.0,450.0,3450.0,431.25,8,5,431.25,2026-07-08,2026-07-08,0,1293.75,1,0,On Time,Medium
C0129,Customer_0129,3000,15.0,450.0,3450.0,431.25,8,6,431.25,2026-07-15,2026-07-15,0,862.5,1,0,On Time,Medium
C0129,Customer_0129,3000,15.0,450.0,3450.0,431.25,8,7,431.25,2026-07-22,2026-08-02,11,431.25,2,0,Late,Medium
C0129,Customer_0129,3000,15.0,450.0,3450.0,431.25,8,8,431.25,2026-07-29,2026-07-29,0,0.0,2,0,On Time,Medium
C0129,Customer_0129,3000,15.0,450.0,3450.0,431.25,8,9,345.0,2026-08-05,2026-08-07,2,0.0,3,0,Late,High
C0129,Customer_0129,3000,15.0,450.0,3450.0,431.25,8,10,431.25,2026-08-12,2026-08-12,0,0.0,3,0,On Time,High
C0130,Customer_0130,20000,20.0,4000.0,24000.0,3000.0,8,1,3000.0,2026-03-15,2026-03-15,0,21000.0,0,0,On Time,Low
C0130,Customer_0130,20000,20.0,4000.0,24000.0,3000.0,8,2,0.0,2026-03-22,,22,21000.0,0,1,Missed,Medium
C0130,Customer_0130,20000,20.0,4000.0,24000.0,3000.0,8,3,3000.0,2026-03-29,2026-03-29,0,18000.0,0,1,On Time,Medium
C0130,Customer_0130,20000,20.0,4000.0,24000.0,3000.0,8,4,3000.0,2026-04-05,2026-04-05,0,15000.0,0,1,On Time,Medium
C0130,Customer_0130,20000,20.0,4000.0,24000.0,3000.0,8,5,3000.0,2026-04-12,2026-04-25,13,12000.0,1,1,Late,Medium
C0130,Customer_0130,20000,20.0,4000.0,24000.0,3000.0,8,6,3600.0,2026-04-19,2026-04-27,8,8400.0,2,1,Late,Medium
C0130,Customer_0130,20000,20.0,4000.0,24000.0,3000.0,8,7,3000.0,2026-04-26,2026-05-08,12,5400.0,3,1,Late,High
C0130,Customer_0130,20000,20.0,4000.0,24000.0,3000.0,8,8,3000.0,2026-05-03,2026-05-03,0,2400.0,3,1,On Time,High
C0130,Customer_0130,20000,20.0,4000.0,24000.0,3000.0,8,9,0.0,2026-05-10,,25,2400.0,3,2,Missed,High
C0130,Customer_0130,20000,20.0,4000.0,24000.0,3000.0,8,10,3600.0,2026-05-17,2026-05-24,7,0.0,4,2,Late,High
C0131,Customer_0131,15000,30.0,4500.0,19500.0,1950.0,10,1,2340.0,2026-05-07,2026-05-13,6,17160.0,1,0,Late,Medium
C0131,Customer_0131,15000,30.0,4500.0,19500.0,1950.0,10,2,1950.0,2026-05-14,2026-05-14,0,15210.0,1,0,On Time,Medium
C0131,Customer_0131,15000,30.0,4500.0,19500.0,1950.0,10,3,1950.0,2026-05-21,2026-05-21,0,13260.0,1,0,On Time,Medium
C0131,Customer_0131,15000,30.0,4500.0,19500.0,1950.0,10,4,2340.0,2026-05-28,2026-06-09,12,10920.0,2,0,Late,Medium
C0131,Customer_0131,15000,30.0,4500.0,19500.0,1950.0,10,5,1950.0,2026-06-04,2026-06-04,0,8970.0,2,0,On Time,Medium
C0131,Customer_0131,15000,30.0,4500.0,19500.0,1950.0,10,6,0.0,2026-06-11,,14,8970.0,2,1,Missed,Medium
C0131,Customer_0131,15000,30.0,4500.0,19500.0,1950.0,10,7,0.0,2026-06-18,,23,8970.0,2,2,Missed,High
C0131,Customer_0131,15000,30.0,4500.0,19500.0,1950.0,10,8,1950.0,2026-06-25,2026-06-25,0,7020.0,2,2,On Time,High
C0131,Customer_0131,15000,30.0,4500.0,19500.0,1950.0,10,9,1950.0,2026-07-02,2026-07-02,0,5070.0,2,2,On Time,High
C0131,Customer_0131,15000,30.0,4500.0,19500.0,1950.0,10,10,1950.0,2026-07-09,2026-07-09,0,3120.0,2,2,On Time,High
C0132,Customer_0132,10000,15.0,1500.0,11500.0,1150.0,10,1,1150.0,2026-01-06,2026-01-06,0,10350.0,0,0,On Time,Low
C0132,Customer_0132,10000,15.0,1500.0,11500.0,1150.0,10,2,1150.0,2026-01-13,2026-01-13,0,9200.0,0,0,On Time,Low
C0132,Customer_0132,10000,15.0,1500.0,11500.0,1150.0,10,3,1150.0,2026-01-20,2026-01-20,0,8050.0,0,0,On Time,Low
C0132,Customer_0132,10000,15.0,1500.0,11500.0,1150.0,10,4,1150.0,2026-01-27,2026-01-27,0,6900.0,0,0,On Time,Low
C0132,Customer_0132,10000,15.0,1500.0,11500.0,1150.0,10,5,1150.0,2026-02-03,2026-02-03,0,5750.0,0,0,On Time,Low
C0132,Customer_0132,10000,15.0,1500.0,11500.0,1150.0,10,6,1150.0,2026-02-10,2026-02-10,0,4600.0,0,0,On Time,Low
C0132,Customer_0132,10000,15.0,1500.0,11500.0,1150.0,10,7,1150.0,2026-02-17,2026-02-17,0,3450.0,0,0,On Time,Low
C0132,Customer_0132,10000,15.0,1500.0,11500.0,1150.0,10,8,1150.0,2026-02-24,2026-02-24,0,2300.0,0,0,On Time,Low
C0132,Customer_0132,10000,15.0,1500.0,11500.0,1150.0,10,9,1150.0,2026-03-03,2026-03-03,0,1150.0,0,0,On Time,Low
C0132,Customer_0132,10000,15.0,1500.0,11500.0,1150.0,10,10,920.0,2026-03-10,2026-03-15,5,230.0,1,0,Late,Medium
C0133,Customer_0133,3000,25.0,750.0,3750.0,375.0,10,1,375.0,2026-02-11,2026-02-11,0,3375.0,0,0,On Time,Low
C0133,Customer_0133,3000,25.0,750.0,3750.0,375.0,10,2,375.0,2026-02-18,2026-02-18,0,3000.0,0,0,On Time,Low
C0133,Customer_0133,3000,25.0,750.0,3750.0,375.0,10,3,375.0,2026-02-25,2026-02-25,0,2625.0,0,0,On Time,Low
C0133,Customer_0133,3000,25.0,750.0,3750.0,375.0,10,4,375.0,2026-03-04,2026-03-04,0,2250.0,0,0,On Time,Low
C0133,Customer_0133,3000,25.0,750.0,3750.0,375.0,10,5,375.0,2026-03-11,2026-03-11,0,1875.0,0,0,On Time,Low
C0133,Customer_0133,3000,25.0,750.0,3750.0,375.0,10,6,375.0,2026-03-18,2026-03-26,8,1500.0,1,0,Late,Medium
C0133,Customer_0133,3000,25.0,750.0,3750.0,375.0,10,7,375.0,2026-03-25,2026-03-25,0,1125.0,1,0,On Time,Medium
C0133,Customer_0133,3000,25.0,750.0,3750.0,375.0,10,8,375.0,2026-04-01,2026-04-01,0,750.0,1,0,On Time,Medium
C0133,Customer_0133,3000,25.0,750.0,3750.0,375.0,10,9,375.0,2026-04-08,2026-04-08,0,375.0,1,0,On Time,Medium
C0133,Customer_0133,3000,25.0,750.0,3750.0,375.0,10,10,375.0,2026-04-15,2026-04-15,0,0.0,1,0,On Time,Medium
C0134,Customer_0134,10000,30.0,3000.0,13000.0,1083.33,12,1,1083.33,2026-04-11,2026-04-11,0,11916.67,0,0,On Time,Low
C0134,Customer_0134,10000,30.0,3000.0,13000.0,1083.33,12,2,1083.33,2026-04-18,2026-04-18,0,10833.34,0,0,On Time,Low
C0134,Customer_0134,10000,30.0,3000.0,13000.0,1083.33,12,3,1083.33,2026-04-25,2026-04-25,0,9750.01,0,0,On Time,Low
C0134,Customer_0134,10000,30.0,3000.0,13000.0,1083.33,12,4,1300.0,2026-05-02,2026-05-13,11,8450.01,1,0,Late,Medium
C0134,Customer_0134,10000,30.0,3000.0,13000.0,1083.33,12,5,1083.33,2026-05-09,2026-05-09,0,7366.68,1,0,On Time,Medium
C0134,Customer_0134,10000,30.0,3000.0,13000.0,1083.33,12,6,0.0,2026-05-16,,19,7366.68,1,1,Missed,Medium
C0134,Customer_0134,10000,30.0,3000.0,13000.0,1083.33,12,7,0.0,2026-05-23,,27,7366.68,1,2,Missed,High
C0134,Customer_0134,10000,30.0,3000.0,13000.0,1083.33,12,8,1083.33,2026-05-30,2026-06-03,4,6283.35,2,2,Late,High
C0134,Customer_0134,10000,30.0,3000.0,13000.0,1083.33,12,9,0.0,2026-06-06,,29,6283.35,2,3,Missed,High
C0134,Customer_0134,10000,30.0,3000.0,13000.0,1083.33,12,10,1083.33,2026-06-13,2026-06-13,0,5200.02,2,3,On Time,High
C0135,Customer_0135,15000,15.0,2250.0,17250.0,1437.5,12,1,1437.5,2026-04-07,2026-04-07,0,15812.5,0,0,On Time,Low
C0135,Customer_0135,15000,15.0,2250.0,17250.0,1437.5,12,2,1437.5,2026-04-14,2026-04-28,14,14375.0,1,0,Late,Medium
C0135,Customer_0135,15000,15.0,2250.0,17250.0,1437.5,12,3,1437.5,2026-04-21,2026-04-21,0,12937.5,1,0,On Time,Medium
C0135,Customer_0135,15000,15.0,2250.0,17250.0,1437.5,12,4,0.0,2026-04-28,,15,12937.5,1,1,Missed,Medium
C0135,Customer_0135,15000,15.0,2250.0,17250.0,1437.5,12,5,1437.5,2026-05-05,2026-05-11,6,11500.0,2,1,Late,Medium
C0135,Customer_0135,15000,15.0,2250.0,17250.0,1437.5,12,6,1725.0,2026-05-12,2026-05-21,9,9775.0,3,1,Late,High
C0135,Customer_0135,15000,15.0,2250.0,17250.0,1437.5,12,7,1437.5,2026-05-19,2026-05-19,0,8337.5,3,1,On Time,High
C0135,Customer_0135,15000,15.0,2250.0,17250.0,1437.5,12,8,1725.0,2026-05-26,2026-06-04,9,6612.5,4,1,Late,High
C0135,Customer_0135,15000,15.0,2250.0,17250.0,1437.5,12,9,1437.5,2026-06-02,2026-06-02,0,5175.0,4,1,On Time,High
C0135,Customer_0135,15000,15.0,2250.0,17250.0,1437.5,12,10,1437.5,2026-06-09,2026-06-09,0,3737.5,4,1,On Time,High
C0136,Customer_0136,7000,30.0,2100.0,9100.0,606.67,15,1,606.67,2026-01-30,2026-01-30,0,8493.33,0,0,On Time,Low
C0136,Customer_0136,7000,30.0,2100.0,9100.0,606.67,15,2,728.0,2026-02-06,2026-02-16,10,7765.33,1,0,Late,Medium
C0136,Customer_0136,7000,30.0,2100.0,9100.0,606.67,15,3,606.67,2026-02-13,2026-02-13,0,7158.66,1,0,On Time,Medium
C0136,Customer_0136,7000,30.0,2100.0,9100.0,606.67,15,4,606.67,2026-02-20,2026-02-20,0,6551.99,1,0,On Time,Medium
C0136,Customer_0136,7000,30.0,2100.0,9100.0,606.67,15,5,606.67,2026-02-27,2026-02-27,0,5945.32,1,0,On Time,Medium
C0136,Customer_0136,7000,30.0,2100.0,9100.0,606.67,15,6,606.67,2026-03-06,2026-03-06,0,5338.65,1,0,On Time,Medium
C0136,Customer_0136,7000,30.0,2100.0,9100.0,606.67,15,7,606.67,2026-03-13,2026-03-13,0,4731.98,1,0,On Time,Medium
C0136,Customer_0136,7000,30.0,2100.0,9100.0,606.67,15,8,485.34,2026-03-20,2026-03-27,7,4246.64,2,0,Late,Medium
C0136,Customer_0136,7000,30.0,2100.0,9100.0,606.67,15,9,606.67,2026-03-27,2026-03-27,0,3639.97,2,0,On Time,Medium
C0136,Customer_0136,7000,30.0,2100.0,9100.0,606.67,15,10,606.67,2026-04-03,2026-04-03,0,3033.3,2,0,On Time,Medium
C0137,Customer_0137,15000,30.0,4500.0,19500.0,1625.0,12,1,0.0,2026-04-04,,9,19500.0,0,1,Missed,Medium
C0137,Customer_0137,15000,30.0,4500.0,19500.0,1625.0,12,2,1625.0,2026-04-11,2026-04-11,0,17875.0,0,1,On Time,Medium
C0137,Customer_0137,15000,30.0,4500.0,19500.0,1625.0,12,3,1625.0,2026-04-18,2026-04-20,2,16250.0,1,1,Late,Medium
C0137,Customer_0137,15000,30.0,4500.0,19500.0,1625.0,12,4,1625.0,2026-04-25,2026-04-25,0,14625.0,1,1,On Time,Medium
C0137,Customer_0137,15000,30.0,4500.0,19500.0,1625.0,12,5,1625.0,2026-05-02,2026-05-02,0,13000.0,1,1,On Time,Medium
C0137,Customer_0137,15000,30.0,4500.0,19500.0,1625.0,12,6,1625.0,2026-05-09,2026-05-18,9,11375.0,2,1,Late,Medium
C0137,Customer_0137,15000,30.0,4500.0,19500.0,1625.0,12,7,1300.0,2026-05-16,2026-05-24,8,10075.0,3,1,Late,High
C0137,Customer_0137,15000,30.0,4500.0,19500.0,1625.0,12,8,1625.0,2026-05-23,2026-05-23,0,8450.0,3,1,On Time,High
C0137,Customer_0137,15000,30.0,4500.0,19500.0,1625.0,12,9,1625.0,2026-05-30,2026-05-30,0,6825.0,3,1,On Time,High
C0137,Customer_0137,15000,30.0,4500.0,19500.0,1625.0,12,10,1625.0,2026-06-06,2026-06-06,0,5200.0,3,1,On Time,High
C0138,Customer_0138,5000,15.0,750.0,5750.0,287.5,20,1,287.5,2026-02-26,2026-02-26,0,5462.5,0,0,On Time,Low
C0138,Customer_0138,5000,15.0,750.0,5750.0,287.5,20,2,287.5,2026-03-05,2026-03-09,4,5175.0,1,0,Late,Medium
C0138,Customer_0138,5000,15.0,750.0,5750.0,287.5,20,3,287.5,2026-03-12,2026-03-21,9,4887.5,2,0,Late,Medium
C0138,Customer_0138,5000,15.0,750.0,5750.0,287.5,20,4,230.0,2026-03-19,2026-03-21,2,4657.5,3,0,Late,High
C0138,Customer_0138,5000,15.0,750.0,5750.0,287.5,20,5,287.5,2026-03-26,2026-04-06,11,4370.0,4,0,Late,High
C0138,Customer_0138,5000,15.0,750.0,5750.0,287.5,20,6,287.5,2026-04-02,2026-04-02,0,4082.5,4,0,On Time,High
C0138,Customer_0138,5000,15.0,750.0,5750.0,287.5,20,7,287.5,2026-04-09,2026-04-09,0,3795.0,4,0,On Time,High
C0138,Customer_0138,5000,15.0,750.0,5750.0,287.5,20,8,287.5,2026-04-16,2026-04-16,0,3507.5,4,0,On Time,High
C0138,Customer_0138,5000,15.0,750.0,5750.0,287.5,20,9,287.5,2026-04-23,2026-04-23,0,3220.0,4,0,On Time,High
C0138,Customer_0138,5000,15.0,750.0,5750.0,287.5,20,10,287.5,2026-04-30,2026-04-30,0,2932.5,4,0,On Time,High
C0139,Customer_0139,15000,30.0,4500.0,19500.0,1625.0,12,1,0.0,2026-05-27,,20,19500.0,0,1,Missed,Medium
C0139,Customer_0139,15000,30.0,4500.0,19500.0,1625.0,12,2,1625.0,2026-06-03,2026-06-03,0,17875.0,0,1,On Time,Medium
C0139,Customer_0139,15000,30.0,4500.0,19500.0,1625.0,12,3,1625.0,2026-06-10,2026-06-10,0,16250.0,0,1,On Time,Medium
C0139,Customer_0139,15000,30.0,4500.0,19500.0,1625.0,12,4,1625.0,2026-06-17,2026-06-17,0,14625.0,0,1,On Time,Medium
C0139,Customer_0139,15000,30.0,4500.0,19500.0,1625.0,12,5,1625.0,2026-06-24,2026-06-24,0,13000.0,0,1,On Time,Medium
C0139,Customer_0139,15000,30.0,4500.0,19500.0,1625.0,12,6,0.0,2026-07-01,,28,13000.0,0,2,Missed,High
C0139,Customer_0139,15000,30.0,4500.0,19500.0,1625.0,12,7,1625.0,2026-07-08,2026-07-22,14,11375.0,1,2,Late,High
C0139,Customer_0139,15000,30.0,4500.0,19500.0,1625.0,12,8,0.0,2026-07-15,,16,11375.0,1,3,Missed,High
C0139,Customer_0139,15000,30.0,4500.0,19500.0,1625.0,12,9,1950.0,2026-07-22,2026-07-26,4,9425.0,2,3,Late,High
C0139,Customer_0139,15000,30.0,4500.0,19500.0,1625.0,12,10,0.0,2026-07-29,,20,9425.0,2,4,Missed,High
C0140,Customer_0140,3000,25.0,750.0,3750.0,250.0,15,1,250.0,2026-04-29,2026-04-29,0,3500.0,0,0,On Time,Low
C0140,Customer_0140,3000,25.0,750.0,3750.0,250.0,15,2,250.0,2026-05-06,2026-05-06,0,3250.0,0,0,On Time,Low
C0140,Customer_0140,3000,25.0,750.0,3750.0,250.0,15,3,250.0,2026-05-13,2026-05-13,0,3000.0,0,0,On Time,Low
C0140,Customer_0140,3000,25.0,750.0,3750.0,250.0,15,4,250.0,2026-05-20,2026-05-20,0,2750.0,0,0,On Time,Low
C0140,Customer_0140,3000,25.0,750.0,3750.0,250.0,15,5,250.0,2026-05-27,2026-05-27,0,2500.0,0,0,On Time,Low
C0140,Customer_0140,3000,25.0,750.0,3750.0,250.0,15,6,250.0,2026-06-03,2026-06-03,0,2250.0,0,0,On Time,Low
C0140,Customer_0140,3000,25.0,750.0,3750.0,250.0,15,7,250.0,2026-06-10,2026-06-10,0,2000.0,0,0,On Time,Low
C0140,Customer_0140,3000,25.0,750.0,3750.0,250.0,15,8,250.0,2026-06-17,2026-06-17,0,1750.0,0,0,On Time,Low
C0140,Customer_0140,3000,25.0,750.0,3750.0,250.0,15,9,250.0,2026-06-24,2026-06-24,0,1500.0,0,0,On Time,Low
C0140,Customer_0140,3000,25.0,750.0,3750.0,250.0,15,10,250.0,2026-07-01,2026-07-01,0,1250.0,0,0,On Time,Low
C0141,Customer_0141,20000,25.0,5000.0,25000.0,1250.0,20,1,1500.0,2026-03-19,2026-03-30,11,23500.0,1,0,Late,Medium
C0141,Customer_0141,20000,25.0,5000.0,25000.0,1250.0,20,2,0.0,2026-03-26,,14,23500.0,1,1,Missed,Medium
C0141,Customer_0141,20000,25.0,5000.0,25000.0,1250.0,20,3,1000.0,2026-04-02,2026-04-16,14,22500.0,2,1,Late,Medium
C0141,Customer_0141,20000,25.0,5000.0,25000.0,1250.0,20,4,1250.0,2026-04-09,2026-04-09,0,21250.0,2,1,On Time,Medium
C0141,Customer_0141,20000,25.0,5000.0,25000.0,1250.0,20,5,0.0,2026-04-16,,29,21250.0,2,2,Missed,High
C0141,Customer_0141,20000,25.0,5000.0,25000.0,1250.0,20,6,1250.0,2026-04-23,2026-04-23,0,20000.0,2,2,On Time,High
C0141,Customer_0141,20000,25.0,5000.0,25000.0,1250.0,20,7,1500.0,2026-04-30,2026-05-14,14,18500.0,3,2,Late,High
C0141,Customer_0141,20000,25.0,5000.0,25000.0,1250.0,20,8,1250.0,2026-05-07,2026-05-07,0,17250.0,3,2,On Time,High
C0141,Customer_0141,20000,25.0,5000.0,25000.0,1250.0,20,9,1250.0,2026-05-14,2026-05-14,0,16000.0,3,2,On Time,High
C0141,Customer_0141,20000,25.0,5000.0,25000.0,1250.0,20,10,1000.0,2026-05-21,2026-05-26,5,15000.0,4,2,Late,High
C0142,Customer_0142,15000,30.0,4500.0,19500.0,1300.0,15,1,1300.0,2026-04-11,2026-04-11,0,18200.0,0,0,On Time,Low
C0142,Customer_0142,15000,30.0,4500.0,19500.0,1300.0,15,2,1300.0,2026-04-18,2026-04-18,0,16900.0,0,0,On Time,Low
C0142,Customer_0142,15000,30.0,4500.0,19500.0,1300.0,15,3,1300.0,2026-04-25,2026-04-25,0,15600.0,0,0,On Time,Low
C0142,Customer_0142,15000,30.0,4500.0,19500.0,1300.0,15,4,0.0,2026-05-02,,10,15600.0,0,1,Missed,Medium
C0142,Customer_0142,15000,30.0,4500.0,19500.0,1300.0,15,5,1300.0,2026-05-09,2026-05-17,8,14300.0,1,1,Late,Medium
C0142,Customer_0142,15000,30.0,4500.0,19500.0,1300.0,15,6,0.0,2026-05-16,,14,14300.0,1,2,Missed,High
C0142,Customer_0142,15000,30.0,4500.0,19500.0,1300.0,15,7,1300.0,2026-05-23,2026-05-23,0,13000.0,1,2,On Time,High
C0142,Customer_0142,15000,30.0,4500.0,19500.0,1300.0,15,8,1300.0,2026-05-30,2026-05-30,0,11700.0,1,2,On Time,High
C0142,Customer_0142,15000,30.0,4500.0,19500.0,1300.0,15,9,1300.0,2026-06-06,2026-06-06,0,10400.0,1,2,On Time,High
C0142,Customer_0142,15000,30.0,4500.0,19500.0,1300.0,15,10,1300.0,2026-06-13,2026-06-13,0,9100.0,1,2,On Time,High
C0143,Customer_0143,3000,25.0,750.0,3750.0,375.0,10,1,375.0,2026-02-21,2026-02-21,0,3375.0,0,0,On Time,Low
C0143,Customer_0143,3000,25.0,750.0,3750.0,375.0,10,2,375.0,2026-02-28,2026-02-28,0,3000.0,0,0,On Time,Low
C0143,Customer_0143,3000,25.0,750.0,3750.0,375.0,10,3,375.0,2026-03-07,2026-03-07,0,2625.0,0,0,On Time,Low
C0143,Customer_0143,3000,25.0,750.0,3750.0,375.0,10,4,375.0,2026-03-14,2026-03-14,0,2250.0,0,0,On Time,Low
C0143,Customer_0143,3000,25.0,750.0,3750.0,375.0,10,5,450.0,2026-03-21,2026-03-28,7,1800.0,1,0,Late,Medium
C0143,Customer_0143,3000,25.0,750.0,3750.0,375.0,10,6,375.0,2026-03-28,2026-03-28,0,1425.0,1,0,On Time,Medium
C0143,Customer_0143,3000,25.0,750.0,3750.0,375.0,10,7,375.0,2026-04-04,2026-04-04,0,1050.0,1,0,On Time,Medium
C0143,Customer_0143,3000,25.0,750.0,3750.0,375.0,10,8,375.0,2026-04-11,2026-04-11,0,675.0,1,0,On Time,Medium
C0143,Customer_0143,3000,25.0,750.0,3750.0,375.0,10,9,375.0,2026-04-18,2026-04-18,0,300.0,1,0,On Time,Medium
C0143,Customer_0143,3000,25.0,750.0,3750.0,375.0,10,10,375.0,2026-04-25,2026-05-03,8,0.0,2,0,Late,Medium
C0144,Customer_0144,5000,25.0,1250.0,6250.0,781.25,8,1,781.25,2026-01-01,2026-01-01,0,5468.75,0,0,On Time,Low
C0144,Customer_0144,5000,25.0,1250.0,6250.0,781.25,8,2,781.25,2026-01-08,2026-01-08,0,4687.5,0,0,On Time,Low
C0144,Customer_0144,5000,25.0,1250.0,6250.0,781.25,8,3,781.25,2026-01-15,2026-01-16,1,3906.25,1,0,Late,Medium
C0144,Customer_0144,5000,25.0,1250.0,6250.0,781.25,8,4,781.25,2026-01-22,2026-01-22,0,3125.0,1,0,On Time,Medium
C0144,Customer_0144,5000,25.0,1250.0,6250.0,781.25,8,5,781.25,2026-01-29,2026-01-29,0,2343.75,1,0,On Time,Medium
C0144,Customer_0144,5000,25.0,1250.0,6250.0,781.25,8,6,0.0,2026-02-05,,25,2343.75,1,1,Missed,Medium
C0144,Customer_0144,5000,25.0,1250.0,6250.0,781.25,8,7,781.25,2026-02-12,2026-02-12,0,1562.5,1,1,On Time,Medium
C0144,Customer_0144,5000,25.0,1250.0,6250.0,781.25,8,8,0.0,2026-02-19,,19,1562.5,1,2,Missed,High
C0144,Customer_0144,5000,25.0,1250.0,6250.0,781.25,8,9,781.25,2026-02-26,2026-02-26,0,781.25,1,2,On Time,High
C0144,Customer_0144,5000,25.0,1250.0,6250.0,781.25,8,10,781.25,2026-03-05,2026-03-05,0,0.0,1,2,On Time,High
C0145,Customer_0145,7000,30.0,2100.0,9100.0,455.0,20,1,455.0,2026-03-25,2026-03-25,0,8645.0,0,0,On Time,Low
C0145,Customer_0145,7000,30.0,2100.0,9100.0,455.0,20,2,455.0,2026-04-01,2026-04-01,0,8190.0,0,0,On Time,Low
C0145,Customer_0145,7000,30.0,2100.0,9100.0,455.0,20,3,455.0,2026-04-08,2026-04-08,0,7735.0,0,0,On Time,Low
C0145,Customer_0145,7000,30.0,2100.0,9100.0,455.0,20,4,455.0,2026-04-15,2026-04-15,0,7280.0,0,0,On Time,Low
C0145,Customer_0145,7000,30.0,2100.0,9100.0,455.0,20,5,455.0,2026-04-22,2026-04-22,0,6825.0,0,0,On Time,Low
C0145,Customer_0145,7000,30.0,2100.0,9100.0,455.0,20,6,455.0,2026-04-29,2026-04-29,0,6370.0,0,0,On Time,Low
C0145,Customer_0145,7000,30.0,2100.0,9100.0,455.0,20,7,455.0,2026-05-06,2026-05-06,0,5915.0,0,0,On Time,Low
C0145,Customer_0145,7000,30.0,2100.0,9100.0,455.0,20,8,455.0,2026-05-13,2026-05-13,0,5460.0,0,0,On Time,Low
C0145,Customer_0145,7000,30.0,2100.0,9100.0,455.0,20,9,364.0,2026-05-20,2026-06-03,14,5096.0,1,0,Late,Medium
C0145,Customer_0145,7000,30.0,2100.0,9100.0,455.0,20,10,455.0,2026-05-27,2026-05-27,0,4641.0,1,0,On Time,Medium
C0146,Customer_0146,20000,20.0,4000.0,24000.0,3000.0,8,1,2400.0,2026-01-09,2026-01-18,9,21600.0,1,0,Late,Medium
C0146,Customer_0146,20000,20.0,4000.0,24000.0,3000.0,8,2,2400.0,2026-01-16,2026-01-19,3,19200.0,2,0,Late,Medium
C0146,Customer_0146,20000,20.0,4000.0,24000.0,3000.0,8,3,3000.0,2026-01-23,2026-02-01,9,16200.0,3,0,Late,High
C0146,Customer_0146,20000,20.0,4000.0,24000.0,3000.0,8,4,3000.0,2026-01-30,2026-01-30,0,13200.0,3,0,On Time,High
C0146,Customer_0146,20000,20.0,4000.0,24000.0,3000.0,8,5,3000.0,2026-02-06,2026-02-09,3,10200.0,4,0,Late,High
C0146,Customer_0146,20000,20.0,4000.0,24000.0,3000.0,8,6,3000.0,2026-02-13,2026-02-13,0,7200.0,4,0,On Time,High
C0146,Customer_0146,20000,20.0,4000.0,24000.0,3000.0,8,7,0.0,2026-02-20,,19,7200.0,4,1,Missed,High
C0146,Customer_0146,20000,20.0,4000.0,24000.0,3000.0,8,8,3000.0,2026-02-27,2026-02-27,0,4200.0,4,1,On Time,High
C0146,Customer_0146,20000,20.0,4000.0,24000.0,3000.0,8,9,3000.0,2026-03-06,2026-03-06,0,1200.0,4,1,On Time,High
C0146,Customer_0146,20000,20.0,4000.0,24000.0,3000.0,8,10,3000.0,2026-03-13,2026-03-13,0,0.0,4,1,On Time,High
C0147,Customer_0147,15000,15.0,2250.0,17250.0,862.5,20,1,690.0,2026-01-12,2026-01-25,13,16560.0,1,0,Late,Medium
C0147,Customer_0147,15000,15.0,2250.0,17250.0,862.5,20,2,1035.0,2026-01-19,2026-01-29,10,15525.0,2,0,Late,Medium
C0147,Customer_0147,15000,15.0,2250.0,17250.0,862.5,20,3,690.0,2026-01-26,2026-02-06,11,14835.0,3,0,Late,High
C0147,Customer_0147,15000,15.0,2250.0,17250.0,862.5,20,4,862.5,2026-02-02,2026-02-02,0,13972.5,3,0,On Time,High
C0147,Customer_0147,15000,15.0,2250.0,17250.0,862.5,20,5,862.5,2026-02-09,2026-02-16,7,13110.0,4,0,Late,High
C0147,Customer_0147,15000,15.0,2250.0,17250.0,862.5,20,6,862.5,2026-02-16,2026-02-16,0,12247.5,4,0,On Time,High
C0147,Customer_0147,15000,15.0,2250.0,17250.0,862.5,20,7,862.5,2026-02-23,2026-02-25,2,11385.0,5,0,Late,High
C0147,Customer_0147,15000,15.0,2250.0,17250.0,862.5,20,8,690.0,2026-03-02,2026-03-06,4,10695.0,6,0,Late,High
C0147,Customer_0147,15000,15.0,2250.0,17250.0,862.5,20,9,862.5,2026-03-09,2026-03-09,0,9832.5,6,0,On Time,High
C0147,Customer_0147,15000,15.0,2250.0,17250.0,862.5,20,10,862.5,2026-03-16,2026-03-16,0,8970.0,6,0,On Time,High
C0148,Customer_0148,10000,30.0,3000.0,13000.0,866.67,15,1,866.67,2026-04-23,2026-04-23,0,12133.33,0,0,On Time,Low
C0148,Customer_0148,10000,30.0,3000.0,13000.0,866.67,15,2,866.67,2026-04-30,2026-04-30,0,11266.66,0,0,On Time,Low
C0148,Customer_0148,10000,30.0,3000.0,13000.0,866.67,15,3,866.67,2026-05-07,2026-05-07,0,10399.99,0,0,On Time,Low
C0148,Customer_0148,10000,30.0,3000.0,13000.0,866.67,15,4,0.0,2026-05-14,,15,10399.99,0,1,Missed,Medium
C0148,Customer_0148,10000,30.0,3000.0,13000.0,866.67,15,5,866.67,2026-05-21,2026-05-21,0,9533.32,0,1,On Time,Medium
C0148,Customer_0148,10000,30.0,3000.0,13000.0,866.67,15,6,693.34,2026-05-28,2026-06-07,10,8839.98,1,1,Late,Medium
C0148,Customer_0148,10000,30.0,3000.0,13000.0,866.67,15,7,866.67,2026-06-04,2026-06-04,0,7973.31,1,1,On Time,Medium
C0148,Customer_0148,10000,30.0,3000.0,13000.0,866.67,15,8,866.67,2026-06-11,2026-06-11,0,7106.64,1,1,On Time,Medium
C0148,Customer_0148,10000,30.0,3000.0,13000.0,866.67,15,9,866.67,2026-06-18,2026-06-18,0,6239.97,1,1,On Time,Medium
C0148,Customer_0148,10000,30.0,3000.0,13000.0,866.67,15,10,866.67,2026-06-25,2026-06-25,0,5373.3,1,1,On Time,Medium
C0149,Customer_0149,7000,30.0,2100.0,9100.0,758.33,12,1,0.0,2026-04-27,,12,9100.0,0,1,Missed,Medium
C0149,Customer_0149,7000,30.0,2100.0,9100.0,758.33,12,2,758.33,2026-05-04,2026-05-12,8,8341.67,1,1,Late,Medium
C0149,Customer_0149,7000,30.0,2100.0,9100.0,758.33,12,3,606.66,2026-05-11,2026-05-25,14,7735.01,2,1,Late,Medium
C0149,Customer_0149,7000,30.0,2100.0,9100.0,758.33,12,4,758.33,2026-05-18,2026-05-18,0,6976.68,2,1,On Time,Medium
C0149,Customer_0149,7000,30.0,2100.0,9100.0,758.33,12,5,758.33,2026-05-25,2026-05-25,0,6218.35,2,1,On Time,Medium
C0149,Customer_0149,7000,30.0,2100.0,9100.0,758.33,12,6,758.33,2026-06-01,2026-06-01,0,5460.02,2,1,On Time,Medium
C0149,Customer_0149,7000,30.0,2100.0,9100.0,758.33,12,7,758.33,2026-06-08,2026-06-08,0,4701.69,2,1,On Time,Medium
C0149,Customer_0149,7000,30.0,2100.0,9100.0,758.33,12,8,0.0,2026-06-15,,23,4701.69,2,2,Missed,High
C0149,Customer_0149,7000,30.0,2100.0,9100.0,758.33,12,9,758.33,2026-06-22,2026-06-22,0,3943.36,2,2,On Time,High
C0149,Customer_0149,7000,30.0,2100.0,9100.0,758.33,12,10,758.33,2026-06-29,2026-06-29,0,3185.03,2,2,On Time,High
C0150,Customer_0150,3000,20.0,600.0,3600.0,240.0,15,1,240.0,2026-01-21,2026-01-25,4,3360.0,1,0,Late,Medium
C0150,Customer_0150,3000,20.0,600.0,3600.0,240.0,15,2,240.0,2026-01-28,2026-02-06,9,3120.0,2,0,Late,Medium
C0150,Customer_0150,3000,20.0,600.0,3600.0,240.0,15,3,240.0,2026-02-04,2026-02-04,0,2880.0,2,0,On Time,Medium
C0150,Customer_0150,3000,20.0,600.0,3600.0,240.0,15,4,288.0,2026-02-11,2026-02-23,12,2592.0,3,0,Late,High
C0150,Customer_0150,3000,20.0,600.0,3600.0,240.0,15,5,240.0,2026-02-18,2026-02-21,3,2352.0,4,0,Late,High
C0150,Customer_0150,3000,20.0,600.0,3600.0,240.0,15,6,240.0,2026-02-25,2026-03-06,9,2112.0,5,0,Late,High
C0150,Customer_0150,3000,20.0,600.0,3600.0,240.0,15,7,240.0,2026-03-04,2026-03-04,0,1872.0,5,0,On Time,High
C0150,Customer_0150,3000,20.0,600.0,3600.0,240.0,15,8,240.0,2026-03-11,2026-03-11,0,1632.0,5,0,On Time,High
C0150,Customer_0150,3000,20.0,600.0,3600.0,240.0,15,9,240.0,2026-03-18,2026-03-18,0,1392.0,5,0,On Time,High
C0150,Customer_0150,3000,20.0,600.0,3600.0,240.0,15,10,240.0,2026-03-25,2026-03-25,0,1152.0,5,0,On Time,High
C0151,Customer_0151,3000,20.0,600.0,3600.0,240.0,15,1,240.0,2026-05-04,2026-05-06,2,3360.0,1,0,Late,Medium
C0151,Customer_0151,3000,20.0,600.0,3600.0,240.0,15,2,240.0,2026-05-11,2026-05-11,0,3120.0,1,0,On Time,Medium
C0151,Customer_0151,3000,20.0,600.0,3600.0,240.0,15,3,240.0,2026-05-18,2026-05-18,0,2880.0,1,0,On Time,Medium
C0151,Customer_0151,3000,20.0,600.0,3600.0,240.0,15,4,240.0,2026-05-25,2026-05-25,0,2640.0,1,0,On Time,Medium
C0151,Customer_0151,3000,20.0,600.0,3600.0,240.0,15,5,192.0,2026-06-01,2026-06-05,4,2448.0,2,0,Late,Medium
C0151,Customer_0151,3000,20.0,600.0,3600.0,240.0,15,6,240.0,2026-06-08,2026-06-08,0,2208.0,2,0,On Time,Medium
C0151,Customer_0151,3000,20.0,600.0,3600.0,240.0,15,7,240.0,2026-06-15,2026-06-15,0,1968.0,2,0,On Time,Medium
C0151,Customer_0151,3000,20.0,600.0,3600.0,240.0,15,8,240.0,2026-06-22,2026-06-22,0,1728.0,2,0,On Time,Medium
C0151,Customer_0151,3000,20.0,600.0,3600.0,240.0,15,9,240.0,2026-06-29,2026-06-29,0,1488.0,2,0,On Time,Medium
C0151,Customer_0151,3000,20.0,600.0,3600.0,240.0,15,10,240.0,2026-07-06,2026-07-06,0,1248.0,2,0,On Time,Medium
C0152,Customer_0152,7000,20.0,1400.0,8400.0,700.0,12,1,700.0,2026-02-18,2026-02-18,0,7700.0,0,0,On Time,Low
C0152,Customer_0152,7000,20.0,1400.0,8400.0,700.0,12,2,840.0,2026-02-25,2026-02-27,2,6860.0,1,0,Late,Medium
C0152,Customer_0152,7000,20.0,1400.0,8400.0,700.0,12,3,840.0,2026-03-04,2026-03-16,12,6020.0,2,0,Late,Medium
C0152,Customer_0152,7000,20.0,1400.0,8400.0,700.0,12,4,700.0,2026-03-11,2026-03-11,0,5320.0,2,0,On Time,Medium
C0152,Customer_0152,7000,20.0,1400.0,8400.0,700.0,12,5,700.0,2026-03-18,2026-03-18,0,4620.0,2,0,On Time,Medium
C0152,Customer_0152,7000,20.0,1400.0,8400.0,700.0,12,6,700.0,2026-03-25,2026-03-25,0,3920.0,2,0,On Time,Medium
C0152,Customer_0152,7000,20.0,1400.0,8400.0,700.0,12,7,0.0,2026-04-01,,30,3920.0,2,1,Missed,Medium
C0152,Customer_0152,7000,20.0,1400.0,8400.0,700.0,12,8,0.0,2026-04-08,,9,3920.0,2,2,Missed,High
C0152,Customer_0152,7000,20.0,1400.0,8400.0,700.0,12,9,0.0,2026-04-15,,10,3920.0,2,3,Missed,High
C0152,Customer_0152,7000,20.0,1400.0,8400.0,700.0,12,10,700.0,2026-04-22,2026-04-22,0,3220.0,2,3,On Time,High
C0153,Customer_0153,20000,20.0,4000.0,24000.0,2000.0,12,1,2000.0,2026-02-20,2026-02-20,0,22000.0,0,0,On Time,Low
C0153,Customer_0153,20000,20.0,4000.0,24000.0,2000.0,12,2,2000.0,2026-02-27,2026-03-04,5,20000.0,1,0,Late,Medium
C0153,Customer_0153,20000,20.0,4000.0,24000.0,2000.0,12,3,2000.0,2026-03-06,2026-03-06,0,18000.0,1,0,On Time,Medium
C0153,Customer_0153,20000,20.0,4000.0,24000.0,2000.0,12,4,0.0,2026-03-13,,11,18000.0,1,1,Missed,Medium
C0153,Customer_0153,20000,20.0,4000.0,24000.0,2000.0,12,5,0.0,2026-03-20,,11,18000.0,1,2,Missed,High
C0153,Customer_0153,20000,20.0,4000.0,24000.0,2000.0,12,6,2000.0,2026-03-27,2026-03-27,0,16000.0,1,2,On Time,High
C0153,Customer_0153,20000,20.0,4000.0,24000.0,2000.0,12,7,2000.0,2026-04-03,2026-04-03,0,14000.0,1,2,On Time,High
C0153,Customer_0153,20000,20.0,4000.0,24000.0,2000.0,12,8,0.0,2026-04-10,,15,14000.0,1,3,Missed,High
C0153,Customer_0153,20000,20.0,4000.0,24000.0,2000.0,12,9,0.0,2026-04-17,,19,14000.0,1,4,Missed,High
C0153,Customer_0153,20000,20.0,4000.0,24000.0,2000.0,12,10,2000.0,2026-04-24,2026-04-24,0,12000.0,1,4,On Time,High
C0154,Customer_0154,20000,30.0,6000.0,26000.0,3250.0,8,1,0.0,2026-04-19,,28,26000.0,0,1,Missed,Medium
C0154,Customer_0154,20000,30.0,6000.0,26000.0,3250.0,8,2,3250.0,2026-04-26,2026-04-26,0,22750.0,0,1,On Time,Medium
C0154,Customer_0154,20000,30.0,6000.0,26000.0,3250.0,8,3,3250.0,2026-05-03,2026-05-03,0,19500.0,0,1,On Time,Medium
C0154,Customer_0154,20000,30.0,6000.0,26000.0,3250.0,8,4,3250.0,2026-05-10,2026-05-10,0,16250.0,0,1,On Time,Medium
C0154,Customer_0154,20000,30.0,6000.0,26000.0,3250.0,8,5,3250.0,2026-05-17,2026-05-17,0,13000.0,0,1,On Time,Medium
C0154,Customer_0154,20000,30.0,6000.0,26000.0,3250.0,8,6,3250.0,2026-05-24,2026-05-31,7,9750.0,1,1,Late,Medium
C0154,Customer_0154,20000,30.0,6000.0,26000.0,3250.0,8,7,3250.0,2026-05-31,2026-05-31,0,6500.0,1,1,On Time,Medium
C0154,Customer_0154,20000,30.0,6000.0,26000.0,3250.0,8,8,3250.0,2026-06-07,2026-06-07,0,3250.0,1,1,On Time,Medium
C0154,Customer_0154,20000,30.0,6000.0,26000.0,3250.0,8,9,3250.0,2026-06-14,2026-06-14,0,0.0,1,1,On Time,Medium
C0154,Customer_0154,20000,30.0,6000.0,26000.0,3250.0,8,10,3250.0,2026-06-21,2026-06-21,0,0.0,1,1,On Time,Medium
C0155,Customer_0155,3000,15.0,450.0,3450.0,230.0,15,1,0.0,2026-01-21,,13,3450.0,0,1,Missed,Medium
C0155,Customer_0155,3000,15.0,450.0,3450.0,230.0,15,2,230.0,2026-01-28,2026-01-28,0,3220.0,0,1,On Time,Medium
C0155,Customer_0155,3000,15.0,450.0,3450.0,230.0,15,3,230.0,2026-02-04,2026-02-04,0,2990.0,0,1,On Time,Medium
C0155,Customer_0155,3000,15.0,450.0,3450.0,230.0,15,4,230.0,2026-02-11,2026-02-11,0,2760.0,0,1,On Time,Medium
C0155,Customer_0155,3000,15.0,450.0,3450.0,230.0,15,5,0.0,2026-02-18,,19,2760.0,0,2,Missed,High
C0155,Customer_0155,3000,15.0,450.0,3450.0,230.0,15,6,230.0,2026-02-25,2026-02-25,0,2530.0,0,2,On Time,High
C0155,Customer_0155,3000,15.0,450.0,3450.0,230.0,15,7,230.0,2026-03-04,2026-03-04,0,2300.0,0,2,On Time,High
C0155,Customer_0155,3000,15.0,450.0,3450.0,230.0,15,8,230.0,2026-03-11,2026-03-11,0,2070.0,0,2,On Time,High
C0155,Customer_0155,3000,15.0,450.0,3450.0,230.0,15,9,0.0,2026-03-18,,24,2070.0,0,3,Missed,High
C0155,Customer_0155,3000,15.0,450.0,3450.0,230.0,15,10,230.0,2026-03-25,2026-03-25,0,1840.0,0,3,On Time,High
C0156,Customer_0156,3000,30.0,900.0,3900.0,390.0,10,1,390.0,2026-01-19,2026-01-19,0,3510.0,0,0,On Time,Low
C0156,Customer_0156,3000,30.0,900.0,3900.0,390.0,10,2,390.0,2026-01-26,2026-01-26,0,3120.0,0,0,On Time,Low
C0156,Customer_0156,3000,30.0,900.0,3900.0,390.0,10,3,390.0,2026-02-02,2026-02-02,0,2730.0,0,0,On Time,Low
C0156,Customer_0156,3000,30.0,900.0,3900.0,390.0,10,4,390.0,2026-02-09,2026-02-09,0,2340.0,0,0,On Time,Low
C0156,Customer_0156,3000,30.0,900.0,3900.0,390.0,10,5,390.0,2026-02-16,2026-02-16,0,1950.0,0,0,On Time,Low
C0156,Customer_0156,3000,30.0,900.0,3900.0,390.0,10,6,390.0,2026-02-23,2026-02-23,0,1560.0,0,0,On Time,Low
C0156,Customer_0156,3000,30.0,900.0,3900.0,390.0,10,7,0.0,2026-03-02,,27,1560.0,0,1,Missed,Medium
C0156,Customer_0156,3000,30.0,900.0,3900.0,390.0,10,8,390.0,2026-03-09,2026-03-09,0,1170.0,0,1,On Time,Medium
C0156,Customer_0156,3000,30.0,900.0,3900.0,390.0,10,9,390.0,2026-03-16,2026-03-16,0,780.0,0,1,On Time,Medium
C0156,Customer_0156,3000,30.0,900.0,3900.0,390.0,10,10,390.0,2026-03-23,2026-03-23,0,390.0,0,1,On Time,Medium
C0157,Customer_0157,20000,15.0,3000.0,23000.0,1916.67,12,1,2300.0,2026-01-05,2026-01-14,9,20700.0,1,0,Late,Medium
C0157,Customer_0157,20000,15.0,3000.0,23000.0,1916.67,12,2,2300.0,2026-01-12,2026-01-18,6,18400.0,2,0,Late,Medium
C0157,Customer_0157,20000,15.0,3000.0,23000.0,1916.67,12,3,1916.67,2026-01-19,2026-01-19,0,16483.33,2,0,On Time,Medium
C0157,Customer_0157,20000,15.0,3000.0,23000.0,1916.67,12,4,1916.67,2026-01-26,2026-01-26,0,14566.66,2,0,On Time,Medium
C0157,Customer_0157,20000,15.0,3000.0,23000.0,1916.67,12,5,0.0,2026-02-02,,18,14566.66,2,1,Missed,Medium
C0157,Customer_0157,20000,15.0,3000.0,23000.0,1916.67,12,6,1916.67,2026-02-09,2026-02-16,7,12649.99,3,1,Late,High
C0157,Customer_0157,20000,15.0,3000.0,23000.0,1916.67,12,7,1916.67,2026-02-16,2026-02-16,0,10733.32,3,1,On Time,High
C0157,Customer_0157,20000,15.0,3000.0,23000.0,1916.67,12,8,1916.67,2026-02-23,2026-02-23,0,8816.65,3,1,On Time,High
C0157,Customer_0157,20000,15.0,3000.0,23000.0,1916.67,12,9,1916.67,2026-03-02,2026-03-02,0,6899.98,3,1,On Time,High
C0157,Customer_0157,20000,15.0,3000.0,23000.0,1916.67,12,10,1916.67,2026-03-09,2026-03-20,11,4983.31,4,1,Late,High
C0158,Customer_0158,7000,30.0,2100.0,9100.0,1137.5,8,1,1137.5,2026-06-28,2026-06-30,2,7962.5,1,0,Late,Medium
C0158,Customer_0158,7000,30.0,2100.0,9100.0,1137.5,8,2,1137.5,2026-07-05,2026-07-05,0,6825.0,1,0,On Time,Medium
C0158,Customer_0158,7000,30.0,2100.0,9100.0,1137.5,8,3,1137.5,2026-07-12,2026-07-12,0,5687.5,1,0,On Time,Medium
C0158,Customer_0158,7000,30.0,2100.0,9100.0,1137.5,8,4,1137.5,2026-07-19,2026-07-19,0,4550.0,1,0,On Time,Medium
C0158,Customer_0158,7000,30.0,2100.0,9100.0,1137.5,8,5,1137.5,2026-07-26,2026-08-04,9,3412.5,2,0,Late,Medium
C0158,Customer_0158,7000,30.0,2100.0,9100.0,1137.5,8,6,1137.5,2026-08-02,2026-08-02,0,2275.0,2,0,On Time,Medium
C0158,Customer_0158,7000,30.0,2100.0,9100.0,1137.5,8,7,1137.5,2026-08-09,2026-08-09,0,1137.5,2,0,On Time,Medium
C0158,Customer_0158,7000,30.0,2100.0,9100.0,1137.5,8,8,1137.5,2026-08-16,2026-08-16,0,0.0,2,0,On Time,Medium
C0158,Customer_0158,7000,30.0,2100.0,9100.0,1137.5,8,9,1137.5,2026-08-23,2026-08-23,0,0.0,2,0,On Time,Medium
C0158,Customer_0158,7000,30.0,2100.0,9100.0,1137.5,8,10,1137.5,2026-08-30,2026-08-30,0,0.0,2,0,On Time,Medium
C0159,Customer_0159,20000,25.0,5000.0,25000.0,2083.33,12,1,2083.33,2026-03-10,2026-03-10,0,22916.67,0,0,On Time,Low
C0159,Customer_0159,20000,25.0,5000.0,25000.0,2083.33,12,2,2083.33,2026-03-17,2026-03-17,0,20833.34,0,0,On Time,Low
C0159,Customer_0159,20000,25.0,5000.0,25000.0,2083.33,12,3,0.0,2026-03-24,,22,20833.34,0,1,Missed,Medium
C0159,Customer_0159,20000,25.0,5000.0,25000.0,2083.33,12,4,2083.33,2026-03-31,2026-04-13,13,18750.01,1,1,Late,Medium
C0159,Customer_0159,20000,25.0,5000.0,25000.0,2083.33,12,5,2083.33,2026-04-07,2026-04-07,0,16666.68,1,1,On Time,Medium
C0159,Customer_0159,20000,25.0,5000.0,25000.0,2083.33,12,6,2083.33,2026-04-14,2026-04-24,10,14583.35,2,1,Late,Medium
C0159,Customer_0159,20000,25.0,5000.0,25000.0,2083.33,12,7,2083.33,2026-04-21,2026-04-21,0,12500.02,2,1,On Time,Medium
C0159,Customer_0159,20000,25.0,5000.0,25000.0,2083.33,12,8,2083.33,2026-04-28,2026-04-28,0,10416.69,2,1,On Time,Medium
C0159,Customer_0159,20000,25.0,5000.0,25000.0,2083.33,12,9,1666.66,2026-05-05,2026-05-13,8,8750.03,3,1,Late,High
C0159,Customer_0159,20000,25.0,5000.0,25000.0,2083.33,12,10,2083.33,2026-05-12,2026-05-21,9,6666.7,4,1,Late,High
C0160,Customer_0160,20000,25.0,5000.0,25000.0,2083.33,12,1,2083.33,2026-01-19,2026-01-19,0,22916.67,0,0,On Time,Low
C0160,Customer_0160,20000,25.0,5000.0,25000.0,2083.33,12,2,0.0,2026-01-26,,14,22916.67,0,1,Missed,Medium
C0160,Customer_0160,20000,25.0,5000.0,25000.0,2083.33,12,3,2083.33,2026-02-02,2026-02-02,0,20833.34,0,1,On Time,Medium
C0160,Customer_0160,20000,25.0,5000.0,25000.0,2083.33,12,4,2083.33,2026-02-09,2026-02-09,0,18750.01,0,1,On Time,Medium
C0160,Customer_0160,20000,25.0,5000.0,25000.0,2083.33,12,5,1666.66,2026-02-16,2026-02-21,5,17083.35,1,1,Late,Medium
C0160,Customer_0160,20000,25.0,5000.0,25000.0,2083.33,12,6,1666.66,2026-02-23,2026-03-08,13,15416.69,2,1,Late,Medium
C0160,Customer_0160,20000,25.0,5000.0,25000.0,2083.33,12,7,1666.66,2026-03-02,2026-03-14,12,13750.03,3,1,Late,High
C0160,Customer_0160,20000,25.0,5000.0,25000.0,2083.33,12,8,2083.33,2026-03-09,2026-03-10,1,11666.7,4,1,Late,High
C0160,Customer_0160,20000,25.0,5000.0,25000.0,2083.33,12,9,2083.33,2026-03-16,2026-03-24,8,9583.37,5,1,Late,High
C0160,Customer_0160,20000,25.0,5000.0,25000.0,2083.33,12,10,2083.33,2026-03-23,2026-03-23,0,7500.04,5,1,On Time,High
C0161,Customer_0161,5000,20.0,1000.0,6000.0,400.0,15,1,400.0,2026-06-07,2026-06-07,0,5600.0,0,0,On Time,Low
C0161,Customer_0161,5000,20.0,1000.0,6000.0,400.0,15,2,400.0,2026-06-14,2026-06-14,0,5200.0,0,0,On Time,Low
C0161,Customer_0161,5000,20.0,1000.0,6000.0,400.0,15,3,400.0,2026-06-21,2026-06-21,0,4800.0,0,0,On Time,Low
C0161,Customer_0161,5000,20.0,1000.0,6000.0,400.0,15,4,400.0,2026-06-28,2026-06-28,0,4400.0,0,0,On Time,Low
C0161,Customer_0161,5000,20.0,1000.0,6000.0,400.0,15,5,400.0,2026-07-05,2026-07-05,0,4000.0,0,0,On Time,Low
C0161,Customer_0161,5000,20.0,1000.0,6000.0,400.0,15,6,320.0,2026-07-12,2026-07-25,13,3680.0,1,0,Late,Medium
C0161,Customer_0161,5000,20.0,1000.0,6000.0,400.0,15,7,400.0,2026-07-19,2026-07-19,0,3280.0,1,0,On Time,Medium
C0161,Customer_0161,5000,20.0,1000.0,6000.0,400.0,15,8,400.0,2026-07-26,2026-08-03,8,2880.0,2,0,Late,Medium
C0161,Customer_0161,5000,20.0,1000.0,6000.0,400.0,15,9,400.0,2026-08-02,2026-08-02,0,2480.0,2,0,On Time,Medium
C0161,Customer_0161,5000,20.0,1000.0,6000.0,400.0,15,10,480.0,2026-08-09,2026-08-15,6,2000.0,3,0,Late,High
C0162,Customer_0162,10000,20.0,2000.0,12000.0,1200.0,10,1,1200.0,2026-01-13,2026-01-25,12,10800.0,1,0,Late,Medium
C0162,Customer_0162,10000,20.0,2000.0,12000.0,1200.0,10,2,1200.0,2026-01-20,2026-01-28,8,9600.0,2,0,Late,Medium
C0162,Customer_0162,10000,20.0,2000.0,12000.0,1200.0,10,3,1200.0,2026-01-27,2026-01-27,0,8400.0,2,0,On Time,Medium
C0162,Customer_0162,10000,20.0,2000.0,12000.0,1200.0,10,4,1200.0,2026-02-03,2026-02-03,0,7200.0,2,0,On Time,Medium
C0162,Customer_0162,10000,20.0,2000.0,12000.0,1200.0,10,5,1200.0,2026-02-10,2026-02-10,0,6000.0,2,0,On Time,Medium
C0162,Customer_0162,10000,20.0,2000.0,12000.0,1200.0,10,6,1200.0,2026-02-17,2026-02-17,0,4800.0,2,0,On Time,Medium
C0162,Customer_0162,10000,20.0,2000.0,12000.0,1200.0,10,7,1200.0,2026-02-24,2026-02-24,0,3600.0,2,0,On Time,Medium
C0162,Customer_0162,10000,20.0,2000.0,12000.0,1200.0,10,8,960.0,2026-03-03,2026-03-12,9,2640.0,3,0,Late,High
C0162,Customer_0162,10000,20.0,2000.0,12000.0,1200.0,10,9,1200.0,2026-03-10,2026-03-10,0,1440.0,3,0,On Time,High
C0162,Customer_0162,10000,20.0,2000.0,12000.0,1200.0,10,10,1200.0,2026-03-17,2026-03-17,0,240.0,3,0,On Time,High
C0163,Customer_0163,7000,15.0,1050.0,8050.0,670.83,12,1,670.83,2026-02-26,2026-02-27,1,7379.17,1,0,Late,Medium
C0163,Customer_0163,7000,15.0,1050.0,8050.0,670.83,12,2,805.0,2026-03-05,2026-03-19,14,6574.17,2,0,Late,Medium
C0163,Customer_0163,7000,15.0,1050.0,8050.0,670.83,12,3,670.83,2026-03-12,2026-03-12,0,5903.34,2,0,On Time,Medium
C0163,Customer_0163,7000,15.0,1050.0,8050.0,670.83,12,4,670.83,2026-03-19,2026-03-23,4,5232.51,3,0,Late,High
C0163,Customer_0163,7000,15.0,1050.0,8050.0,670.83,12,5,670.83,2026-03-26,2026-03-26,0,4561.68,3,0,On Time,High
C0163,Customer_0163,7000,15.0,1050.0,8050.0,670.83,12,6,670.83,2026-04-02,2026-04-02,0,3890.85,3,0,On Time,High
C0163,Customer_0163,7000,15.0,1050.0,8050.0,670.83,12,7,670.83,2026-04-09,2026-04-09,0,3220.02,3,0,On Time,High
C0163,Customer_0163,7000,15.0,1050.0,8050.0,670.83,12,8,670.83,2026-04-16,2026-04-16,0,2549.19,3,0,On Time,High
C0163,Customer_0163,7000,15.0,1050.0,8050.0,670.83,12,9,670.83,2026-04-23,2026-04-23,0,1878.36,3,0,On Time,High
C0163,Customer_0163,7000,15.0,1050.0,8050.0,670.83,12,10,670.83,2026-04-30,2026-04-30,0,1207.53,3,0,On Time,High
C0164,Customer_0164,20000,25.0,5000.0,25000.0,1666.67,15,1,1666.67,2026-02-28,2026-03-12,12,23333.33,1,0,Late,Medium
C0164,Customer_0164,20000,25.0,5000.0,25000.0,1666.67,15,2,1666.67,2026-03-07,2026-03-07,0,21666.66,1,0,On Time,Medium
C0164,Customer_0164,20000,25.0,5000.0,25000.0,1666.67,15,3,1666.67,2026-03-14,2026-03-14,0,19999.99,1,0,On Time,Medium
C0164,Customer_0164,20000,25.0,5000.0,25000.0,1666.67,15,4,1666.67,2026-03-21,2026-03-21,0,18333.32,1,0,On Time,Medium
C0164,Customer_0164,20000,25.0,5000.0,25000.0,1666.67,15,5,1666.67,2026-03-28,2026-03-28,0,16666.65,1,0,On Time,Medium
C0164,Customer_0164,20000,25.0,5000.0,25000.0,1666.67,15,6,1666.67,2026-04-04,2026-04-04,0,14999.98,1,0,On Time,Medium
C0164,Customer_0164,20000,25.0,5000.0,25000.0,1666.67,15,7,1666.67,2026-04-11,2026-04-20,9,13333.31,2,0,Late,Medium
C0164,Customer_0164,20000,25.0,5000.0,25000.0,1666.67,15,8,1666.67,2026-04-18,2026-04-18,0,11666.64,2,0,On Time,Medium
C0164,Customer_0164,20000,25.0,5000.0,25000.0,1666.67,15,9,1666.67,2026-04-25,2026-04-25,0,9999.97,2,0,On Time,Medium
C0164,Customer_0164,20000,25.0,5000.0,25000.0,1666.67,15,10,1666.67,2026-05-02,2026-05-02,0,8333.3,2,0,On Time,Medium
C0165,Customer_0165,20000,20.0,4000.0,24000.0,3000.0,8,1,3000.0,2026-03-28,2026-03-28,0,21000.0,0,0,On Time,Low
C0165,Customer_0165,20000,20.0,4000.0,24000.0,3000.0,8,2,3000.0,2026-04-04,2026-04-04,0,18000.0,0,0,On Time,Low
C0165,Customer_0165,20000,20.0,4000.0,24000.0,3000.0,8,3,3000.0,2026-04-11,2026-04-11,0,15000.0,0,0,On Time,Low
C0165,Customer_0165,20000,20.0,4000.0,24000.0,3000.0,8,4,0.0,2026-04-18,,17,15000.0,0,1,Missed,Medium
C0165,Customer_0165,20000,20.0,4000.0,24000.0,3000.0,8,5,3000.0,2026-04-25,2026-04-28,3,12000.0,1,1,Late,Medium
C0165,Customer_0165,20000,20.0,4000.0,24000.0,3000.0,8,6,3000.0,2026-05-02,2026-05-02,0,9000.0,1,1,On Time,Medium
C0165,Customer_0165,20000,20.0,4000.0,24000.0,3000.0,8,7,3600.0,2026-05-09,2026-05-13,4,5400.0,2,1,Late,Medium
C0165,Customer_0165,20000,20.0,4000.0,24000.0,3000.0,8,8,0.0,2026-05-16,,25,5400.0,2,2,Missed,High
C0165,Customer_0165,20000,20.0,4000.0,24000.0,3000.0,8,9,3000.0,2026-05-23,2026-05-23,0,2400.0,2,2,On Time,High
C0165,Customer_0165,20000,20.0,4000.0,24000.0,3000.0,8,10,0.0,2026-05-30,,22,2400.0,2,3,Missed,High
C0166,Customer_0166,10000,25.0,2500.0,12500.0,625.0,20,1,625.0,2026-05-25,2026-06-07,13,11875.0,1,0,Late,Medium
C0166,Customer_0166,10000,25.0,2500.0,12500.0,625.0,20,2,625.0,2026-06-01,2026-06-01,0,11250.0,1,0,On Time,Medium
C0166,Customer_0166,10000,25.0,2500.0,12500.0,625.0,20,3,625.0,2026-06-08,2026-06-08,0,10625.0,1,0,On Time,Medium
C0166,Customer_0166,10000,25.0,2500.0,12500.0,625.0,20,4,625.0,2026-06-15,2026-06-22,7,10000.0,2,0,Late,Medium
C0166,Customer_0166,10000,25.0,2500.0,12500.0,625.0,20,5,625.0,2026-06-22,2026-06-22,0,9375.0,2,0,On Time,Medium
C0166,Customer_0166,10000,25.0,2500.0,12500.0,625.0,20,6,500.0,2026-06-29,2026-06-30,1,8875.0,3,0,Late,High
C0166,Customer_0166,10000,25.0,2500.0,12500.0,625.0,20,7,625.0,2026-07-06,2026-07-06,0,8250.0,3,0,On Time,High
C0166,Customer_0166,10000,25.0,2500.0,12500.0,625.0,20,8,625.0,2026-07-13,2026-07-13,0,7625.0,3,0,On Time,High
C0166,Customer_0166,10000,25.0,2500.0,12500.0,625.0,20,9,500.0,2026-07-20,2026-08-03,14,7125.0,4,0,Late,High
C0166,Customer_0166,10000,25.0,2500.0,12500.0,625.0,20,10,625.0,2026-07-27,2026-07-27,0,6500.0,4,0,On Time,High
C0167,Customer_0167,10000,25.0,2500.0,12500.0,1041.67,12,1,0.0,2026-05-20,,23,12500.0,0,1,Missed,Medium
C0167,Customer_0167,10000,25.0,2500.0,12500.0,1041.67,12,2,1041.67,2026-05-27,2026-05-27,0,11458.33,0,1,On Time,Medium
C0167,Customer_0167,10000,25.0,2500.0,12500.0,1041.67,12,3,0.0,2026-06-03,,15,11458.33,0,2,Missed,High
C0167,Customer_0167,10000,25.0,2500.0,12500.0,1041.67,12,4,1041.67,2026-06-10,2026-06-10,0,10416.66,0,2,On Time,High
C0167,Customer_0167,10000,25.0,2500.0,12500.0,1041.67,12,5,1041.67,2026-06-17,2026-06-17,0,9374.99,0,2,On Time,High
C0167,Customer_0167,10000,25.0,2500.0,12500.0,1041.67,12,6,1041.67,2026-06-24,2026-06-24,0,8333.32,0,2,On Time,High
C0167,Customer_0167,10000,25.0,2500.0,12500.0,1041.67,12,7,833.34,2026-07-01,2026-07-13,12,7499.98,1,2,Late,High
C0167,Customer_0167,10000,25.0,2500.0,12500.0,1041.67,12,8,833.34,2026-07-08,2026-07-10,2,6666.64,2,2,Late,High
C0167,Customer_0167,10000,25.0,2500.0,12500.0,1041.67,12,9,1041.67,2026-07-15,2026-07-15,0,5624.97,2,2,On Time,High
C0167,Customer_0167,10000,25.0,2500.0,12500.0,1041.67,12,10,1041.67,2026-07-22,2026-07-22,0,4583.3,2,2,On Time,High
C0168,Customer_0168,5000,30.0,1500.0,6500.0,812.5,8,1,812.5,2026-03-14,2026-03-22,8,5687.5,1,0,Late,Medium
C0168,Customer_0168,5000,30.0,1500.0,6500.0,812.5,8,2,812.5,2026-03-21,2026-03-21,0,4875.0,1,0,On Time,Medium
C0168,Customer_0168,5000,30.0,1500.0,6500.0,812.5,8,3,812.5,2026-03-28,2026-04-10,13,4062.5,2,0,Late,Medium
C0168,Customer_0168,5000,30.0,1500.0,6500.0,812.5,8,4,812.5,2026-04-04,2026-04-04,0,3250.0,2,0,On Time,Medium
C0168,Customer_0168,5000,30.0,1500.0,6500.0,812.5,8,5,812.5,2026-04-11,2026-04-11,0,2437.5,2,0,On Time,Medium
C0168,Customer_0168,5000,30.0,1500.0,6500.0,812.5,8,6,0.0,2026-04-18,,10,2437.5,2,1,Missed,Medium
C0168,Customer_0168,5000,30.0,1500.0,6500.0,812.5,8,7,975.0,2026-04-25,2026-05-01,6,1462.5,3,1,Late,High
C0168,Customer_0168,5000,30.0,1500.0,6500.0,812.5,8,8,812.5,2026-05-02,2026-05-02,0,650.0,3,1,On Time,High
C0168,Customer_0168,5000,30.0,1500.0,6500.0,812.5,8,9,812.5,2026-05-09,2026-05-09,0,0.0,3,1,On Time,High
C0168,Customer_0168,5000,30.0,1500.0,6500.0,812.5,8,10,812.5,2026-05-16,2026-05-17,1,0.0,4,1,Late,High
C0169,Customer_0169,10000,15.0,1500.0,11500.0,766.67,15,1,766.67,2026-01-13,2026-01-13,0,10733.33,0,0,On Time,Low
C0169,Customer_0169,10000,15.0,1500.0,11500.0,766.67,15,2,766.67,2026-01-20,2026-01-20,0,9966.66,0,0,On Time,Low
C0169,Customer_0169,10000,15.0,1500.0,11500.0,766.67,15,3,766.67,2026-01-27,2026-01-27,0,9199.99,0,0,On Time,Low
C0169,Customer_0169,10000,15.0,1500.0,11500.0,766.67,15,4,766.67,2026-02-03,2026-02-03,0,8433.32,0,0,On Time,Low
C0169,Customer_0169,10000,15.0,1500.0,11500.0,766.67,15,5,766.67,2026-02-10,2026-02-23,13,7666.65,1,0,Late,Medium
C0169,Customer_0169,10000,15.0,1500.0,11500.0,766.67,15,6,766.67,2026-02-17,2026-02-17,0,6899.98,1,0,On Time,Medium
C0169,Customer_0169,10000,15.0,1500.0,11500.0,766.67,15,7,766.67,2026-02-24,2026-02-24,0,6133.31,1,0,On Time,Medium
C0169,Customer_0169,10000,15.0,1500.0,11500.0,766.67,15,8,766.67,2026-03-03,2026-03-03,0,5366.64,1,0,On Time,Medium
C0169,Customer_0169,10000,15.0,1500.0,11500.0,766.67,15,9,766.67,2026-03-10,2026-03-10,0,4599.97,1,0,On Time,Medium
C0169,Customer_0169,10000,15.0,1500.0,11500.0,766.67,15,10,766.67,2026-03-17,2026-03-17,0,3833.3,1,0,On Time,Medium
C0170,Customer_0170,3000,25.0,750.0,3750.0,468.75,8,1,468.75,2026-01-12,2026-01-12,0,3281.25,0,0,On Time,Low
C0170,Customer_0170,3000,25.0,750.0,3750.0,468.75,8,2,468.75,2026-01-19,2026-01-19,0,2812.5,0,0,On Time,Low
C0170,Customer_0170,3000,25.0,750.0,3750.0,468.75,8,3,468.75,2026-01-26,2026-01-26,0,2343.75,0,0,On Time,Low
C0170,Customer_0170,3000,25.0,750.0,3750.0,468.75,8,4,0.0,2026-02-02,,12,2343.75,0,1,Missed,Medium
C0170,Customer_0170,3000,25.0,750.0,3750.0,468.75,8,5,468.75,2026-02-09,2026-02-21,12,1875.0,1,1,Late,Medium
C0170,Customer_0170,3000,25.0,750.0,3750.0,468.75,8,6,468.75,2026-02-16,2026-02-16,0,1406.25,1,1,On Time,Medium
C0170,Customer_0170,3000,25.0,750.0,3750.0,468.75,8,7,468.75,2026-02-23,2026-02-23,0,937.5,1,1,On Time,Medium
C0170,Customer_0170,3000,25.0,750.0,3750.0,468.75,8,8,468.75,2026-03-02,2026-03-02,0,468.75,1,1,On Time,Medium
C0170,Customer_0170,3000,25.0,750.0,3750.0,468.75,8,9,468.75,2026-03-09,2026-03-14,5,0.0,2,1,Late,Medium
C0170,Customer_0170,3000,25.0,750.0,3750.0,468.75,8,10,468.75,2026-03-16,2026-03-16,0,0.0,2,1,On Time,Medium
C0171,Customer_0171,20000,15.0,3000.0,23000.0,2300.0,10,1,2300.0,2026-06-14,2026-06-14,0,20700.0,0,0,On Time,Low
C0171,Customer_0171,20000,15.0,3000.0,23000.0,2300.0,10,2,2300.0,2026-06-21,2026-06-21,0,18400.0,0,0,On Time,Low
C0171,Customer_0171,20000,15.0,3000.0,23000.0,2300.0,10,3,2300.0,2026-06-28,2026-06-28,0,16100.0,0,0,On Time,Low
C0171,Customer_0171,20000,15.0,3000.0,23000.0,2300.0,10,4,2300.0,2026-07-05,2026-07-12,7,13800.0,1,0,Late,Medium
C0171,Customer_0171,20000,15.0,3000.0,23000.0,2300.0,10,5,2300.0,2026-07-12,2026-07-12,0,11500.0,1,0,On Time,Medium
C0171,Customer_0171,20000,15.0,3000.0,23000.0,2300.0,10,6,2300.0,2026-07-19,2026-07-19,0,9200.0,1,0,On Time,Medium
C0171,Customer_0171,20000,15.0,3000.0,23000.0,2300.0,10,7,2300.0,2026-07-26,2026-07-26,0,6900.0,1,0,On Time,Medium
C0171,Customer_0171,20000,15.0,3000.0,23000.0,2300.0,10,8,2300.0,2026-08-02,2026-08-02,0,4600.0,1,0,On Time,Medium
C0171,Customer_0171,20000,15.0,3000.0,23000.0,2300.0,10,9,2300.0,2026-08-09,2026-08-09,0,2300.0,1,0,On Time,Medium
C0171,Customer_0171,20000,15.0,3000.0,23000.0,2300.0,10,10,0.0,2026-08-16,,21,2300.0,1,1,Missed,Medium
C0172,Customer_0172,7000,15.0,1050.0,8050.0,670.83,12,1,536.66,2026-01-08,2026-01-16,8,7513.34,1,0,Late,Medium
C0172,Customer_0172,7000,15.0,1050.0,8050.0,670.83,12,2,670.83,2026-01-15,2026-01-15,0,6842.51,1,0,On Time,Medium
C0172,Customer_0172,7000,15.0,1050.0,8050.0,670.83,12,3,670.83,2026-01-22,2026-01-22,0,6171.68,1,0,On Time,Medium
C0172,Customer_0172,7000,15.0,1050.0,8050.0,670.83,12,4,670.83,2026-01-29,2026-01-29,0,5500.85,1,0,On Time,Medium
C0172,Customer_0172,7000,15.0,1050.0,8050.0,670.83,12,5,670.83,2026-02-05,2026-02-05,0,4830.02,1,0,On Time,Medium
C0172,Customer_0172,7000,15.0,1050.0,8050.0,670.83,12,6,670.83,2026-02-12,2026-02-12,0,4159.19,1,0,On Time,Medium
C0172,Customer_0172,7000,15.0,1050.0,8050.0,670.83,12,7,670.83,2026-02-19,2026-02-19,0,3488.36,1,0,On Time,Medium
C0172,Customer_0172,7000,15.0,1050.0,8050.0,670.83,12,8,670.83,2026-02-26,2026-02-26,0,2817.53,1,0,On Time,Medium
C0172,Customer_0172,7000,15.0,1050.0,8050.0,670.83,12,9,670.83,2026-03-05,2026-03-17,12,2146.7,2,0,Late,Medium
C0172,Customer_0172,7000,15.0,1050.0,8050.0,670.83,12,10,670.83,2026-03-12,2026-03-12,0,1475.87,2,0,On Time,Medium
C0173,Customer_0173,5000,30.0,1500.0,6500.0,812.5,8,1,975.0,2026-04-29,2026-05-03,4,5525.0,1,0,Late,Medium
C0173,Customer_0173,5000,30.0,1500.0,6500.0,812.5,8,2,812.5,2026-05-06,2026-05-06,0,4712.5,1,0,On Time,Medium
C0173,Customer_0173,5000,30.0,1500.0,6500.0,812.5,8,3,0.0,2026-05-13,,28,4712.5,1,1,Missed,Medium
C0173,Customer_0173,5000,30.0,1500.0,6500.0,812.5,8,4,812.5,2026-05-20,2026-05-20,0,3900.0,1,1,On Time,Medium
C0173,Customer_0173,5000,30.0,1500.0,6500.0,812.5,8,5,812.5,2026-05-27,2026-05-27,0,3087.5,1,1,On Time,Medium
C0173,Customer_0173,5000,30.0,1500.0,6500.0,812.5,8,6,812.5,2026-06-03,2026-06-03,0,2275.0,1,1,On Time,Medium
C0173,Customer_0173,5000,30.0,1500.0,6500.0,812.5,8,7,812.5,2026-06-10,2026-06-10,0,1462.5,1,1,On Time,Medium
C0173,Customer_0173,5000,30.0,1500.0,6500.0,812.5,8,8,812.5,2026-06-17,2026-06-17,0,650.0,1,1,On Time,Medium
C0173,Customer_0173,5000,30.0,1500.0,6500.0,812.5,8,9,650.0,2026-06-24,2026-06-27,3,0.0,2,1,Late,Medium
C0173,Customer_0173,5000,30.0,1500.0,6500.0,812.5,8,10,812.5,2026-07-01,2026-07-01,0,0.0,2,1,On Time,Medium
C0174,Customer_0174,15000,30.0,4500.0,19500.0,1300.0,15,1,1300.0,2026-04-05,2026-04-06,1,18200.0,1,0,Late,Medium
C0174,Customer_0174,15000,30.0,4500.0,19500.0,1300.0,15,2,1300.0,2026-04-12,2026-04-12,0,16900.0,1,0,On Time,Medium
C0174,Customer_0174,15000,30.0,4500.0,19500.0,1300.0,15,3,0.0,2026-04-19,,30,16900.0,1,1,Missed,Medium
C0174,Customer_0174,15000,30.0,4500.0,19500.0,1300.0,15,4,1040.0,2026-04-26,2026-05-05,9,15860.0,2,1,Late,Medium
C0174,Customer_0174,15000,30.0,4500.0,19500.0,1300.0,15,5,1300.0,2026-05-03,2026-05-04,1,14560.0,3,1,Late,High
C0174,Customer_0174,15000,30.0,4500.0,19500.0,1300.0,15,6,0.0,2026-05-10,,26,14560.0,3,2,Missed,High
C0174,Customer_0174,15000,30.0,4500.0,19500.0,1300.0,15,7,1300.0,2026-05-17,2026-05-17,0,13260.0,3,2,On Time,High
C0174,Customer_0174,15000,30.0,4500.0,19500.0,1300.0,15,8,1300.0,2026-05-24,2026-05-24,0,11960.0,3,2,On Time,High
C0174,Customer_0174,15000,30.0,4500.0,19500.0,1300.0,15,9,1300.0,2026-05-31,2026-05-31,0,10660.0,3,2,On Time,High
C0174,Customer_0174,15000,30.0,4500.0,19500.0,1300.0,15,10,0.0,2026-06-07,,8,10660.0,3,3,Missed,High
C0175,Customer_0175,15000,20.0,3000.0,18000.0,900.0,20,1,900.0,2026-02-15,2026-02-15,0,17100.0,0,0,On Time,Low
C0175,Customer_0175,15000,20.0,3000.0,18000.0,900.0,20,2,900.0,2026-02-22,2026-02-22,0,16200.0,0,0,On Time,Low
C0175,Customer_0175,15000,20.0,3000.0,18000.0,900.0,20,3,900.0,2026-03-01,2026-03-15,14,15300.0,1,0,Late,Medium
C0175,Customer_0175,15000,20.0,3000.0,18000.0,900.0,20,4,900.0,2026-03-08,2026-03-08,0,14400.0,1,0,On Time,Medium
C0175,Customer_0175,15000,20.0,3000.0,18000.0,900.0,20,5,900.0,2026-03-15,2026-03-15,0,13500.0,1,0,On Time,Medium
C0175,Customer_0175,15000,20.0,3000.0,18000.0,900.0,20,6,900.0,2026-03-22,2026-03-22,0,12600.0,1,0,On Time,Medium
C0175,Customer_0175,15000,20.0,3000.0,18000.0,900.0,20,7,900.0,2026-03-29,2026-03-29,0,11700.0,1,0,On Time,Medium
C0175,Customer_0175,15000,20.0,3000.0,18000.0,900.0,20,8,900.0,2026-04-05,2026-04-05,0,10800.0,1,0,On Time,Medium
C0175,Customer_0175,15000,20.0,3000.0,18000.0,900.0,20,9,900.0,2026-04-12,2026-04-12,0,9900.0,1,0,On Time,Medium
C0175,Customer_0175,15000,20.0,3000.0,18000.0,900.0,20,10,900.0,2026-04-19,2026-04-19,0,9000.0,1,0,On Time,Medium
C0176,Customer_0176,3000,15.0,450.0,3450.0,287.5,12,1,287.5,2026-03-18,2026-03-18,0,3162.5,0,0,On Time,Low
C0176,Customer_0176,3000,15.0,450.0,3450.0,287.5,12,2,287.5,2026-03-25,2026-03-25,0,2875.0,0,0,On Time,Low
C0176,Customer_0176,3000,15.0,450.0,3450.0,287.5,12,3,230.0,2026-04-01,2026-04-05,4,2645.0,1,0,Late,Medium
C0176,Customer_0176,3000,15.0,450.0,3450.0,287.5,12,4,0.0,2026-04-08,,22,2645.0,1,1,Missed,Medium
C0176,Customer_0176,3000,15.0,450.0,3450.0,287.5,12,5,287.5,2026-04-15,2026-04-15,0,2357.5,1,1,On Time,Medium
C0176,Customer_0176,3000,15.0,450.0,3450.0,287.5,12,6,0.0,2026-04-22,,18,2357.5,1,2,Missed,High
C0176,Customer_0176,3000,15.0,450.0,3450.0,287.5,12,7,287.5,2026-04-29,2026-04-29,0,2070.0,1,2,On Time,High
C0176,Customer_0176,3000,15.0,450.0,3450.0,287.5,12,8,287.5,2026-05-06,2026-05-06,0,1782.5,1,2,On Time,High
C0176,Customer_0176,3000,15.0,450.0,3450.0,287.5,12,9,287.5,2026-05-13,2026-05-13,0,1495.0,1,2,On Time,High
C0176,Customer_0176,3000,15.0,450.0,3450.0,287.5,12,10,287.5,2026-05-20,2026-05-20,0,1207.5,1,2,On Time,High
C0177,Customer_0177,20000,20.0,4000.0,24000.0,2400.0,10,1,2400.0,2026-05-14,2026-05-14,0,21600.0,0,0,On Time,Low
C0177,Customer_0177,20000,20.0,4000.0,24000.0,2400.0,10,2,2400.0,2026-05-21,2026-06-03,13,19200.0,1,0,Late,Medium
C0177,Customer_0177,20000,20.0,4000.0,24000.0,2400.0,10,3,0.0,2026-05-28,,17,19200.0,1,1,Missed,Medium
C0177,Customer_0177,20000,20.0,4000.0,24000.0,2400.0,10,4,2400.0,2026-06-04,2026-06-04,0,16800.0,1,1,On Time,Medium
C0177,Customer_0177,20000,20.0,4000.0,24000.0,2400.0,10,5,0.0,2026-06-11,,8,16800.0,1,2,Missed,High
C0177,Customer_0177,20000,20.0,4000.0,24000.0,2400.0,10,6,1920.0,2026-06-18,2026-06-28,10,14880.0,2,2,Late,High
C0177,Customer_0177,20000,20.0,4000.0,24000.0,2400.0,10,7,2400.0,2026-06-25,2026-06-25,0,12480.0,2,2,On Time,High
C0177,Customer_0177,20000,20.0,4000.0,24000.0,2400.0,10,8,2400.0,2026-07-02,2026-07-16,14,10080.0,3,2,Late,High
C0177,Customer_0177,20000,20.0,4000.0,24000.0,2400.0,10,9,2400.0,2026-07-09,2026-07-09,0,7680.0,3,2,On Time,High
C0177,Customer_0177,20000,20.0,4000.0,24000.0,2400.0,10,10,2400.0,2026-07-16,2026-07-20,4,5280.0,4,2,Late,High
C0178,Customer_0178,5000,20.0,1000.0,6000.0,300.0,20,1,300.0,2026-03-27,2026-03-27,0,5700.0,0,0,On Time,Low
C0178,Customer_0178,5000,20.0,1000.0,6000.0,300.0,20,2,360.0,2026-04-03,2026-04-08,5,5340.0,1,0,Late,Medium
C0178,Customer_0178,5000,20.0,1000.0,6000.0,300.0,20,3,300.0,2026-04-10,2026-04-10,0,5040.0,1,0,On Time,Medium
C0178,Customer_0178,5000,20.0,1000.0,6000.0,300.0,20,4,300.0,2026-04-17,2026-04-17,0,4740.0,1,0,On Time,Medium
C0178,Customer_0178,5000,20.0,1000.0,6000.0,300.0,20,5,240.0,2026-04-24,2026-05-02,8,4500.0,2,0,Late,Medium
C0178,Customer_0178,5000,20.0,1000.0,6000.0,300.0,20,6,360.0,2026-05-01,2026-05-03,2,4140.0,3,0,Late,High
C0178,Customer_0178,5000,20.0,1000.0,6000.0,300.0,20,7,300.0,2026-05-08,2026-05-08,0,3840.0,3,0,On Time,High
C0178,Customer_0178,5000,20.0,1000.0,6000.0,300.0,20,8,300.0,2026-05-15,2026-05-20,5,3540.0,4,0,Late,High
C0178,Customer_0178,5000,20.0,1000.0,6000.0,300.0,20,9,300.0,2026-05-22,2026-05-22,0,3240.0,4,0,On Time,High
C0178,Customer_0178,5000,20.0,1000.0,6000.0,300.0,20,10,300.0,2026-05-29,2026-05-29,0,2940.0,4,0,On Time,High
C0179,Customer_0179,10000,15.0,1500.0,11500.0,575.0,20,1,0.0,2026-01-10,,28,11500.0,0,1,Missed,Medium
C0179,Customer_0179,10000,15.0,1500.0,11500.0,575.0,20,2,575.0,2026-01-17,2026-01-17,0,10925.0,0,1,On Time,Medium
C0179,Customer_0179,10000,15.0,1500.0,11500.0,575.0,20,3,0.0,2026-01-24,,25,10925.0,0,2,Missed,High
C0179,Customer_0179,10000,15.0,1500.0,11500.0,575.0,20,4,575.0,2026-01-31,2026-01-31,0,10350.0,0,2,On Time,High
C0179,Customer_0179,10000,15.0,1500.0,11500.0,575.0,20,5,575.0,2026-02-07,2026-02-07,0,9775.0,0,2,On Time,High
C0179,Customer_0179,10000,15.0,1500.0,11500.0,575.0,20,6,575.0,2026-02-14,2026-02-14,0,9200.0,0,2,On Time,High
C0179,Customer_0179,10000,15.0,1500.0,11500.0,575.0,20,7,575.0,2026-02-21,2026-02-21,0,8625.0,0,2,On Time,High
C0179,Customer_0179,10000,15.0,1500.0,11500.0,575.0,20,8,575.0,2026-02-28,2026-02-28,0,8050.0,0,2,On Time,High
C0179,Customer_0179,10000,15.0,1500.0,11500.0,575.0,20,9,575.0,2026-03-07,2026-03-07,0,7475.0,0,2,On Time,High
C0179,Customer_0179,10000,15.0,1500.0,11500.0,575.0,20,10,575.0,2026-03-14,2026-03-14,0,6900.0,0,2,On Time,High
C0180,Customer_0180,7000,20.0,1400.0,8400.0,1050.0,8,1,0.0,2026-01-18,,26,8400.0,0,1,Missed,Medium
C0180,Customer_0180,7000,20.0,1400.0,8400.0,1050.0,8,2,1050.0,2026-01-25,2026-01-25,0,7350.0,0,1,On Time,Medium
C0180,Customer_0180,7000,20.0,1400.0,8400.0,1050.0,8,3,1050.0,2026-02-01,2026-02-01,0,6300.0,0,1,On Time,Medium
C0180,Customer_0180,7000,20.0,1400.0,8400.0,1050.0,8,4,840.0,2026-02-08,2026-02-18,10,5460.0,1,1,Late,Medium
C0180,Customer_0180,7000,20.0,1400.0,8400.0,1050.0,8,5,1260.0,2026-02-15,2026-02-19,4,4200.0,2,1,Late,Medium
C0180,Customer_0180,7000,20.0,1400.0,8400.0,1050.0,8,6,1050.0,2026-02-22,2026-02-22,0,3150.0,2,1,On Time,Medium
C0180,Customer_0180,7000,20.0,1400.0,8400.0,1050.0,8,7,840.0,2026-03-01,2026-03-10,9,2310.0,3,1,Late,High
C0180,Customer_0180,7000,20.0,1400.0,8400.0,1050.0,8,8,1050.0,2026-03-08,2026-03-08,0,1260.0,3,1,On Time,High
C0180,Customer_0180,7000,20.0,1400.0,8400.0,1050.0,8,9,0.0,2026-03-15,,28,1260.0,3,2,Missed,High
C0180,Customer_0180,7000,20.0,1400.0,8400.0,1050.0,8,10,840.0,2026-03-22,2026-03-31,9,420.0,4,2,Late,High
C0181,Customer_0181,15000,30.0,4500.0,19500.0,975.0,20,1,975.0,2026-05-19,2026-05-19,0,18525.0,0,0,On Time,Low
C0181,Customer_0181,15000,30.0,4500.0,19500.0,975.0,20,2,975.0,2026-05-26,2026-05-26,0,17550.0,0,0,On Time,Low
C0181,Customer_0181,15000,30.0,4500.0,19500.0,975.0,20,3,975.0,2026-06-02,2026-06-02,0,16575.0,0,0,On Time,Low
C0181,Customer_0181,15000,30.0,4500.0,19500.0,975.0,20,4,780.0,2026-06-09,2026-06-21,12,15795.0,1,0,Late,Medium
C0181,Customer_0181,15000,30.0,4500.0,19500.0,975.0,20,5,975.0,2026-06-16,2026-06-16,0,14820.0,1,0,On Time,Medium
C0181,Customer_0181,15000,30.0,4500.0,19500.0,975.0,20,6,0.0,2026-06-23,,14,14820.0,1,1,Missed,Medium
C0181,Customer_0181,15000,30.0,4500.0,19500.0,975.0,20,7,975.0,2026-06-30,2026-06-30,0,13845.0,1,1,On Time,Medium
C0181,Customer_0181,15000,30.0,4500.0,19500.0,975.0,20,8,975.0,2026-07-07,2026-07-17,10,12870.0,2,1,Late,Medium
C0181,Customer_0181,15000,30.0,4500.0,19500.0,975.0,20,9,975.0,2026-07-14,2026-07-18,4,11895.0,3,1,Late,High
C0181,Customer_0181,15000,30.0,4500.0,19500.0,975.0,20,10,975.0,2026-07-21,2026-07-21,0,10920.0,3,1,On Time,High
C0182,Customer_0182,3000,30.0,900.0,3900.0,325.0,12,1,390.0,2026-04-22,2026-05-06,14,3510.0,1,0,Late,Medium
C0182,Customer_0182,3000,30.0,900.0,3900.0,325.0,12,2,325.0,2026-04-29,2026-04-29,0,3185.0,1,0,On Time,Medium
C0182,Customer_0182,3000,30.0,900.0,3900.0,325.0,12,3,325.0,2026-05-06,2026-05-06,0,2860.0,1,0,On Time,Medium
C0182,Customer_0182,3000,30.0,900.0,3900.0,325.0,12,4,0.0,2026-05-13,,11,2860.0,1,1,Missed,Medium
C0182,Customer_0182,3000,30.0,900.0,3900.0,325.0,12,5,325.0,2026-05-20,2026-05-20,0,2535.0,1,1,On Time,Medium
C0182,Customer_0182,3000,30.0,900.0,3900.0,325.0,12,6,325.0,2026-05-27,2026-05-27,0,2210.0,1,1,On Time,Medium
C0182,Customer_0182,3000,30.0,900.0,3900.0,325.0,12,7,325.0,2026-06-03,2026-06-16,13,1885.0,2,1,Late,Medium
C0182,Customer_0182,3000,30.0,900.0,3900.0,325.0,12,8,260.0,2026-06-10,2026-06-18,8,1625.0,3,1,Late,High
C0182,Customer_0182,3000,30.0,900.0,3900.0,325.0,12,9,325.0,2026-06-17,2026-06-17,0,1300.0,3,1,On Time,High
C0182,Customer_0182,3000,30.0,900.0,3900.0,325.0,12,10,325.0,2026-06-24,2026-07-03,9,975.0,4,1,Late,High
C0183,Customer_0183,3000,25.0,750.0,3750.0,187.5,20,1,187.5,2026-04-26,2026-04-26,0,3562.5,0,0,On Time,Low
C0183,Customer_0183,3000,25.0,750.0,3750.0,187.5,20,2,187.5,2026-05-03,2026-05-03,0,3375.0,0,0,On Time,Low
C0183,Customer_0183,3000,25.0,750.0,3750.0,187.5,20,3,187.5,2026-05-10,2026-05-10,0,3187.5,0,0,On Time,Low
C0183,Customer_0183,3000,25.0,750.0,3750.0,187.5,20,4,150.0,2026-05-17,2026-05-30,13,3037.5,1,0,Late,Medium
C0183,Customer_0183,3000,25.0,750.0,3750.0,187.5,20,5,187.5,2026-05-24,2026-05-24,0,2850.0,1,0,On Time,Medium
C0183,Customer_0183,3000,25.0,750.0,3750.0,187.5,20,6,187.5,2026-05-31,2026-05-31,0,2662.5,1,0,On Time,Medium
C0183,Customer_0183,3000,25.0,750.0,3750.0,187.5,20,7,187.5,2026-06-07,2026-06-07,0,2475.0,1,0,On Time,Medium
C0183,Customer_0183,3000,25.0,750.0,3750.0,187.5,20,8,0.0,2026-06-14,,13,2475.0,1,1,Missed,Medium
C0183,Customer_0183,3000,25.0,750.0,3750.0,187.5,20,9,187.5,2026-06-21,2026-06-21,0,2287.5,1,1,On Time,Medium
C0183,Customer_0183,3000,25.0,750.0,3750.0,187.5,20,10,187.5,2026-06-28,2026-06-28,0,2100.0,1,1,On Time,Medium
C0184,Customer_0184,10000,25.0,2500.0,12500.0,1041.67,12,1,1250.0,2026-03-27,2026-04-08,12,11250.0,1,0,Late,Medium
C0184,Customer_0184,10000,25.0,2500.0,12500.0,1041.67,12,2,1041.67,2026-04-03,2026-04-03,0,10208.33,1,0,On Time,Medium
C0184,Customer_0184,10000,25.0,2500.0,12500.0,1041.67,12,3,1041.67,2026-04-10,2026-04-19,9,9166.66,2,0,Late,Medium
C0184,Customer_0184,10000,25.0,2500.0,12500.0,1041.67,12,4,1041.67,2026-04-17,2026-04-27,10,8124.99,3,0,Late,High
C0184,Customer_0184,10000,25.0,2500.0,12500.0,1041.67,12,5,1041.67,2026-04-24,2026-04-24,0,7083.32,3,0,On Time,High
C0184,Customer_0184,10000,25.0,2500.0,12500.0,1041.67,12,6,1041.67,2026-05-01,2026-05-01,0,6041.65,3,0,On Time,High
C0184,Customer_0184,10000,25.0,2500.0,12500.0,1041.67,12,7,1041.67,2026-05-08,2026-05-11,3,4999.98,4,0,Late,High
C0184,Customer_0184,10000,25.0,2500.0,12500.0,1041.67,12,8,1041.67,2026-05-15,2026-05-15,0,3958.31,4,0,On Time,High
C0184,Customer_0184,10000,25.0,2500.0,12500.0,1041.67,12,9,1041.67,2026-05-22,2026-05-22,0,2916.64,4,0,On Time,High
C0184,Customer_0184,10000,25.0,2500.0,12500.0,1041.67,12,10,0.0,2026-05-29,,28,2916.64,4,1,Missed,High
C0185,Customer_0185,10000,25.0,2500.0,12500.0,625.0,20,1,625.0,2026-02-23,2026-02-23,0,11875.0,0,0,On Time,Low
C0185,Customer_0185,10000,25.0,2500.0,12500.0,625.0,20,2,625.0,2026-03-02,2026-03-09,7,11250.0,1,0,Late,Medium
C0185,Customer_0185,10000,25.0,2500.0,12500.0,625.0,20,3,625.0,2026-03-09,2026-03-09,0,10625.0,1,0,On Time,Medium
C0185,Customer_0185,10000,25.0,2500.0,12500.0,625.0,20,4,625.0,2026-03-16,2026-03-18,2,10000.0,2,0,Late,Medium
C0185,Customer_0185,10000,25.0,2500.0,12500.0,625.0,20,5,500.0,2026-03-23,2026-03-24,1,9500.0,3,0,Late,High
C0185,Customer_0185,10000,25.0,2500.0,12500.0,625.0,20,6,0.0,2026-03-30,,16,9500.0,3,1,Missed,High
C0185,Customer_0185,10000,25.0,2500.0,12500.0,625.0,20,7,625.0,2026-04-06,2026-04-06,0,8875.0,3,1,On Time,High
C0185,Customer_0185,10000,25.0,2500.0,12500.0,625.0,20,8,625.0,2026-04-13,2026-04-13,0,8250.0,3,1,On Time,High
C0185,Customer_0185,10000,25.0,2500.0,12500.0,625.0,20,9,0.0,2026-04-20,,21,8250.0,3,2,Missed,High
C0185,Customer_0185,10000,25.0,2500.0,12500.0,625.0,20,10,500.0,2026-04-27,2026-05-02,5,7750.0,4,2,Late,High
C0186,Customer_0186,20000,15.0,3000.0,23000.0,2875.0,8,1,2875.0,2026-02-20,2026-02-20,0,20125.0,0,0,On Time,Low
C0186,Customer_0186,20000,15.0,3000.0,23000.0,2875.0,8,2,0.0,2026-02-27,,30,20125.0,0,1,Missed,Medium
C0186,Customer_0186,20000,15.0,3000.0,23000.0,2875.0,8,3,2875.0,2026-03-06,2026-03-06,0,17250.0,0,1,On Time,Medium
C0186,Customer_0186,20000,15.0,3000.0,23000.0,2875.0,8,4,2875.0,2026-03-13,2026-03-13,0,14375.0,0,1,On Time,Medium
C0186,Customer_0186,20000,15.0,3000.0,23000.0,2875.0,8,5,2875.0,2026-03-20,2026-03-20,0,11500.0,0,1,On Time,Medium
C0186,Customer_0186,20000,15.0,3000.0,23000.0,2875.0,8,6,2875.0,2026-03-27,2026-04-03,7,8625.0,1,1,Late,Medium
C0186,Customer_0186,20000,15.0,3000.0,23000.0,2875.0,8,7,2875.0,2026-04-03,2026-04-03,0,5750.0,1,1,On Time,Medium
C0186,Customer_0186,20000,15.0,3000.0,23000.0,2875.0,8,8,2300.0,2026-04-10,2026-04-11,1,3450.0,2,1,Late,Medium
C0186,Customer_0186,20000,15.0,3000.0,23000.0,2875.0,8,9,2875.0,2026-04-17,2026-04-17,0,575.0,2,1,On Time,Medium
C0186,Customer_0186,20000,15.0,3000.0,23000.0,2875.0,8,10,2875.0,2026-04-24,2026-04-24,0,0.0,2,1,On Time,Medium
C0187,Customer_0187,3000,15.0,450.0,3450.0,230.0,15,1,230.0,2026-02-21,2026-02-21,0,3220.0,0,0,On Time,Low
C0187,Customer_0187,3000,15.0,450.0,3450.0,230.0,15,2,230.0,2026-02-28,2026-02-28,0,2990.0,0,0,On Time,Low
C0187,Customer_0187,3000,15.0,450.0,3450.0,230.0,15,3,276.0,2026-03-07,2026-03-20,13,2714.0,1,0,Late,Medium
C0187,Customer_0187,3000,15.0,450.0,3450.0,230.0,15,4,0.0,2026-03-14,,7,2714.0,1,1,Missed,Medium
C0187,Customer_0187,3000,15.0,450.0,3450.0,230.0,15,5,230.0,2026-03-21,2026-03-21,0,2484.0,1,1,On Time,Medium
C0187,Customer_0187,3000,15.0,450.0,3450.0,230.0,15,6,230.0,2026-03-28,2026-03-28,0,2254.0,1,1,On Time,Medium
C0187,Customer_0187,3000,15.0,450.0,3450.0,230.0,15,7,230.0,2026-04-04,2026-04-04,0,2024.0,1,1,On Time,Medium
C0187,Customer_0187,3000,15.0,450.0,3450.0,230.0,15,8,230.0,2026-04-11,2026-04-11,0,1794.0,1,1,On Time,Medium
C0187,Customer_0187,3000,15.0,450.0,3450.0,230.0,15,9,0.0,2026-04-18,,23,1794.0,1,2,Missed,High
C0187,Customer_0187,3000,15.0,450.0,3450.0,230.0,15,10,230.0,2026-04-25,2026-04-25,0,1564.0,1,2,On Time,High
C0188,Customer_0188,10000,25.0,2500.0,12500.0,1250.0,10,1,0.0,2026-02-02,,29,12500.0,0,1,Missed,Medium
C0188,Customer_0188,10000,25.0,2500.0,12500.0,1250.0,10,2,1250.0,2026-02-09,2026-02-09,0,11250.0,0,1,On Time,Medium
C0188,Customer_0188,10000,25.0,2500.0,12500.0,1250.0,10,3,1250.0,2026-02-16,2026-02-22,6,10000.0,1,1,Late,Medium
C0188,Customer_0188,10000,25.0,2500.0,12500.0,1250.0,10,4,1250.0,2026-02-23,2026-02-23,0,8750.0,1,1,On Time,Medium
C0188,Customer_0188,10000,25.0,2500.0,12500.0,1250.0,10,5,0.0,2026-03-02,,25,8750.0,1,2,Missed,High
C0188,Customer_0188,10000,25.0,2500.0,12500.0,1250.0,10,6,1250.0,2026-03-09,2026-03-09,0,7500.0,1,2,On Time,High
C0188,Customer_0188,10000,25.0,2500.0,12500.0,1250.0,10,7,1250.0,2026-03-16,2026-03-16,0,6250.0,1,2,On Time,High
C0188,Customer_0188,10000,25.0,2500.0,12500.0,1250.0,10,8,1250.0,2026-03-23,2026-03-23,0,5000.0,1,2,On Time,High
C0188,Customer_0188,10000,25.0,2500.0,12500.0,1250.0,10,9,1250.0,2026-03-30,2026-03-30,0,3750.0,1,2,On Time,High
C0188,Customer_0188,10000,25.0,2500.0,12500.0,1250.0,10,10,0.0,2026-04-06,,9,3750.0,1,3,Missed,High
C0189,Customer_0189,7000,30.0,2100.0,9100.0,758.33,12,1,910.0,2026-02-12,2026-02-16,4,8190.0,1,0,Late,Medium
C0189,Customer_0189,7000,30.0,2100.0,9100.0,758.33,12,2,758.33,2026-02-19,2026-02-19,0,7431.67,1,0,On Time,Medium
C0189,Customer_0189,7000,30.0,2100.0,9100.0,758.33,12,3,758.33,2026-02-26,2026-02-26,0,6673.34,1,0,On Time,Medium
C0189,Customer_0189,7000,30.0,2100.0,9100.0,758.33,12,4,606.66,2026-03-05,2026-03-10,5,6066.68,2,0,Late,Medium
C0189,Customer_0189,7000,30.0,2100.0,9100.0,758.33,12,5,758.33,2026-03-12,2026-03-12,0,5308.35,2,0,On Time,Medium
C0189,Customer_0189,7000,30.0,2100.0,9100.0,758.33,12,6,758.33,2026-03-19,2026-03-19,0,4550.02,2,0,On Time,Medium
C0189,Customer_0189,7000,30.0,2100.0,9100.0,758.33,12,7,0.0,2026-03-26,,24,4550.02,2,1,Missed,Medium
C0189,Customer_0189,7000,30.0,2100.0,9100.0,758.33,12,8,758.33,2026-04-02,2026-04-05,3,3791.69,3,1,Late,High
C0189,Customer_0189,7000,30.0,2100.0,9100.0,758.33,12,9,758.33,2026-04-09,2026-04-09,0,3033.36,3,1,On Time,High
C0189,Customer_0189,7000,30.0,2100.0,9100.0,758.33,12,10,910.0,2026-04-16,2026-04-17,1,2123.36,4,1,Late,High
C0190,Customer_0190,3000,30.0,900.0,3900.0,195.0,20,1,195.0,2026-03-16,2026-03-16,0,3705.0,0,0,On Time,Low
C0190,Customer_0190,3000,30.0,900.0,3900.0,195.0,20,2,195.0,2026-03-23,2026-03-23,0,3510.0,0,0,On Time,Low
C0190,Customer_0190,3000,30.0,900.0,3900.0,195.0,20,3,0.0,2026-03-30,,11,3510.0,0,1,Missed,Medium
C0190,Customer_0190,3000,30.0,900.0,3900.0,195.0,20,4,195.0,2026-04-06,2026-04-11,5,3315.0,1,1,Late,Medium
C0190,Customer_0190,3000,30.0,900.0,3900.0,195.0,20,5,195.0,2026-04-13,2026-04-13,0,3120.0,1,1,On Time,Medium
C0190,Customer_0190,3000,30.0,900.0,3900.0,195.0,20,6,195.0,2026-04-20,2026-04-22,2,2925.0,2,1,Late,Medium
C0190,Customer_0190,3000,30.0,900.0,3900.0,195.0,20,7,195.0,2026-04-27,2026-04-27,0,2730.0,2,1,On Time,Medium
C0190,Customer_0190,3000,30.0,900.0,3900.0,195.0,20,8,156.0,2026-05-04,2026-05-15,11,2574.0,3,1,Late,High
C0190,Customer_0190,3000,30.0,900.0,3900.0,195.0,20,9,195.0,2026-05-11,2026-05-11,0,2379.0,3,1,On Time,High
C0190,Customer_0190,3000,30.0,900.0,3900.0,195.0,20,10,195.0,2026-05-18,2026-05-18,0,2184.0,3,1,On Time,High
C0191,Customer_0191,10000,15.0,1500.0,11500.0,575.0,20,1,575.0,2026-03-25,2026-04-01,7,10925.0,1,0,Late,Medium
C0191,Customer_0191,10000,15.0,1500.0,11500.0,575.0,20,2,575.0,2026-04-01,2026-04-01,0,10350.0,1,0,On Time,Medium
C0191,Customer_0191,10000,15.0,1500.0,11500.0,575.0,20,3,575.0,2026-04-08,2026-04-08,0,9775.0,1,0,On Time,Medium
C0191,Customer_0191,10000,15.0,1500.0,11500.0,575.0,20,4,690.0,2026-04-15,2026-04-19,4,9085.0,2,0,Late,Medium
C0191,Customer_0191,10000,15.0,1500.0,11500.0,575.0,20,5,575.0,2026-04-22,2026-04-22,0,8510.0,2,0,On Time,Medium
C0191,Customer_0191,10000,15.0,1500.0,11500.0,575.0,20,6,575.0,2026-04-29,2026-04-29,0,7935.0,2,0,On Time,Medium
C0191,Customer_0191,10000,15.0,1500.0,11500.0,575.0,20,7,575.0,2026-05-06,2026-05-06,0,7360.0,2,0,On Time,Medium
C0191,Customer_0191,10000,15.0,1500.0,11500.0,575.0,20,8,0.0,2026-05-13,,16,7360.0,2,1,Missed,Medium
C0191,Customer_0191,10000,15.0,1500.0,11500.0,575.0,20,9,575.0,2026-05-20,2026-05-20,0,6785.0,2,1,On Time,Medium
C0191,Customer_0191,10000,15.0,1500.0,11500.0,575.0,20,10,0.0,2026-05-27,,11,6785.0,2,2,Missed,High
C0192,Customer_0192,10000,20.0,2000.0,12000.0,1500.0,8,1,1200.0,2026-03-23,2026-03-24,1,10800.0,1,0,Late,Medium
C0192,Customer_0192,10000,20.0,2000.0,12000.0,1500.0,8,2,1500.0,2026-03-30,2026-03-30,0,9300.0,1,0,On Time,Medium
C0192,Customer_0192,10000,20.0,2000.0,12000.0,1500.0,8,3,1500.0,2026-04-06,2026-04-06,0,7800.0,1,0,On Time,Medium
C0192,Customer_0192,10000,20.0,2000.0,12000.0,1500.0,8,4,1500.0,2026-04-13,2026-04-13,0,6300.0,1,0,On Time,Medium
C0192,Customer_0192,10000,20.0,2000.0,12000.0,1500.0,8,5,1500.0,2026-04-20,2026-04-20,0,4800.0,1,0,On Time,Medium
C0192,Customer_0192,10000,20.0,2000.0,12000.0,1500.0,8,6,1500.0,2026-04-27,2026-04-27,0,3300.0,1,0,On Time,Medium
C0192,Customer_0192,10000,20.0,2000.0,12000.0,1500.0,8,7,1500.0,2026-05-04,2026-05-04,0,1800.0,1,0,On Time,Medium
C0192,Customer_0192,10000,20.0,2000.0,12000.0,1500.0,8,8,1500.0,2026-05-11,2026-05-11,0,300.0,1,0,On Time,Medium
C0192,Customer_0192,10000,20.0,2000.0,12000.0,1500.0,8,9,1500.0,2026-05-18,2026-05-28,10,0.0,2,0,Late,Medium
C0192,Customer_0192,10000,20.0,2000.0,12000.0,1500.0,8,10,1500.0,2026-05-25,2026-05-25,0,0.0,2,0,On Time,Medium
C0193,Customer_0193,7000,15.0,1050.0,8050.0,536.67,15,1,536.67,2026-02-10,2026-02-10,0,7513.33,0,0,On Time,Low
C0193,Customer_0193,7000,15.0,1050.0,8050.0,536.67,15,2,536.67,2026-02-17,2026-02-17,0,6976.66,0,0,On Time,Low
C0193,Customer_0193,7000,15.0,1050.0,8050.0,536.67,15,3,536.67,2026-02-24,2026-02-24,0,6439.99,0,0,On Time,Low
C0193,Customer_0193,7000,15.0,1050.0,8050.0,536.67,15,4,536.67,2026-03-03,2026-03-03,0,5903.32,0,0,On Time,Low
C0193,Customer_0193,7000,15.0,1050.0,8050.0,536.67,15,5,536.67,2026-03-10,2026-03-10,0,5366.65,0,0,On Time,Low
C0193,Customer_0193,7000,15.0,1050.0,8050.0,536.67,15,6,536.67,2026-03-17,2026-03-17,0,4829.98,0,0,On Time,Low
C0193,Customer_0193,7000,15.0,1050.0,8050.0,536.67,15,7,0.0,2026-03-24,,21,4829.98,0,1,Missed,Medium
C0193,Customer_0193,7000,15.0,1050.0,8050.0,536.67,15,8,536.67,2026-03-31,2026-03-31,0,4293.31,0,1,On Time,Medium
C0193,Customer_0193,7000,15.0,1050.0,8050.0,536.67,15,9,536.67,2026-04-07,2026-04-07,0,3756.64,0,1,On Time,Medium
C0193,Customer_0193,7000,15.0,1050.0,8050.0,536.67,15,10,536.67,2026-04-14,2026-04-23,9,3219.97,1,1,Late,Medium
C0194,Customer_0194,7000,30.0,2100.0,9100.0,758.33,12,1,606.66,2026-01-02,2026-01-05,3,8493.34,1,0,Late,Medium
C0194,Customer_0194,7000,30.0,2100.0,9100.0,758.33,12,2,758.33,2026-01-09,2026-01-09,0,7735.01,1,0,On Time,Medium
C0194,Customer_0194,7000,30.0,2100.0,9100.0,758.33,12,3,758.33,2026-01-16,2026-01-16,0,6976.68,1,0,On Time,Medium
C0194,Customer_0194,7000,30.0,2100.0,9100.0,758.33,12,4,0.0,2026-01-23,,28,6976.68,1,1,Missed,Medium
C0194,Customer_0194,7000,30.0,2100.0,9100.0,758.33,12,5,0.0,2026-01-30,,27,6976.68,1,2,Missed,High
C0194,Customer_0194,7000,30.0,2100.0,9100.0,758.33,12,6,758.33,2026-02-06,2026-02-06,0,6218.35,1,2,On Time,High
C0194,Customer_0194,7000,30.0,2100.0,9100.0,758.33,12,7,758.33,2026-02-13,2026-02-13,0,5460.02,1,2,On Time,High
C0194,Customer_0194,7000,30.0,2100.0,9100.0,758.33,12,8,606.66,2026-02-20,2026-03-05,13,4853.36,2,2,Late,High
C0194,Customer_0194,7000,30.0,2100.0,9100.0,758.33,12,9,758.33,2026-02-27,2026-02-27,0,4095.03,2,2,On Time,High
C0194,Customer_0194,7000,30.0,2100.0,9100.0,758.33,12,10,758.33,2026-03-06,2026-03-06,0,3336.7,2,2,On Time,High
C0195,Customer_0195,10000,25.0,2500.0,12500.0,1562.5,8,1,1562.5,2026-05-17,2026-05-17,0,10937.5,0,0,On Time,Low
C0195,Customer_0195,10000,25.0,2500.0,12500.0,1562.5,8,2,0.0,2026-05-24,,10,10937.5,0,1,Missed,Medium
C0195,Customer_0195,10000,25.0,2500.0,12500.0,1562.5,8,3,1562.5,2026-05-31,2026-06-10,10,9375.0,1,1,Late,Medium
C0195,Customer_0195,10000,25.0,2500.0,12500.0,1562.5,8,4,1562.5,2026-06-07,2026-06-13,6,7812.5,2,1,Late,Medium
C0195,Customer_0195,10000,25.0,2500.0,12500.0,1562.5,8,5,1562.5,2026-06-14,2026-06-14,0,6250.0,2,1,On Time,Medium
C0195,Customer_0195,10000,25.0,2500.0,12500.0,1562.5,8,6,1562.5,2026-06-21,2026-06-21,0,4687.5,2,1,On Time,Medium
C0195,Customer_0195,10000,25.0,2500.0,12500.0,1562.5,8,7,1562.5,2026-06-28,2026-06-28,0,3125.0,2,1,On Time,Medium
C0195,Customer_0195,10000,25.0,2500.0,12500.0,1562.5,8,8,1562.5,2026-07-05,2026-07-05,0,1562.5,2,1,On Time,Medium
C0195,Customer_0195,10000,25.0,2500.0,12500.0,1562.5,8,9,1562.5,2026-07-12,2026-07-21,9,0.0,3,1,Late,High
C0195,Customer_0195,10000,25.0,2500.0,12500.0,1562.5,8,10,1562.5,2026-07-19,2026-07-19,0,0.0,3,1,On Time,High
C0196,Customer_0196,10000,15.0,1500.0,11500.0,958.33,12,1,958.33,2026-03-14,2026-03-14,0,10541.67,0,0,On Time,Low
C0196,Customer_0196,10000,15.0,1500.0,11500.0,958.33,12,2,0.0,2026-03-21,,23,10541.67,0,1,Missed,Medium
C0196,Customer_0196,10000,15.0,1500.0,11500.0,958.33,12,3,958.33,2026-03-28,2026-03-28,0,9583.34,0,1,On Time,Medium
C0196,Customer_0196,10000,15.0,1500.0,11500.0,958.33,12,4,958.33,2026-04-04,2026-04-08,4,8625.01,1,1,Late,Medium
C0196,Customer_0196,10000,15.0,1500.0,11500.0,958.33,12,5,958.33,2026-04-11,2026-04-11,0,7666.68,1,1,On Time,Medium
C0196,Customer_0196,10000,15.0,1500.0,11500.0,958.33,12,6,766.66,2026-04-18,2026-04-25,7,6900.02,2,1,Late,Medium
C0196,Customer_0196,10000,15.0,1500.0,11500.0,958.33,12,7,958.33,2026-04-25,2026-04-25,0,5941.69,2,1,On Time,Medium
C0196,Customer_0196,10000,15.0,1500.0,11500.0,958.33,12,8,0.0,2026-05-02,,7,5941.69,2,2,Missed,High
C0196,Customer_0196,10000,15.0,1500.0,11500.0,958.33,12,9,958.33,2026-05-09,2026-05-09,0,4983.36,2,2,On Time,High
C0196,Customer_0196,10000,15.0,1500.0,11500.0,958.33,12,10,958.33,2026-05-16,2026-05-16,0,4025.03,2,2,On Time,High
C0197,Customer_0197,5000,30.0,1500.0,6500.0,541.67,12,1,541.67,2026-03-02,2026-03-02,0,5958.33,0,0,On Time,Low
C0197,Customer_0197,5000,30.0,1500.0,6500.0,541.67,12,2,541.67,2026-03-09,2026-03-09,0,5416.66,0,0,On Time,Low
C0197,Customer_0197,5000,30.0,1500.0,6500.0,541.67,12,3,541.67,2026-03-16,2026-03-16,0,4874.99,0,0,On Time,Low
C0197,Customer_0197,5000,30.0,1500.0,6500.0,541.67,12,4,541.67,2026-03-23,2026-03-23,0,4333.32,0,0,On Time,Low
C0197,Customer_0197,5000,30.0,1500.0,6500.0,541.67,12,5,541.67,2026-03-30,2026-03-30,0,3791.65,0,0,On Time,Low
C0197,Customer_0197,5000,30.0,1500.0,6500.0,541.67,12,6,541.67,2026-04-06,2026-04-06,0,3249.98,0,0,On Time,Low
C0197,Customer_0197,5000,30.0,1500.0,6500.0,541.67,12,7,541.67,2026-04-13,2026-04-16,3,2708.31,1,0,Late,Medium
C0197,Customer_0197,5000,30.0,1500.0,6500.0,541.67,12,8,541.67,2026-04-20,2026-04-20,0,2166.64,1,0,On Time,Medium
C0197,Customer_0197,5000,30.0,1500.0,6500.0,541.67,12,9,541.67,2026-04-27,2026-04-27,0,1624.97,1,0,On Time,Medium
C0197,Customer_0197,5000,30.0,1500.0,6500.0,541.67,12,10,541.67,2026-05-04,2026-05-14,10,1083.3,2,0,Late,Medium
C0198,Customer_0198,20000,15.0,3000.0,23000.0,1916.67,12,1,1916.67,2026-01-08,2026-01-08,0,21083.33,0,0,On Time,Low
C0198,Customer_0198,20000,15.0,3000.0,23000.0,1916.67,12,2,1916.67,2026-01-15,2026-01-15,0,19166.66,0,0,On Time,Low
C0198,Customer_0198,20000,15.0,3000.0,23000.0,1916.67,12,3,0.0,2026-01-22,,12,19166.66,0,1,Missed,Medium
C0198,Customer_0198,20000,15.0,3000.0,23000.0,1916.67,12,4,1916.67,2026-01-29,2026-01-30,1,17249.99,1,1,Late,Medium
C0198,Customer_0198,20000,15.0,3000.0,23000.0,1916.67,12,5,1533.34,2026-02-05,2026-02-11,6,15716.65,2,1,Late,Medium
C0198,Customer_0198,20000,15.0,3000.0,23000.0,1916.67,12,6,1916.67,2026-02-12,2026-02-20,8,13799.98,3,1,Late,High
C0198,Customer_0198,20000,15.0,3000.0,23000.0,1916.67,12,7,1916.67,2026-02-19,2026-03-04,13,11883.31,4,1,Late,High
C0198,Customer_0198,20000,15.0,3000.0,23000.0,1916.67,12,8,1916.67,2026-02-26,2026-03-10,12,9966.64,5,1,Late,High
C0198,Customer_0198,20000,15.0,3000.0,23000.0,1916.67,12,9,2300.0,2026-03-05,2026-03-09,4,7666.64,6,1,Late,High
C0198,Customer_0198,20000,15.0,3000.0,23000.0,1916.67,12,10,1916.67,2026-03-12,2026-03-12,0,5749.97,6,1,On Time,High
C0199,Customer_0199,7000,15.0,1050.0,8050.0,536.67,15,1,536.67,2026-01-18,2026-01-29,11,7513.33,1,0,Late,Medium
C0199,Customer_0199,7000,15.0,1050.0,8050.0,536.67,15,2,536.67,2026-01-25,2026-01-25,0,6976.66,1,0,On Time,Medium
C0199,Customer_0199,7000,15.0,1050.0,8050.0,536.67,15,3,536.67,2026-02-01,2026-02-01,0,6439.99,1,0,On Time,Medium
C0199,Customer_0199,7000,15.0,1050.0,8050.0,536.67,15,4,536.67,2026-02-08,2026-02-08,0,5903.32,1,0,On Time,Medium
C0199,Customer_0199,7000,15.0,1050.0,8050.0,536.67,15,5,536.67,2026-02-15,2026-02-15,0,5366.65,1,0,On Time,Medium
C0199,Customer_0199,7000,15.0,1050.0,8050.0,536.67,15,6,536.67,2026-02-22,2026-02-22,0,4829.98,1,0,On Time,Medium
C0199,Customer_0199,7000,15.0,1050.0,8050.0,536.67,15,7,536.67,2026-03-01,2026-03-01,0,4293.31,1,0,On Time,Medium
C0199,Customer_0199,7000,15.0,1050.0,8050.0,536.67,15,8,536.67,2026-03-08,2026-03-08,0,3756.64,1,0,On Time,Medium
C0199,Customer_0199,7000,15.0,1050.0,8050.0,536.67,15,9,536.67,2026-03-15,2026-03-15,0,3219.97,1,0,On Time,Medium
C0199,Customer_0199,7000,15.0,1050.0,8050.0,536.67,15,10,536.67,2026-03-22,2026-03-24,2,2683.3,2,0,Late,Medium
C0200,Customer_0200,3000,15.0,450.0,3450.0,172.5,20,1,172.5,2026-06-06,2026-06-06,0,3277.5,0,0,On Time,Low
C0200,Customer_0200,3000,15.0,450.0,3450.0,172.5,20,2,172.5,2026-06-13,2026-06-13,0,3105.0,0,0,On Time,Low
C0200,Customer_0200,3000,15.0,450.0,3450.0,172.5,20,3,172.5,2026-06-20,2026-06-23,3,2932.5,1,0,Late,Medium
C0200,Customer_0200,3000,15.0,450.0,3450.0,172.5,20,4,207.0,2026-06-27,2026-06-30,3,2725.5,2,0,Late,Medium
C0200,Customer_0200,3000,15.0,450.0,3450.0,172.5,20,5,172.5,2026-07-04,2026-07-04,0,2553.0,2,0,On Time,Medium
C0200,Customer_0200,3000,15.0,450.0,3450.0,172.5,20,6,172.5,2026-07-11,2026-07-11,0,2380.5,2,0,On Time,Medium
C0200,Customer_0200,3000,15.0,450.0,3450.0,172.5,20,7,172.5,2026-07-18,2026-07-18,0,2208.0,2,0,On Time,Medium
C0200,Customer_0200,3000,15.0,450.0,3450.0,172.5,20,8,172.5,2026-07-25,2026-07-25,0,2035.5,2,0,On Time,Medium
C0200,Customer_0200,3000,15.0,450.0,3450.0,172.5,20,9,172.5,2026-08-01,2026-08-01,0,1863.0,2,0,On Time,Medium
C0200,Customer_0200,3000,15.0,450.0,3450.0,172.5,20,10,172.5,2026-08-08,2026-08-08,0,1690.5,2,0,On Time,Medium
C0201,Customer_0201,15000,15.0,2250.0,17250.0,1725.0,10,1,1380.0,2026-02-21,2026-02-28,7,15870.0,1,0,Late,Medium
C0201,Customer_0201,15000,15.0,2250.0,17250.0,1725.0,10,2,1725.0,2026-02-28,2026-02-28,0,14145.0,1,0,On Time,Medium
C0201,Customer_0201,15000,15.0,2250.0,17250.0,1725.0,10,3,1380.0,2026-03-07,2026-03-11,4,12765.0,2,0,Late,Medium
C0201,Customer_0201,15000,15.0,2250.0,17250.0,1725.0,10,4,1725.0,2026-03-14,2026-03-14,0,11040.0,2,0,On Time,Medium
C0201,Customer_0201,15000,15.0,2250.0,17250.0,1725.0,10,5,1725.0,2026-03-21,2026-03-21,0,9315.0,2,0,On Time,Medium
C0201,Customer_0201,15000,15.0,2250.0,17250.0,1725.0,10,6,1725.0,2026-03-28,2026-03-28,0,7590.0,2,0,On Time,Medium
C0201,Customer_0201,15000,15.0,2250.0,17250.0,1725.0,10,7,1725.0,2026-04-04,2026-04-04,0,5865.0,2,0,On Time,Medium
C0201,Customer_0201,15000,15.0,2250.0,17250.0,1725.0,10,8,1725.0,2026-04-11,2026-04-11,0,4140.0,2,0,On Time,Medium
C0201,Customer_0201,15000,15.0,2250.0,17250.0,1725.0,10,9,0.0,2026-04-18,,12,4140.0,2,1,Missed,Medium
C0201,Customer_0201,15000,15.0,2250.0,17250.0,1725.0,10,10,1725.0,2026-04-25,2026-04-25,0,2415.0,2,1,On Time,Medium
C0202,Customer_0202,7000,25.0,1750.0,8750.0,1093.75,8,1,1093.75,2026-04-28,2026-04-29,1,7656.25,1,0,Late,Medium
C0202,Customer_0202,7000,25.0,1750.0,8750.0,1093.75,8,2,1093.75,2026-05-05,2026-05-05,0,6562.5,1,0,On Time,Medium
C0202,Customer_0202,7000,25.0,1750.0,8750.0,1093.75,8,3,1093.75,2026-05-12,2026-05-12,0,5468.75,1,0,On Time,Medium
C0202,Customer_0202,7000,25.0,1750.0,8750.0,1093.75,8,4,1093.75,2026-05-19,2026-05-19,0,4375.0,1,0,On Time,Medium
C0202,Customer_0202,7000,25.0,1750.0,8750.0,1093.75,8,5,1093.75,2026-05-26,2026-05-26,0,3281.25,1,0,On Time,Medium
C0202,Customer_0202,7000,25.0,1750.0,8750.0,1093.75,8,6,1093.75,2026-06-02,2026-06-02,0,2187.5,1,0,On Time,Medium
C0202,Customer_0202,7000,25.0,1750.0,8750.0,1093.75,8,7,1093.75,2026-06-09,2026-06-09,0,1093.75,1,0,On Time,Medium
C0202,Customer_0202,7000,25.0,1750.0,8750.0,1093.75,8,8,1093.75,2026-06-16,2026-06-16,0,0.0,1,0,On Time,Medium
C0202,Customer_0202,7000,25.0,1750.0,8750.0,1093.75,8,9,1312.5,2026-06-23,2026-06-30,7,0.0,2,0,Late,Medium
C0202,Customer_0202,7000,25.0,1750.0,8750.0,1093.75,8,10,1093.75,2026-06-30,2026-06-30,0,0.0,2,0,On Time,Medium
C0203,Customer_0203,15000,20.0,3000.0,18000.0,900.0,20,1,900.0,2026-05-14,2026-05-20,6,17100.0,1,0,Late,Medium
C0203,Customer_0203,15000,20.0,3000.0,18000.0,900.0,20,2,900.0,2026-05-21,2026-05-21,0,16200.0,1,0,On Time,Medium
C0203,Customer_0203,15000,20.0,3000.0,18000.0,900.0,20,3,900.0,2026-05-28,2026-05-28,0,15300.0,1,0,On Time,Medium
C0203,Customer_0203,15000,20.0,3000.0,18000.0,900.0,20,4,900.0,2026-06-04,2026-06-04,0,14400.0,1,0,On Time,Medium
C0203,Customer_0203,15000,20.0,3000.0,18000.0,900.0,20,5,900.0,2026-06-11,2026-06-25,14,13500.0,2,0,Late,Medium
C0203,Customer_0203,15000,20.0,3000.0,18000.0,900.0,20,6,900.0,2026-06-18,2026-06-18,0,12600.0,2,0,On Time,Medium
C0203,Customer_0203,15000,20.0,3000.0,18000.0,900.0,20,7,900.0,2026-06-25,2026-06-25,0,11700.0,2,0,On Time,Medium
C0203,Customer_0203,15000,20.0,3000.0,18000.0,900.0,20,8,900.0,2026-07-02,2026-07-02,0,10800.0,2,0,On Time,Medium
C0203,Customer_0203,15000,20.0,3000.0,18000.0,900.0,20,9,900.0,2026-07-09,2026-07-09,0,9900.0,2,0,On Time,Medium
C0203,Customer_0203,15000,20.0,3000.0,18000.0,900.0,20,10,900.0,2026-07-16,2026-07-16,0,9000.0,2,0,On Time,Medium
C0204,Customer_0204,7000,20.0,1400.0,8400.0,700.0,12,1,700.0,2026-04-28,2026-04-28,0,7700.0,0,0,On Time,Low
C0204,Customer_0204,7000,20.0,1400.0,8400.0,700.0,12,2,0.0,2026-05-05,,14,7700.0,0,1,Missed,Medium
C0204,Customer_0204,7000,20.0,1400.0,8400.0,700.0,12,3,0.0,2026-05-12,,15,7700.0,0,2,Missed,High
C0204,Customer_0204,7000,20.0,1400.0,8400.0,700.0,12,4,700.0,2026-05-19,2026-05-19,0,7000.0,0,2,On Time,High
C0204,Customer_0204,7000,20.0,1400.0,8400.0,700.0,12,5,700.0,2026-05-26,2026-05-26,0,6300.0,0,2,On Time,High
C0204,Customer_0204,7000,20.0,1400.0,8400.0,700.0,12,6,700.0,2026-06-02,2026-06-02,0,5600.0,0,2,On Time,High
C0204,Customer_0204,7000,20.0,1400.0,8400.0,700.0,12,7,700.0,2026-06-09,2026-06-19,10,4900.0,1,2,Late,High
C0204,Customer_0204,7000,20.0,1400.0,8400.0,700.0,12,8,700.0,2026-06-16,2026-06-16,0,4200.0,1,2,On Time,High
C0204,Customer_0204,7000,20.0,1400.0,8400.0,700.0,12,9,700.0,2026-06-23,2026-06-23,0,3500.0,1,2,On Time,High
C0204,Customer_0204,7000,20.0,1400.0,8400.0,700.0,12,10,700.0,2026-06-30,2026-06-30,0,2800.0,1,2,On Time,High
C0205,Customer_0205,20000,15.0,3000.0,23000.0,2300.0,10,1,2300.0,2026-04-03,2026-04-03,0,20700.0,0,0,On Time,Low
C0205,Customer_0205,20000,15.0,3000.0,23000.0,2300.0,10,2,2300.0,2026-04-10,2026-04-10,0,18400.0,0,0,On Time,Low
C0205,Customer_0205,20000,15.0,3000.0,23000.0,2300.0,10,3,2300.0,2026-04-17,2026-04-17,0,16100.0,0,0,On Time,Low
C0205,Customer_0205,20000,15.0,3000.0,23000.0,2300.0,10,4,2300.0,2026-04-24,2026-04-24,0,13800.0,0,0,On Time,Low
C0205,Customer_0205,20000,15.0,3000.0,23000.0,2300.0,10,5,2300.0,2026-05-01,2026-05-01,0,11500.0,0,0,On Time,Low
C0205,Customer_0205,20000,15.0,3000.0,23000.0,2300.0,10,6,2300.0,2026-05-08,2026-05-08,0,9200.0,0,0,On Time,Low
C0205,Customer_0205,20000,15.0,3000.0,23000.0,2300.0,10,7,2300.0,2026-05-15,2026-05-28,13,6900.0,1,0,Late,Medium
C0205,Customer_0205,20000,15.0,3000.0,23000.0,2300.0,10,8,2300.0,2026-05-22,2026-05-22,0,4600.0,1,0,On Time,Medium
C0205,Customer_0205,20000,15.0,3000.0,23000.0,2300.0,10,9,2300.0,2026-05-29,2026-06-08,10,2300.0,2,0,Late,Medium
C0205,Customer_0205,20000,15.0,3000.0,23000.0,2300.0,10,10,2300.0,2026-06-05,2026-06-05,0,0.0,2,0,On Time,Medium
C0206,Customer_0206,15000,15.0,2250.0,17250.0,2156.25,8,1,1725.0,2026-03-03,2026-03-14,11,15525.0,1,0,Late,Medium
C0206,Customer_0206,15000,15.0,2250.0,17250.0,2156.25,8,2,2156.25,2026-03-10,2026-03-10,0,13368.75,1,0,On Time,Medium
C0206,Customer_0206,15000,15.0,2250.0,17250.0,2156.25,8,3,2156.25,2026-03-17,2026-03-17,0,11212.5,1,0,On Time,Medium
C0206,Customer_0206,15000,15.0,2250.0,17250.0,2156.25,8,4,2156.25,2026-03-24,2026-03-24,0,9056.25,1,0,On Time,Medium
C0206,Customer_0206,15000,15.0,2250.0,17250.0,2156.25,8,5,2587.5,2026-03-31,2026-04-09,9,6468.75,2,0,Late,Medium
C0206,Customer_0206,15000,15.0,2250.0,17250.0,2156.25,8,6,1725.0,2026-04-07,2026-04-15,8,4743.75,3,0,Late,High
C0206,Customer_0206,15000,15.0,2250.0,17250.0,2156.25,8,7,1725.0,2026-04-14,2026-04-23,9,3018.75,4,0,Late,High
C0206,Customer_0206,15000,15.0,2250.0,17250.0,2156.25,8,8,1725.0,2026-04-21,2026-04-24,3,1293.75,5,0,Late,High
C0206,Customer_0206,15000,15.0,2250.0,17250.0,2156.25,8,9,2156.25,2026-04-28,2026-04-28,0,0.0,5,0,On Time,High
C0206,Customer_0206,15000,15.0,2250.0,17250.0,2156.25,8,10,2156.25,2026-05-05,2026-05-05,0,0.0,5,0,On Time,High
C0207,Customer_0207,20000,15.0,3000.0,23000.0,1916.67,12,1,1533.34,2026-05-27,2026-05-30,3,21466.66,1,0,Late,Medium
C0207,Customer_0207,20000,15.0,3000.0,23000.0,1916.67,12,2,1916.67,2026-06-03,2026-06-03,0,19549.99,1,0,On Time,Medium
C0207,Customer_0207,20000,15.0,3000.0,23000.0,1916.67,12,3,1916.67,2026-06-10,2026-06-10,0,17633.32,1,0,On Time,Medium
C0207,Customer_0207,20000,15.0,3000.0,23000.0,1916.67,12,4,1916.67,2026-06-17,2026-06-17,0,15716.65,1,0,On Time,Medium
C0207,Customer_0207,20000,15.0,3000.0,23000.0,1916.67,12,5,1916.67,2026-06-24,2026-06-24,0,13799.98,1,0,On Time,Medium
C0207,Customer_0207,20000,15.0,3000.0,23000.0,1916.67,12,6,1916.67,2026-07-01,2026-07-01,0,11883.31,1,0,On Time,Medium
C0207,Customer_0207,20000,15.0,3000.0,23000.0,1916.67,12,7,1916.67,2026-07-08,2026-07-08,0,9966.64,1,0,On Time,Medium
C0207,Customer_0207,20000,15.0,3000.0,23000.0,1916.67,12,8,1916.67,2026-07-15,2026-07-15,0,8049.97,1,0,On Time,Medium
C0207,Customer_0207,20000,15.0,3000.0,23000.0,1916.67,12,9,1916.67,2026-07-22,2026-07-22,0,6133.3,1,0,On Time,Medium
C0207,Customer_0207,20000,15.0,3000.0,23000.0,1916.67,12,10,1916.67,2026-07-29,2026-07-29,0,4216.63,1,0,On Time,Medium
C0208,Customer_0208,10000,25.0,2500.0,12500.0,833.33,15,1,833.33,2026-04-26,2026-04-26,0,11666.67,0,0,On Time,Low
C0208,Customer_0208,10000,25.0,2500.0,12500.0,833.33,15,2,833.33,2026-05-03,2026-05-03,0,10833.34,0,0,On Time,Low
C0208,Customer_0208,10000,25.0,2500.0,12500.0,833.33,15,3,833.33,2026-05-10,2026-05-10,0,10000.01,0,0,On Time,Low
C0208,Customer_0208,10000,25.0,2500.0,12500.0,833.33,15,4,833.33,2026-05-17,2026-05-21,4,9166.68,1,0,Late,Medium
C0208,Customer_0208,10000,25.0,2500.0,12500.0,833.33,15,5,0.0,2026-05-24,,16,9166.68,1,1,Missed,Medium
C0208,Customer_0208,10000,25.0,2500.0,12500.0,833.33,15,6,833.33,2026-05-31,2026-05-31,0,8333.35,1,1,On Time,Medium
C0208,Customer_0208,10000,25.0,2500.0,12500.0,833.33,15,7,833.33,2026-06-07,2026-06-07,0,7500.02,1,1,On Time,Medium
C0208,Customer_0208,10000,25.0,2500.0,12500.0,833.33,15,8,833.33,2026-06-14,2026-06-14,0,6666.69,1,1,On Time,Medium
C0208,Customer_0208,10000,25.0,2500.0,12500.0,833.33,15,9,833.33,2026-06-21,2026-06-21,0,5833.36,1,1,On Time,Medium
C0208,Customer_0208,10000,25.0,2500.0,12500.0,833.33,15,10,833.33,2026-06-28,2026-06-28,0,5000.03,1,1,On Time,Medium
C0209,Customer_0209,20000,30.0,6000.0,26000.0,2166.67,12,1,2166.67,2026-03-01,2026-03-12,11,23833.33,1,0,Late,Medium
C0209,Customer_0209,20000,30.0,6000.0,26000.0,2166.67,12,2,0.0,2026-03-08,,17,23833.33,1,1,Missed,Medium
C0209,Customer_0209,20000,30.0,6000.0,26000.0,2166.67,12,3,2600.0,2026-03-15,2026-03-16,1,21233.33,2,1,Late,Medium
C0209,Customer_0209,20000,30.0,6000.0,26000.0,2166.67,12,4,2166.67,2026-03-22,2026-03-22,0,19066.66,2,1,On Time,Medium
C0209,Customer_0209,20000,30.0,6000.0,26000.0,2166.67,12,5,2166.67,2026-03-29,2026-03-29,0,16899.99,2,1,On Time,Medium
C0209,Customer_0209,20000,30.0,6000.0,26000.0,2166.67,12,6,2166.67,2026-04-05,2026-04-05,0,14733.32,2,1,On Time,Medium
C0209,Customer_0209,20000,30.0,6000.0,26000.0,2166.67,12,7,2166.67,2026-04-12,2026-04-12,0,12566.65,2,1,On Time,Medium
C0209,Customer_0209,20000,30.0,6000.0,26000.0,2166.67,12,8,2166.67,2026-04-19,2026-04-19,0,10399.98,2,1,On Time,Medium
C0209,Customer_0209,20000,30.0,6000.0,26000.0,2166.67,12,9,2166.67,2026-04-26,2026-04-26,0,8233.31,2,1,On Time,Medium
C0209,Customer_0209,20000,30.0,6000.0,26000.0,2166.67,12,10,2166.67,2026-05-03,2026-05-03,0,6066.64,2,1,On Time,Medium
C0210,Customer_0210,5000,15.0,750.0,5750.0,287.5,20,1,287.5,2026-03-03,2026-03-07,4,5462.5,1,0,Late,Medium
C0210,Customer_0210,5000,15.0,750.0,5750.0,287.5,20,2,287.5,2026-03-10,2026-03-10,0,5175.0,1,0,On Time,Medium
C0210,Customer_0210,5000,15.0,750.0,5750.0,287.5,20,3,345.0,2026-03-17,2026-03-29,12,4830.0,2,0,Late,Medium
C0210,Customer_0210,5000,15.0,750.0,5750.0,287.5,20,4,287.5,2026-03-24,2026-04-05,12,4542.5,3,0,Late,High
C0210,Customer_0210,5000,15.0,750.0,5750.0,287.5,20,5,287.5,2026-03-31,2026-03-31,0,4255.0,3,0,On Time,High
C0210,Customer_0210,5000,15.0,750.0,5750.0,287.5,20,6,230.0,2026-04-07,2026-04-17,10,4025.0,4,0,Late,High
C0210,Customer_0210,5000,15.0,750.0,5750.0,287.5,20,7,0.0,2026-04-14,,29,4025.0,4,1,Missed,High
C0210,Customer_0210,5000,15.0,750.0,5750.0,287.5,20,8,287.5,2026-04-21,2026-04-21,0,3737.5,4,1,On Time,High
C0210,Customer_0210,5000,15.0,750.0,5750.0,287.5,20,9,287.5,2026-04-28,2026-04-28,0,3450.0,4,1,On Time,High
C0210,Customer_0210,5000,15.0,750.0,5750.0,287.5,20,10,287.5,2026-05-05,2026-05-10,5,3162.5,5,1,Late,High
C0211,Customer_0211,15000,20.0,3000.0,18000.0,1800.0,10,1,1800.0,2026-03-17,2026-03-17,0,16200.0,0,0,On Time,Low
C0211,Customer_0211,15000,20.0,3000.0,18000.0,1800.0,10,2,1800.0,2026-03-24,2026-04-01,8,14400.0,1,0,Late,Medium
C0211,Customer_0211,15000,20.0,3000.0,18000.0,1800.0,10,3,1800.0,2026-03-31,2026-03-31,0,12600.0,1,0,On Time,Medium
C0211,Customer_0211,15000,20.0,3000.0,18000.0,1800.0,10,4,1800.0,2026-04-07,2026-04-07,0,10800.0,1,0,On Time,Medium
C0211,Customer_0211,15000,20.0,3000.0,18000.0,1800.0,10,5,1800.0,2026-04-14,2026-04-14,0,9000.0,1,0,On Time,Medium
C0211,Customer_0211,15000,20.0,3000.0,18000.0,1800.0,10,6,1800.0,2026-04-21,2026-05-03,12,7200.0,2,0,Late,Medium
C0211,Customer_0211,15000,20.0,3000.0,18000.0,1800.0,10,7,1800.0,2026-04-28,2026-04-29,1,5400.0,3,0,Late,High
C0211,Customer_0211,15000,20.0,3000.0,18000.0,1800.0,10,8,1800.0,2026-05-05,2026-05-05,0,3600.0,3,0,On Time,High
C0211,Customer_0211,15000,20.0,3000.0,18000.0,1800.0,10,9,1800.0,2026-05-12,2026-05-12,0,1800.0,3,0,On Time,High
C0211,Customer_0211,15000,20.0,3000.0,18000.0,1800.0,10,10,1800.0,2026-05-19,2026-05-19,0,0.0,3,0,On Time,High
C0212,Customer_0212,5000,20.0,1000.0,6000.0,750.0,8,1,750.0,2026-05-08,2026-05-08,0,5250.0,0,0,On Time,Low
C0212,Customer_0212,5000,20.0,1000.0,6000.0,750.0,8,2,750.0,2026-05-15,2026-05-15,0,4500.0,0,0,On Time,Low
C0212,Customer_0212,5000,20.0,1000.0,6000.0,750.0,8,3,750.0,2026-05-22,2026-05-22,0,3750.0,0,0,On Time,Low
C0212,Customer_0212,5000,20.0,1000.0,6000.0,750.0,8,4,600.0,2026-05-29,2026-05-30,1,3150.0,1,0,Late,Medium
C0212,Customer_0212,5000,20.0,1000.0,6000.0,750.0,8,5,750.0,2026-06-05,2026-06-05,0,2400.0,1,0,On Time,Medium
C0212,Customer_0212,5000,20.0,1000.0,6000.0,750.0,8,6,600.0,2026-06-12,2026-06-22,10,1800.0,2,0,Late,Medium
C0212,Customer_0212,5000,20.0,1000.0,6000.0,750.0,8,7,750.0,2026-06-19,2026-06-19,0,1050.0,2,0,On Time,Medium
C0212,Customer_0212,5000,20.0,1000.0,6000.0,750.0,8,8,750.0,2026-06-26,2026-07-02,6,300.0,3,0,Late,High
C0212,Customer_0212,5000,20.0,1000.0,6000.0,750.0,8,9,750.0,2026-07-03,2026-07-03,0,0.0,3,0,On Time,High
C0212,Customer_0212,5000,20.0,1000.0,6000.0,750.0,8,10,750.0,2026-07-10,2026-07-14,4,0.0,4,0,Late,High
C0213,Customer_0213,20000,30.0,6000.0,26000.0,1733.33,15,1,1386.66,2026-04-11,2026-04-23,12,24613.34,1,0,Late,Medium
C0213,Customer_0213,20000,30.0,6000.0,26000.0,1733.33,15,2,1733.33,2026-04-18,2026-04-18,0,22880.01,1,0,On Time,Medium
C0213,Customer_0213,20000,30.0,6000.0,26000.0,1733.33,15,3,1733.33,2026-04-25,2026-04-25,0,21146.68,1,0,On Time,Medium
C0213,Customer_0213,20000,30.0,6000.0,26000.0,1733.33,15,4,1733.33,2026-05-02,2026-05-02,0,19413.35,1,0,On Time,Medium
C0213,Customer_0213,20000,30.0,6000.0,26000.0,1733.33,15,5,1733.33,2026-05-09,2026-05-09,0,17680.02,1,0,On Time,Medium
C0213,Customer_0213,20000,30.0,6000.0,26000.0,1733.33,15,6,1733.33,2026-05-16,2026-05-21,5,15946.69,2,0,Late,Medium
C0213,Customer_0213,20000,30.0,6000.0,26000.0,1733.33,15,7,1733.33,2026-05-23,2026-05-23,0,14213.36,2,0,On Time,Medium
C0213,Customer_0213,20000,30.0,6000.0,26000.0,1733.33,15,8,2080.0,2026-05-30,2026-06-05,6,12133.36,3,0,Late,High
C0213,Customer_0213,20000,30.0,6000.0,26000.0,1733.33,15,9,1733.33,2026-06-06,2026-06-06,0,10400.03,3,0,On Time,High
C0213,Customer_0213,20000,30.0,6000.0,26000.0,1733.33,15,10,1733.33,2026-06-13,2026-06-13,0,8666.7,3,0,On Time,High
C0214,Customer_0214,15000,25.0,3750.0,18750.0,937.5,20,1,937.5,2026-05-26,2026-05-27,1,17812.5,1,0,Late,Medium
C0214,Customer_0214,15000,25.0,3750.0,18750.0,937.5,20,2,937.5,2026-06-02,2026-06-02,0,16875.0,1,0,On Time,Medium
C0214,Customer_0214,15000,25.0,3750.0,18750.0,937.5,20,3,937.5,2026-06-09,2026-06-09,0,15937.5,1,0,On Time,Medium
C0214,Customer_0214,15000,25.0,3750.0,18750.0,937.5,20,4,937.5,2026-06-16,2026-06-16,0,15000.0,1,0,On Time,Medium
C0214,Customer_0214,15000,25.0,3750.0,18750.0,937.5,20,5,0.0,2026-06-23,,17,15000.0,1,1,Missed,Medium
C0214,Customer_0214,15000,25.0,3750.0,18750.0,937.5,20,6,0.0,2026-06-30,,16,15000.0,1,2,Missed,High
C0214,Customer_0214,15000,25.0,3750.0,18750.0,937.5,20,7,937.5,2026-07-07,2026-07-07,0,14062.5,1,2,On Time,High
C0214,Customer_0214,15000,25.0,3750.0,18750.0,937.5,20,8,937.5,2026-07-14,2026-07-14,0,13125.0,1,2,On Time,High
C0214,Customer_0214,15000,25.0,3750.0,18750.0,937.5,20,9,937.5,2026-07-21,2026-07-21,0,12187.5,1,2,On Time,High
C0214,Customer_0214,15000,25.0,3750.0,18750.0,937.5,20,10,937.5,2026-07-28,2026-07-28,0,11250.0,1,2,On Time,High
C0215,Customer_0215,15000,15.0,2250.0,17250.0,1437.5,12,1,1437.5,2026-05-29,2026-06-12,14,15812.5,1,0,Late,Medium
C0215,Customer_0215,15000,15.0,2250.0,17250.0,1437.5,12,2,1437.5,2026-06-05,2026-06-05,0,14375.0,1,0,On Time,Medium
C0215,Customer_0215,15000,15.0,2250.0,17250.0,1437.5,12,3,1437.5,2026-06-12,2026-06-18,6,12937.5,2,0,Late,Medium
C0215,Customer_0215,15000,15.0,2250.0,17250.0,1437.5,12,4,1437.5,2026-06-19,2026-06-19,0,11500.0,2,0,On Time,Medium
C0215,Customer_0215,15000,15.0,2250.0,17250.0,1437.5,12,5,1437.5,2026-06-26,2026-06-27,1,10062.5,3,0,Late,High
C0215,Customer_0215,15000,15.0,2250.0,17250.0,1437.5,12,6,1725.0,2026-07-03,2026-07-10,7,8337.5,4,0,Late,High
C0215,Customer_0215,15000,15.0,2250.0,17250.0,1437.5,12,7,1437.5,2026-07-10,2026-07-20,10,6900.0,5,0,Late,High
C0215,Customer_0215,15000,15.0,2250.0,17250.0,1437.5,12,8,1437.5,2026-07-17,2026-07-17,0,5462.5,5,0,On Time,High
C0215,Customer_0215,15000,15.0,2250.0,17250.0,1437.5,12,9,1437.5,2026-07-24,2026-07-24,0,4025.0,5,0,On Time,High
C0215,Customer_0215,15000,15.0,2250.0,17250.0,1437.5,12,10,1437.5,2026-07-31,2026-08-03,3,2587.5,6,0,Late,High
C0216,Customer_0216,3000,30.0,900.0,3900.0,195.0,20,1,195.0,2026-01-29,2026-01-31,2,3705.0,1,0,Late,Medium
C0216,Customer_0216,3000,30.0,900.0,3900.0,195.0,20,2,195.0,2026-02-05,2026-02-14,9,3510.0,2,0,Late,Medium
C0216,Customer_0216,3000,30.0,900.0,3900.0,195.0,20,3,195.0,2026-02-12,2026-02-12,0,3315.0,2,0,On Time,Medium
C0216,Customer_0216,3000,30.0,900.0,3900.0,195.0,20,4,195.0,2026-02-19,2026-02-19,0,3120.0,2,0,On Time,Medium
C0216,Customer_0216,3000,30.0,900.0,3900.0,195.0,20,5,0.0,2026-02-26,,20,3120.0,2,1,Missed,Medium
C0216,Customer_0216,3000,30.0,900.0,3900.0,195.0,20,6,195.0,2026-03-05,2026-03-05,0,2925.0,2,1,On Time,Medium
C0216,Customer_0216,3000,30.0,900.0,3900.0,195.0,20,7,195.0,2026-03-12,2026-03-12,0,2730.0,2,1,On Time,Medium
C0216,Customer_0216,3000,30.0,900.0,3900.0,195.0,20,8,195.0,2026-03-19,2026-03-19,0,2535.0,2,1,On Time,Medium
C0216,Customer_0216,3000,30.0,900.0,3900.0,195.0,20,9,195.0,2026-03-26,2026-03-26,0,2340.0,2,1,On Time,Medium
C0216,Customer_0216,3000,30.0,900.0,3900.0,195.0,20,10,195.0,2026-04-02,2026-04-02,0,2145.0,2,1,On Time,Medium
C0217,Customer_0217,5000,30.0,1500.0,6500.0,812.5,8,1,650.0,2026-06-19,2026-07-03,14,5850.0,1,0,Late,Medium
C0217,Customer_0217,5000,30.0,1500.0,6500.0,812.5,8,2,812.5,2026-06-26,2026-06-26,0,5037.5,1,0,On Time,Medium
C0217,Customer_0217,5000,30.0,1500.0,6500.0,812.5,8,3,812.5,2026-07-03,2026-07-03,0,4225.0,1,0,On Time,Medium
C0217,Customer_0217,5000,30.0,1500.0,6500.0,812.5,8,4,812.5,2026-07-10,2026-07-16,6,3412.5,2,0,Late,Medium
C0217,Customer_0217,5000,30.0,1500.0,6500.0,812.5,8,5,812.5,2026-07-17,2026-07-17,0,2600.0,2,0,On Time,Medium
C0217,Customer_0217,5000,30.0,1500.0,6500.0,812.5,8,6,0.0,2026-07-24,,27,2600.0,2,1,Missed,Medium
C0217,Customer_0217,5000,30.0,1500.0,6500.0,812.5,8,7,812.5,2026-07-31,2026-07-31,0,1787.5,2,1,On Time,Medium
C0217,Customer_0217,5000,30.0,1500.0,6500.0,812.5,8,8,812.5,2026-08-07,2026-08-07,0,975.0,2,1,On Time,Medium
C0217,Customer_0217,5000,30.0,1500.0,6500.0,812.5,8,9,812.5,2026-08-14,2026-08-14,0,162.5,2,1,On Time,Medium
C0217,Customer_0217,5000,30.0,1500.0,6500.0,812.5,8,10,0.0,2026-08-21,,28,162.5,2,2,Missed,High
C0218,Customer_0218,5000,20.0,1000.0,6000.0,500.0,12,1,500.0,2026-03-06,2026-03-06,0,5500.0,0,0,On Time,Low
C0218,Customer_0218,5000,20.0,1000.0,6000.0,500.0,12,2,500.0,2026-03-13,2026-03-13,0,5000.0,0,0,On Time,Low
C0218,Customer_0218,5000,20.0,1000.0,6000.0,500.0,12,3,500.0,2026-03-20,2026-03-20,0,4500.0,0,0,On Time,Low
C0218,Customer_0218,5000,20.0,1000.0,6000.0,500.0,12,4,500.0,2026-03-27,2026-03-29,2,4000.0,1,0,Late,Medium
C0218,Customer_0218,5000,20.0,1000.0,6000.0,500.0,12,5,400.0,2026-04-03,2026-04-17,14,3600.0,2,0,Late,Medium
C0218,Customer_0218,5000,20.0,1000.0,6000.0,500.0,12,6,500.0,2026-04-10,2026-04-10,0,3100.0,2,0,On Time,Medium
C0218,Customer_0218,5000,20.0,1000.0,6000.0,500.0,12,7,500.0,2026-04-17,2026-04-17,0,2600.0,2,0,On Time,Medium
C0218,Customer_0218,5000,20.0,1000.0,6000.0,500.0,12,8,500.0,2026-04-24,2026-05-05,11,2100.0,3,0,Late,High
C0218,Customer_0218,5000,20.0,1000.0,6000.0,500.0,12,9,600.0,2026-05-01,2026-05-09,8,1500.0,4,0,Late,High
C0218,Customer_0218,5000,20.0,1000.0,6000.0,500.0,12,10,500.0,2026-05-08,2026-05-14,6,1000.0,5,0,Late,High
C0219,Customer_0219,7000,30.0,2100.0,9100.0,910.0,10,1,910.0,2026-04-04,2026-04-09,5,8190.0,1,0,Late,Medium
C0219,Customer_0219,7000,30.0,2100.0,9100.0,910.0,10,2,910.0,2026-04-11,2026-04-15,4,7280.0,2,0,Late,Medium
C0219,Customer_0219,7000,30.0,2100.0,9100.0,910.0,10,3,910.0,2026-04-18,2026-04-18,0,6370.0,2,0,On Time,Medium
C0219,Customer_0219,7000,30.0,2100.0,9100.0,910.0,10,4,1092.0,2026-04-25,2026-05-03,8,5278.0,3,0,Late,High
C0219,Customer_0219,7000,30.0,2100.0,9100.0,910.0,10,5,910.0,2026-05-02,2026-05-02,0,4368.0,3,0,On Time,High
C0219,Customer_0219,7000,30.0,2100.0,9100.0,910.0,10,6,728.0,2026-05-09,2026-05-17,8,3640.0,4,0,Late,High
C0219,Customer_0219,7000,30.0,2100.0,9100.0,910.0,10,7,910.0,2026-05-16,2026-05-16,0,2730.0,4,0,On Time,High
C0219,Customer_0219,7000,30.0,2100.0,9100.0,910.0,10,8,0.0,2026-05-23,,26,2730.0,4,1,Missed,High
C0219,Customer_0219,7000,30.0,2100.0,9100.0,910.0,10,9,1092.0,2026-05-30,2026-06-13,14,1638.0,5,1,Late,High
C0219,Customer_0219,7000,30.0,2100.0,9100.0,910.0,10,10,910.0,2026-06-06,2026-06-19,13,728.0,6,1,Late,High
C0220,Customer_0220,7000,25.0,1750.0,8750.0,729.17,12,1,583.34,2026-03-29,2026-04-01,3,8166.66,1,0,Late,Medium
C0220,Customer_0220,7000,25.0,1750.0,8750.0,729.17,12,2,729.17,2026-04-05,2026-04-05,0,7437.49,1,0,On Time,Medium
C0220,Customer_0220,7000,25.0,1750.0,8750.0,729.17,12,3,729.17,2026-04-12,2026-04-12,0,6708.32,1,0,On Time,Medium
C0220,Customer_0220,7000,25.0,1750.0,8750.0,729.17,12,4,729.17,2026-04-19,2026-04-26,7,5979.15,2,0,Late,Medium
C0220,Customer_0220,7000,25.0,1750.0,8750.0,729.17,12,5,729.17,2026-04-26,2026-04-26,0,5249.98,2,0,On Time,Medium
C0220,Customer_0220,7000,25.0,1750.0,8750.0,729.17,12,6,0.0,2026-05-03,,27,5249.98,2,1,Missed,Medium
C0220,Customer_0220,7000,25.0,1750.0,8750.0,729.17,12,7,729.17,2026-05-10,2026-05-10,0,4520.81,2,1,On Time,Medium
C0220,Customer_0220,7000,25.0,1750.0,8750.0,729.17,12,8,729.17,2026-05-17,2026-05-17,0,3791.64,2,1,On Time,Medium
C0220,Customer_0220,7000,25.0,1750.0,8750.0,729.17,12,9,729.17,2026-05-24,2026-05-24,0,3062.47,2,1,On Time,Medium
C0220,Customer_0220,7000,25.0,1750.0,8750.0,729.17,12,10,0.0,2026-05-31,,23,3062.47,2,2,Missed,High
C0221,Customer_0221,3000,30.0,900.0,3900.0,390.0,10,1,390.0,2026-04-04,2026-04-04,0,3510.0,0,0,On Time,Low
C0221,Customer_0221,3000,30.0,900.0,3900.0,390.0,10,2,390.0,2026-04-11,2026-04-11,0,3120.0,0,0,On Time,Low
C0221,Customer_0221,3000,30.0,900.0,3900.0,390.0,10,3,390.0,2026-04-18,2026-04-30,12,2730.0,1,0,Late,Medium
C0221,Customer_0221,3000,30.0,900.0,3900.0,390.0,10,4,390.0,2026-04-25,2026-04-25,0,2340.0,1,0,On Time,Medium
C0221,Customer_0221,3000,30.0,900.0,3900.0,390.0,10,5,390.0,2026-05-02,2026-05-02,0,1950.0,1,0,On Time,Medium
C0221,Customer_0221,3000,30.0,900.0,3900.0,390.0,10,6,390.0,2026-05-09,2026-05-09,0,1560.0,1,0,On Time,Medium
C0221,Customer_0221,3000,30.0,900.0,3900.0,390.0,10,7,0.0,2026-05-16,,26,1560.0,1,1,Missed,Medium
C0221,Customer_0221,3000,30.0,900.0,3900.0,390.0,10,8,390.0,2026-05-23,2026-05-23,0,1170.0,1,1,On Time,Medium
C0221,Customer_0221,3000,30.0,900.0,3900.0,390.0,10,9,390.0,2026-05-30,2026-05-30,0,780.0,1,1,On Time,Medium
C0221,Customer_0221,3000,30.0,900.0,3900.0,390.0,10,10,0.0,2026-06-06,,14,780.0,1,2,Missed,High
C0222,Customer_0222,10000,30.0,3000.0,13000.0,1083.33,12,1,1083.33,2026-04-20,2026-04-20,0,11916.67,0,0,On Time,Low
C0222,Customer_0222,10000,30.0,3000.0,13000.0,1083.33,12,2,1083.33,2026-04-27,2026-04-27,0,10833.34,0,0,On Time,Low
C0222,Customer_0222,10000,30.0,3000.0,13000.0,1083.33,12,3,1083.33,2026-05-04,2026-05-04,0,9750.01,0,0,On Time,Low
C0222,Customer_0222,10000,30.0,3000.0,13000.0,1083.33,12,4,1300.0,2026-05-11,2026-05-12,1,8450.01,1,0,Late,Medium
C0222,Customer_0222,10000,30.0,3000.0,13000.0,1083.33,12,5,1083.33,2026-05-18,2026-05-18,0,7366.68,1,0,On Time,Medium
C0222,Customer_0222,10000,30.0,3000.0,13000.0,1083.33,12,6,1083.33,2026-05-25,2026-05-25,0,6283.35,1,0,On Time,Medium
C0222,Customer_0222,10000,30.0,3000.0,13000.0,1083.33,12,7,0.0,2026-06-01,,28,6283.35,1,1,Missed,Medium
C0222,Customer_0222,10000,30.0,3000.0,13000.0,1083.33,12,8,1083.33,2026-06-08,2026-06-14,6,5200.02,2,1,Late,Medium
C0222,Customer_0222,10000,30.0,3000.0,13000.0,1083.33,12,9,1083.33,2026-06-15,2026-06-23,8,4116.69,3,1,Late,High
C0222,Customer_0222,10000,30.0,3000.0,13000.0,1083.33,12,10,1083.33,2026-06-22,2026-06-22,0,3033.36,3,1,On Time,High
C0223,Customer_0223,5000,25.0,1250.0,6250.0,520.83,12,1,416.66,2026-02-15,2026-02-21,6,5833.34,1,0,Late,Medium
C0223,Customer_0223,5000,25.0,1250.0,6250.0,520.83,12,2,625.0,2026-02-22,2026-03-08,14,5208.34,2,0,Late,Medium
C0223,Customer_0223,5000,25.0,1250.0,6250.0,520.83,12,3,520.83,2026-03-01,2026-03-01,0,4687.51,2,0,On Time,Medium
C0223,Customer_0223,5000,25.0,1250.0,6250.0,520.83,12,4,520.83,2026-03-08,2026-03-08,0,4166.68,2,0,On Time,Medium
C0223,Customer_0223,5000,25.0,1250.0,6250.0,520.83,12,5,520.83,2026-03-15,2026-03-15,0,3645.85,2,0,On Time,Medium
C0223,Customer_0223,5000,25.0,1250.0,6250.0,520.83,12,6,416.66,2026-03-22,2026-03-29,7,3229.19,3,0,Late,High
C0223,Customer_0223,5000,25.0,1250.0,6250.0,520.83,12,7,0.0,2026-03-29,,16,3229.19,3,1,Missed,High
C0223,Customer_0223,5000,25.0,1250.0,6250.0,520.83,12,8,520.83,2026-04-05,2026-04-10,5,2708.36,4,1,Late,High
C0223,Customer_0223,5000,25.0,1250.0,6250.0,520.83,12,9,520.83,2026-04-12,2026-04-12,0,2187.53,4,1,On Time,High
C0223,Customer_0223,5000,25.0,1250.0,6250.0,520.83,12,10,520.83,2026-04-19,2026-04-19,0,1666.7,4,1,On Time,High
C0224,Customer_0224,15000,15.0,2250.0,17250.0,1725.0,10,1,0.0,2026-04-25,,23,17250.0,0,1,Missed,Medium
C0224,Customer_0224,15000,15.0,2250.0,17250.0,1725.0,10,2,1725.0,2026-05-02,2026-05-09,7,15525.0,1,1,Late,Medium
C0224,Customer_0224,15000,15.0,2250.0,17250.0,1725.0,10,3,1380.0,2026-05-09,2026-05-18,9,14145.0,2,1,Late,Medium
C0224,Customer_0224,15000,15.0,2250.0,17250.0,1725.0,10,4,0.0,2026-05-16,,27,14145.0,2,2,Missed,High
C0224,Customer_0224,15000,15.0,2250.0,17250.0,1725.0,10,5,1725.0,2026-05-23,2026-05-23,0,12420.0,2,2,On Time,High
C0224,Customer_0224,15000,15.0,2250.0,17250.0,1725.0,10,6,1725.0,2026-05-30,2026-06-11,12,10695.0,3,2,Late,High
C0224,Customer_0224,15000,15.0,2250.0,17250.0,1725.0,10,7,1725.0,2026-06-06,2026-06-06,0,8970.0,3,2,On Time,High
C0224,Customer_0224,15000,15.0,2250.0,17250.0,1725.0,10,8,1725.0,2026-06-13,2026-06-22,9,7245.0,4,2,Late,High
C0224,Customer_0224,15000,15.0,2250.0,17250.0,1725.0,10,9,1725.0,2026-06-20,2026-06-27,7,5520.0,5,2,Late,High
C0224,Customer_0224,15000,15.0,2250.0,17250.0,1725.0,10,10,1725.0,2026-06-27,2026-07-06,9,3795.0,6,2,Late,High
C0225,Customer_0225,20000,30.0,6000.0,26000.0,1300.0,20,1,0.0,2026-04-19,,11,26000.0,0,1,Missed,Medium
C0225,Customer_0225,20000,30.0,6000.0,26000.0,1300.0,20,2,1300.0,2026-04-26,2026-04-26,0,24700.0,0,1,On Time,Medium
C0225,Customer_0225,20000,30.0,6000.0,26000.0,1300.0,20,3,1560.0,2026-05-03,2026-05-13,10,23140.0,1,1,Late,Medium
C0225,Customer_0225,20000,30.0,6000.0,26000.0,1300.0,20,4,1300.0,2026-05-10,2026-05-14,4,21840.0,2,1,Late,Medium
C0225,Customer_0225,20000,30.0,6000.0,26000.0,1300.0,20,5,0.0,2026-05-17,,14,21840.0,2,2,Missed,High
C0225,Customer_0225,20000,30.0,6000.0,26000.0,1300.0,20,6,1300.0,2026-05-24,2026-05-24,0,20540.0,2,2,On Time,High
C0225,Customer_0225,20000,30.0,6000.0,26000.0,1300.0,20,7,1300.0,2026-05-31,2026-06-06,6,19240.0,3,2,Late,High
C0225,Customer_0225,20000,30.0,6000.0,26000.0,1300.0,20,8,1040.0,2026-06-07,2026-06-21,14,18200.0,4,2,Late,High
C0225,Customer_0225,20000,30.0,6000.0,26000.0,1300.0,20,9,1300.0,2026-06-14,2026-06-27,13,16900.0,5,2,Late,High
C0225,Customer_0225,20000,30.0,6000.0,26000.0,1300.0,20,10,1300.0,2026-06-21,2026-06-21,0,15600.0,5,2,On Time,High
C0226,Customer_0226,20000,30.0,6000.0,26000.0,1300.0,20,1,0.0,2026-06-15,,14,26000.0,0,1,Missed,Medium
C0226,Customer_0226,20000,30.0,6000.0,26000.0,1300.0,20,2,1300.0,2026-06-22,2026-06-22,0,24700.0,0,1,On Time,Medium
C0226,Customer_0226,20000,30.0,6000.0,26000.0,1300.0,20,3,1560.0,2026-06-29,2026-07-02,3,23140.0,1,1,Late,Medium
C0226,Customer_0226,20000,30.0,6000.0,26000.0,1300.0,20,4,0.0,2026-07-06,,18,23140.0,1,2,Missed,High
C0226,Customer_0226,20000,30.0,6000.0,26000.0,1300.0,20,5,1300.0,2026-07-13,2026-07-13,0,21840.0,1,2,On Time,High
C0226,Customer_0226,20000,30.0,6000.0,26000.0,1300.0,20,6,1300.0,2026-07-20,2026-07-25,5,20540.0,2,2,Late,High
C0226,Customer_0226,20000,30.0,6000.0,26000.0,1300.0,20,7,1300.0,2026-07-27,2026-07-27,0,19240.0,2,2,On Time,High
C0226,Customer_0226,20000,30.0,6000.0,26000.0,1300.0,20,8,1040.0,2026-08-03,2026-08-17,14,18200.0,3,2,Late,High
C0226,Customer_0226,20000,30.0,6000.0,26000.0,1300.0,20,9,1300.0,2026-08-10,2026-08-10,0,16900.0,3,2,On Time,High
C0226,Customer_0226,20000,30.0,6000.0,26000.0,1300.0,20,10,1300.0,2026-08-17,2026-08-17,0,15600.0,3,2,On Time,High
C0227,Customer_0227,20000,30.0,6000.0,26000.0,1300.0,20,1,1300.0,2026-02-14,2026-02-15,1,24700.0,1,0,Late,Medium
C0227,Customer_0227,20000,30.0,6000.0,26000.0,1300.0,20,2,1300.0,2026-02-21,2026-02-21,0,23400.0,1,0,On Time,Medium
C0227,Customer_0227,20000,30.0,6000.0,26000.0,1300.0,20,3,1300.0,2026-02-28,2026-03-04,4,22100.0,2,0,Late,Medium
C0227,Customer_0227,20000,30.0,6000.0,26000.0,1300.0,20,4,1300.0,2026-03-07,2026-03-07,0,20800.0,2,0,On Time,Medium
C0227,Customer_0227,20000,30.0,6000.0,26000.0,1300.0,20,5,1300.0,2026-03-14,2026-03-14,0,19500.0,2,0,On Time,Medium
C0227,Customer_0227,20000,30.0,6000.0,26000.0,1300.0,20,6,1300.0,2026-03-21,2026-03-21,0,18200.0,2,0,On Time,Medium
C0227,Customer_0227,20000,30.0,6000.0,26000.0,1300.0,20,7,1300.0,2026-03-28,2026-03-28,0,16900.0,2,0,On Time,Medium
C0227,Customer_0227,20000,30.0,6000.0,26000.0,1300.0,20,8,0.0,2026-04-04,,19,16900.0,2,1,Missed,Medium
C0227,Customer_0227,20000,30.0,6000.0,26000.0,1300.0,20,9,0.0,2026-04-11,,14,16900.0,2,2,Missed,High
C0227,Customer_0227,20000,30.0,6000.0,26000.0,1300.0,20,10,1300.0,2026-04-18,2026-04-18,0,15600.0,2,2,On Time,High
C0228,Customer_0228,5000,25.0,1250.0,6250.0,520.83,12,1,520.83,2026-01-13,2026-01-13,0,5729.17,0,0,On Time,Low
C0228,Customer_0228,5000,25.0,1250.0,6250.0,520.83,12,2,520.83,2026-01-20,2026-01-20,0,5208.34,0,0,On Time,Low
C0228,Customer_0228,5000,25.0,1250.0,6250.0,520.83,12,3,625.0,2026-01-27,2026-02-03,7,4583.34,1,0,Late,Medium
C0228,Customer_0228,5000,25.0,1250.0,6250.0,520.83,12,4,520.83,2026-02-03,2026-02-03,0,4062.51,1,0,On Time,Medium
C0228,Customer_0228,5000,25.0,1250.0,6250.0,520.83,12,5,520.83,2026-02-10,2026-02-10,0,3541.68,1,0,On Time,Medium
C0228,Customer_0228,5000,25.0,1250.0,6250.0,520.83,12,6,520.83,2026-02-17,2026-02-17,0,3020.85,1,0,On Time,Medium
C0228,Customer_0228,5000,25.0,1250.0,6250.0,520.83,12,7,0.0,2026-02-24,,24,3020.85,1,1,Missed,Medium
C0228,Customer_0228,5000,25.0,1250.0,6250.0,520.83,12,8,520.83,2026-03-03,2026-03-03,0,2500.02,1,1,On Time,Medium
C0228,Customer_0228,5000,25.0,1250.0,6250.0,520.83,12,9,416.66,2026-03-10,2026-03-21,11,2083.36,2,1,Late,Medium
C0228,Customer_0228,5000,25.0,1250.0,6250.0,520.83,12,10,520.83,2026-03-17,2026-03-17,0,1562.53,2,1,On Time,Medium
C0229,Customer_0229,15000,30.0,4500.0,19500.0,2437.5,8,1,2437.5,2026-06-17,2026-06-17,0,17062.5,0,0,On Time,Low
C0229,Customer_0229,15000,30.0,4500.0,19500.0,2437.5,8,2,2925.0,2026-06-24,2026-07-04,10,14137.5,1,0,Late,Medium
C0229,Customer_0229,15000,30.0,4500.0,19500.0,2437.5,8,3,1950.0,2026-07-01,2026-07-08,7,12187.5,2,0,Late,Medium
C0229,Customer_0229,15000,30.0,4500.0,19500.0,2437.5,8,4,2437.5,2026-07-08,2026-07-08,0,9750.0,2,0,On Time,Medium
C0229,Customer_0229,15000,30.0,4500.0,19500.0,2437.5,8,5,2437.5,2026-07-15,2026-07-15,0,7312.5,2,0,On Time,Medium
C0229,Customer_0229,15000,30.0,4500.0,19500.0,2437.5,8,6,1950.0,2026-07-22,2026-07-28,6,5362.5,3,0,Late,High
C0229,Customer_0229,15000,30.0,4500.0,19500.0,2437.5,8,7,0.0,2026-07-29,,18,5362.5,3,1,Missed,High
C0229,Customer_0229,15000,30.0,4500.0,19500.0,2437.5,8,8,2437.5,2026-08-05,2026-08-05,0,2925.0,3,1,On Time,High
C0229,Customer_0229,15000,30.0,4500.0,19500.0,2437.5,8,9,2437.5,2026-08-12,2026-08-12,0,487.5,3,1,On Time,High
C0229,Customer_0229,15000,30.0,4500.0,19500.0,2437.5,8,10,2437.5,2026-08-19,2026-08-19,0,0.0,3,1,On Time,High
C0230,Customer_0230,10000,15.0,1500.0,11500.0,575.0,20,1,575.0,2026-05-16,2026-05-16,0,10925.0,0,0,On Time,Low
C0230,Customer_0230,10000,15.0,1500.0,11500.0,575.0,20,2,575.0,2026-05-23,2026-05-23,0,10350.0,0,0,On Time,Low
C0230,Customer_0230,10000,15.0,1500.0,11500.0,575.0,20,3,575.0,2026-05-30,2026-05-30,0,9775.0,0,0,On Time,Low
C0230,Customer_0230,10000,15.0,1500.0,11500.0,575.0,20,4,575.0,2026-06-06,2026-06-09,3,9200.0,1,0,Late,Medium
C0230,Customer_0230,10000,15.0,1500.0,11500.0,575.0,20,5,575.0,2026-06-13,2026-06-14,1,8625.0,2,0,Late,Medium
C0230,Customer_0230,10000,15.0,1500.0,11500.0,575.0,20,6,575.0,2026-06-20,2026-06-20,0,8050.0,2,0,On Time,Medium
C0230,Customer_0230,10000,15.0,1500.0,11500.0,575.0,20,7,575.0,2026-06-27,2026-06-27,0,7475.0,2,0,On Time,Medium
C0230,Customer_0230,10000,15.0,1500.0,11500.0,575.0,20,8,690.0,2026-07-04,2026-07-11,7,6785.0,3,0,Late,High
C0230,Customer_0230,10000,15.0,1500.0,11500.0,575.0,20,9,0.0,2026-07-11,,28,6785.0,3,1,Missed,High
C0230,Customer_0230,10000,15.0,1500.0,11500.0,575.0,20,10,575.0,2026-07-18,2026-07-18,0,6210.0,3,1,On Time,High
C0231,Customer_0231,15000,15.0,2250.0,17250.0,1437.5,12,1,1437.5,2026-02-23,2026-02-23,0,15812.5,0,0,On Time,Low
C0231,Customer_0231,15000,15.0,2250.0,17250.0,1437.5,12,2,1437.5,2026-03-02,2026-03-02,0,14375.0,0,0,On Time,Low
C0231,Customer_0231,15000,15.0,2250.0,17250.0,1437.5,12,3,1437.5,2026-03-09,2026-03-09,0,12937.5,0,0,On Time,Low
C0231,Customer_0231,15000,15.0,2250.0,17250.0,1437.5,12,4,1437.5,2026-03-16,2026-03-16,0,11500.0,0,0,On Time,Low
C0231,Customer_0231,15000,15.0,2250.0,17250.0,1437.5,12,5,1437.5,2026-03-23,2026-03-23,0,10062.5,0,0,On Time,Low
C0231,Customer_0231,15000,15.0,2250.0,17250.0,1437.5,12,6,1437.5,2026-03-30,2026-03-30,0,8625.0,0,0,On Time,Low
C0231,Customer_0231,15000,15.0,2250.0,17250.0,1437.5,12,7,1437.5,2026-04-06,2026-04-06,0,7187.5,0,0,On Time,Low
C0231,Customer_0231,15000,15.0,2250.0,17250.0,1437.5,12,8,1437.5,2026-04-13,2026-04-13,0,5750.0,0,0,On Time,Low
C0231,Customer_0231,15000,15.0,2250.0,17250.0,1437.5,12,9,1437.5,2026-04-20,2026-04-20,0,4312.5,0,0,On Time,Low
C0231,Customer_0231,15000,15.0,2250.0,17250.0,1437.5,12,10,1725.0,2026-04-27,2026-05-03,6,2587.5,1,0,Late,Medium
C0232,Customer_0232,10000,20.0,2000.0,12000.0,600.0,20,1,600.0,2026-04-25,2026-04-25,0,11400.0,0,0,On Time,Low
C0232,Customer_0232,10000,20.0,2000.0,12000.0,600.0,20,2,600.0,2026-05-02,2026-05-02,0,10800.0,0,0,On Time,Low
C0232,Customer_0232,10000,20.0,2000.0,12000.0,600.0,20,3,0.0,2026-05-09,,10,10800.0,0,1,Missed,Medium
C0232,Customer_0232,10000,20.0,2000.0,12000.0,600.0,20,4,0.0,2026-05-16,,26,10800.0,0,2,Missed,High
C0232,Customer_0232,10000,20.0,2000.0,12000.0,600.0,20,5,480.0,2026-05-23,2026-06-01,9,10320.0,1,2,Late,High
C0232,Customer_0232,10000,20.0,2000.0,12000.0,600.0,20,6,600.0,2026-05-30,2026-05-30,0,9720.0,1,2,On Time,High
C0232,Customer_0232,10000,20.0,2000.0,12000.0,600.0,20,7,600.0,2026-06-06,2026-06-06,0,9120.0,1,2,On Time,High
C0232,Customer_0232,10000,20.0,2000.0,12000.0,600.0,20,8,720.0,2026-06-13,2026-06-16,3,8400.0,2,2,Late,High
C0232,Customer_0232,10000,20.0,2000.0,12000.0,600.0,20,9,600.0,2026-06-20,2026-06-20,0,7800.0,2,2,On Time,High
C0232,Customer_0232,10000,20.0,2000.0,12000.0,600.0,20,10,600.0,2026-06-27,2026-06-27,0,7200.0,2,2,On Time,High
C0233,Customer_0233,10000,15.0,1500.0,11500.0,1150.0,10,1,1150.0,2026-02-17,2026-03-01,12,10350.0,1,0,Late,Medium
C0233,Customer_0233,10000,15.0,1500.0,11500.0,1150.0,10,2,1150.0,2026-02-24,2026-02-24,0,9200.0,1,0,On Time,Medium
C0233,Customer_0233,10000,15.0,1500.0,11500.0,1150.0,10,3,1150.0,2026-03-03,2026-03-03,0,8050.0,1,0,On Time,Medium
C0233,Customer_0233,10000,15.0,1500.0,11500.0,1150.0,10,4,0.0,2026-03-10,,18,8050.0,1,1,Missed,Medium
C0233,Customer_0233,10000,15.0,1500.0,11500.0,1150.0,10,5,1150.0,2026-03-17,2026-03-17,0,6900.0,1,1,On Time,Medium
C0233,Customer_0233,10000,15.0,1500.0,11500.0,1150.0,10,6,1150.0,2026-03-24,2026-03-24,0,5750.0,1,1,On Time,Medium
C0233,Customer_0233,10000,15.0,1500.0,11500.0,1150.0,10,7,1150.0,2026-03-31,2026-04-08,8,4600.0,2,1,Late,Medium
C0233,Customer_0233,10000,15.0,1500.0,11500.0,1150.0,10,8,1150.0,2026-04-07,2026-04-07,0,3450.0,2,1,On Time,Medium
C0233,Customer_0233,10000,15.0,1500.0,11500.0,1150.0,10,9,1150.0,2026-04-14,2026-04-14,0,2300.0,2,1,On Time,Medium
C0233,Customer_0233,10000,15.0,1500.0,11500.0,1150.0,10,10,0.0,2026-04-21,,9,2300.0,2,2,Missed,High
C0234,Customer_0234,5000,30.0,1500.0,6500.0,650.0,10,1,780.0,2026-03-14,2026-03-22,8,5720.0,1,0,Late,Medium
C0234,Customer_0234,5000,30.0,1500.0,6500.0,650.0,10,2,650.0,2026-03-21,2026-03-21,0,5070.0,1,0,On Time,Medium
C0234,Customer_0234,5000,30.0,1500.0,6500.0,650.0,10,3,0.0,2026-03-28,,11,5070.0,1,1,Missed,Medium
C0234,Customer_0234,5000,30.0,1500.0,6500.0,650.0,10,4,650.0,2026-04-04,2026-04-04,0,4420.0,1,1,On Time,Medium
C0234,Customer_0234,5000,30.0,1500.0,6500.0,650.0,10,5,0.0,2026-04-11,,23,4420.0,1,2,Missed,High
C0234,Customer_0234,5000,30.0,1500.0,6500.0,650.0,10,6,650.0,2026-04-18,2026-04-18,0,3770.0,1,2,On Time,High
C0234,Customer_0234,5000,30.0,1500.0,6500.0,650.0,10,7,650.0,2026-04-25,2026-04-25,0,3120.0,1,2,On Time,High
C0234,Customer_0234,5000,30.0,1500.0,6500.0,650.0,10,8,650.0,2026-05-02,2026-05-04,2,2470.0,2,2,Late,High
C0234,Customer_0234,5000,30.0,1500.0,6500.0,650.0,10,9,650.0,2026-05-09,2026-05-13,4,1820.0,3,2,Late,High
C0234,Customer_0234,5000,30.0,1500.0,6500.0,650.0,10,10,780.0,2026-05-16,2026-05-23,7,1040.0,4,2,Late,High
C0235,Customer_0235,3000,20.0,600.0,3600.0,450.0,8,1,450.0,2026-03-07,2026-03-07,0,3150.0,0,0,On Time,Low
C0235,Customer_0235,3000,20.0,600.0,3600.0,450.0,8,2,450.0,2026-03-14,2026-03-14,0,2700.0,0,0,On Time,Low
C0235,Customer_0235,3000,20.0,600.0,3600.0,450.0,8,3,450.0,2026-03-21,2026-03-21,0,2250.0,0,0,On Time,Low
C0235,Customer_0235,3000,20.0,600.0,3600.0,450.0,8,4,450.0,2026-03-28,2026-04-02,5,1800.0,1,0,Late,Medium
C0235,Customer_0235,3000,20.0,600.0,3600.0,450.0,8,5,360.0,2026-04-04,2026-04-08,4,1440.0,2,0,Late,Medium
C0235,Customer_0235,3000,20.0,600.0,3600.0,450.0,8,6,450.0,2026-04-11,2026-04-11,0,990.0,2,0,On Time,Medium
C0235,Customer_0235,3000,20.0,600.0,3600.0,450.0,8,7,450.0,2026-04-18,2026-04-18,0,540.0,2,0,On Time,Medium
C0235,Customer_0235,3000,20.0,600.0,3600.0,450.0,8,8,450.0,2026-04-25,2026-04-25,0,90.0,2,0,On Time,Medium
C0235,Customer_0235,3000,20.0,600.0,3600.0,450.0,8,9,450.0,2026-05-02,2026-05-02,0,0.0,2,0,On Time,Medium
C0235,Customer_0235,3000,20.0,600.0,3600.0,450.0,8,10,450.0,2026-05-09,2026-05-09,0,0.0,2,0,On Time,Medium
C0236,Customer_0236,15000,30.0,4500.0,19500.0,2437.5,8,1,2437.5,2026-05-02,2026-05-02,0,17062.5,0,0,On Time,Low
C0236,Customer_0236,15000,30.0,4500.0,19500.0,2437.5,8,2,0.0,2026-05-09,,22,17062.5,0,1,Missed,Medium
C0236,Customer_0236,15000,30.0,4500.0,19500.0,2437.5,8,3,2437.5,2026-05-16,2026-05-16,0,14625.0,0,1,On Time,Medium
C0236,Customer_0236,15000,30.0,4500.0,19500.0,2437.5,8,4,2437.5,2026-05-23,2026-05-23,0,12187.5,0,1,On Time,Medium
C0236,Customer_0236,15000,30.0,4500.0,19500.0,2437.5,8,5,2437.5,2026-05-30,2026-05-30,0,9750.0,0,1,On Time,Medium
C0236,Customer_0236,15000,30.0,4500.0,19500.0,2437.5,8,6,2437.5,2026-06-06,2026-06-06,0,7312.5,0,1,On Time,Medium
C0236,Customer_0236,15000,30.0,4500.0,19500.0,2437.5,8,7,2925.0,2026-06-13,2026-06-20,7,4387.5,1,1,Late,Medium
C0236,Customer_0236,15000,30.0,4500.0,19500.0,2437.5,8,8,2925.0,2026-06-20,2026-06-22,2,1462.5,2,1,Late,Medium
C0236,Customer_0236,15000,30.0,4500.0,19500.0,2437.5,8,9,2437.5,2026-06-27,2026-06-27,0,0.0,2,1,On Time,Medium
C0236,Customer_0236,15000,30.0,4500.0,19500.0,2437.5,8,10,0.0,2026-07-04,,14,0.0,2,2,Missed,High
C0237,Customer_0237,7000,15.0,1050.0,8050.0,402.5,20,1,402.5,2026-05-02,2026-05-02,0,7647.5,0,0,On Time,Low
C0237,Customer_0237,7000,15.0,1050.0,8050.0,402.5,20,2,402.5,2026-05-09,2026-05-09,0,7245.0,0,0,On Time,Low
C0237,Customer_0237,7000,15.0,1050.0,8050.0,402.5,20,3,402.5,2026-05-16,2026-05-16,0,6842.5,0,0,On Time,Low
C0237,Customer_0237,7000,15.0,1050.0,8050.0,402.5,20,4,0.0,2026-05-23,,11,6842.5,0,1,Missed,Medium
C0237,Customer_0237,7000,15.0,1050.0,8050.0,402.5,20,5,402.5,2026-05-30,2026-05-30,0,6440.0,0,1,On Time,Medium
C0237,Customer_0237,7000,15.0,1050.0,8050.0,402.5,20,6,402.5,2026-06-06,2026-06-06,0,6037.5,0,1,On Time,Medium
C0237,Customer_0237,7000,15.0,1050.0,8050.0,402.5,20,7,483.0,2026-06-13,2026-06-16,3,5554.5,1,1,Late,Medium
C0237,Customer_0237,7000,15.0,1050.0,8050.0,402.5,20,8,483.0,2026-06-20,2026-07-02,12,5071.5,2,1,Late,Medium
C0237,Customer_0237,7000,15.0,1050.0,8050.0,402.5,20,9,402.5,2026-06-27,2026-06-27,0,4669.0,2,1,On Time,Medium
C0237,Customer_0237,7000,15.0,1050.0,8050.0,402.5,20,10,402.5,2026-07-04,2026-07-04,0,4266.5,2,1,On Time,Medium
C0238,Customer_0238,7000,30.0,2100.0,9100.0,455.0,20,1,455.0,2026-05-05,2026-05-19,14,8645.0,1,0,Late,Medium
C0238,Customer_0238,7000,30.0,2100.0,9100.0,455.0,20,2,455.0,2026-05-12,2026-05-12,0,8190.0,1,0,On Time,Medium
C0238,Customer_0238,7000,30.0,2100.0,9100.0,455.0,20,3,0.0,2026-05-19,,27,8190.0,1,1,Missed,Medium
C0238,Customer_0238,7000,30.0,2100.0,9100.0,455.0,20,4,455.0,2026-05-26,2026-05-26,0,7735.0,1,1,On Time,Medium
C0238,Customer_0238,7000,30.0,2100.0,9100.0,455.0,20,5,455.0,2026-06-02,2026-06-02,0,7280.0,1,1,On Time,Medium
C0238,Customer_0238,7000,30.0,2100.0,9100.0,455.0,20,6,455.0,2026-06-09,2026-06-09,0,6825.0,1,1,On Time,Medium
C0238,Customer_0238,7000,30.0,2100.0,9100.0,455.0,20,7,455.0,2026-06-16,2026-06-16,0,6370.0,1,1,On Time,Medium
C0238,Customer_0238,7000,30.0,2100.0,9100.0,455.0,20,8,455.0,2026-06-23,2026-06-23,0,5915.0,1,1,On Time,Medium
C0238,Customer_0238,7000,30.0,2100.0,9100.0,455.0,20,9,455.0,2026-06-30,2026-06-30,0,5460.0,1,1,On Time,Medium
C0238,Customer_0238,7000,30.0,2100.0,9100.0,455.0,20,10,0.0,2026-07-07,,7,5460.0,1,2,Missed,High
C0239,Customer_0239,3000,15.0,450.0,3450.0,345.0,10,1,276.0,2026-06-19,2026-06-25,6,3174.0,1,0,Late,Medium
C0239,Customer_0239,3000,15.0,450.0,3450.0,345.0,10,2,345.0,2026-06-26,2026-06-26,0,2829.0,1,0,On Time,Medium
C0239,Customer_0239,3000,15.0,450.0,3450.0,345.0,10,3,345.0,2026-07-03,2026-07-03,0,2484.0,1,0,On Time,Medium
C0239,Customer_0239,3000,15.0,450.0,3450.0,345.0,10,4,345.0,2026-07-10,2026-07-10,0,2139.0,1,0,On Time,Medium
C0239,Customer_0239,3000,15.0,450.0,3450.0,345.0,10,5,276.0,2026-07-17,2026-07-23,6,1863.0,2,0,Late,Medium
C0239,Customer_0239,3000,15.0,450.0,3450.0,345.0,10,6,345.0,2026-07-24,2026-07-24,0,1518.0,2,0,On Time,Medium
C0239,Customer_0239,3000,15.0,450.0,3450.0,345.0,10,7,345.0,2026-07-31,2026-07-31,0,1173.0,2,0,On Time,Medium
C0239,Customer_0239,3000,15.0,450.0,3450.0,345.0,10,8,345.0,2026-08-07,2026-08-07,0,828.0,2,0,On Time,Medium
C0239,Customer_0239,3000,15.0,450.0,3450.0,345.0,10,9,345.0,2026-08-14,2026-08-14,0,483.0,2,0,On Time,Medium
C0239,Customer_0239,3000,15.0,450.0,3450.0,345.0,10,10,345.0,2026-08-21,2026-09-04,14,138.0,3,0,Late,High
C0240,Customer_0240,15000,25.0,3750.0,18750.0,937.5,20,1,937.5,2026-01-27,2026-02-01,5,17812.5,1,0,Late,Medium
C0240,Customer_0240,15000,25.0,3750.0,18750.0,937.5,20,2,937.5,2026-02-03,2026-02-03,0,16875.0,1,0,On Time,Medium
C0240,Customer_0240,15000,25.0,3750.0,18750.0,937.5,20,3,937.5,2026-02-10,2026-02-10,0,15937.5,1,0,On Time,Medium
C0240,Customer_0240,15000,25.0,3750.0,18750.0,937.5,20,4,937.5,2026-02-17,2026-02-18,1,15000.0,2,0,Late,Medium
C0240,Customer_0240,15000,25.0,3750.0,18750.0,937.5,20,5,937.5,2026-02-24,2026-02-24,0,14062.5,2,0,On Time,Medium
C0240,Customer_0240,15000,25.0,3750.0,18750.0,937.5,20,6,937.5,2026-03-03,2026-03-03,0,13125.0,2,0,On Time,Medium
C0240,Customer_0240,15000,25.0,3750.0,18750.0,937.5,20,7,0.0,2026-03-10,,26,13125.0,2,1,Missed,Medium
C0240,Customer_0240,15000,25.0,3750.0,18750.0,937.5,20,8,937.5,2026-03-17,2026-03-17,0,12187.5,2,1,On Time,Medium
C0240,Customer_0240,15000,25.0,3750.0,18750.0,937.5,20,9,937.5,2026-03-24,2026-03-26,2,11250.0,3,1,Late,High
C0240,Customer_0240,15000,25.0,3750.0,18750.0,937.5,20,10,937.5,2026-03-31,2026-03-31,0,10312.5,3,1,On Time,High
C0241,Customer_0241,3000,20.0,600.0,3600.0,180.0,20,1,180.0,2026-05-15,2026-05-15,0,3420.0,0,0,On Time,Low
C0241,Customer_0241,3000,20.0,600.0,3600.0,180.0,20,2,180.0,2026-05-22,2026-05-22,0,3240.0,0,0,On Time,Low
C0241,Customer_0241,3000,20.0,600.0,3600.0,180.0,20,3,180.0,2026-05-29,2026-05-29,0,3060.0,0,0,On Time,Low
C0241,Customer_0241,3000,20.0,600.0,3600.0,180.0,20,4,0.0,2026-06-05,,18,3060.0,0,1,Missed,Medium
C0241,Customer_0241,3000,20.0,600.0,3600.0,180.0,20,5,180.0,2026-06-12,2026-06-15,3,2880.0,1,1,Late,Medium
C0241,Customer_0241,3000,20.0,600.0,3600.0,180.0,20,6,180.0,2026-06-19,2026-06-19,0,2700.0,1,1,On Time,Medium
C0241,Customer_0241,3000,20.0,600.0,3600.0,180.0,20,7,180.0,2026-06-26,2026-07-08,12,2520.0,2,1,Late,Medium
C0241,Customer_0241,3000,20.0,600.0,3600.0,180.0,20,8,144.0,2026-07-03,2026-07-16,13,2376.0,3,1,Late,High
C0241,Customer_0241,3000,20.0,600.0,3600.0,180.0,20,9,180.0,2026-07-10,2026-07-10,0,2196.0,3,1,On Time,High
C0241,Customer_0241,3000,20.0,600.0,3600.0,180.0,20,10,180.0,2026-07-17,2026-07-17,0,2016.0,3,1,On Time,High
C0242,Customer_0242,3000,25.0,750.0,3750.0,250.0,15,1,250.0,2026-05-21,2026-05-21,0,3500.0,0,0,On Time,Low
C0242,Customer_0242,3000,25.0,750.0,3750.0,250.0,15,2,250.0,2026-05-28,2026-05-28,0,3250.0,0,0,On Time,Low
C0242,Customer_0242,3000,25.0,750.0,3750.0,250.0,15,3,250.0,2026-06-04,2026-06-04,0,3000.0,0,0,On Time,Low
C0242,Customer_0242,3000,25.0,750.0,3750.0,250.0,15,4,250.0,2026-06-11,2026-06-11,0,2750.0,0,0,On Time,Low
C0242,Customer_0242,3000,25.0,750.0,3750.0,250.0,15,5,250.0,2026-06-18,2026-06-18,0,2500.0,0,0,On Time,Low
C0242,Customer_0242,3000,25.0,750.0,3750.0,250.0,15,6,250.0,2026-06-25,2026-06-25,0,2250.0,0,0,On Time,Low
C0242,Customer_0242,3000,25.0,750.0,3750.0,250.0,15,7,250.0,2026-07-02,2026-07-02,0,2000.0,0,0,On Time,Low
C0242,Customer_0242,3000,25.0,750.0,3750.0,250.0,15,8,0.0,2026-07-09,,10,2000.0,0,1,Missed,Medium
C0242,Customer_0242,3000,25.0,750.0,3750.0,250.0,15,9,250.0,2026-07-16,2026-07-16,0,1750.0,0,1,On Time,Medium
C0242,Customer_0242,3000,25.0,750.0,3750.0,250.0,15,10,250.0,2026-07-23,2026-07-23,0,1500.0,0,1,On Time,Medium
C0243,Customer_0243,15000,20.0,3000.0,18000.0,1500.0,12,1,1500.0,2026-05-16,2026-05-16,0,16500.0,0,0,On Time,Low
C0243,Customer_0243,15000,20.0,3000.0,18000.0,1500.0,12,2,1200.0,2026-05-23,2026-05-30,7,15300.0,1,0,Late,Medium
C0243,Customer_0243,15000,20.0,3000.0,18000.0,1500.0,12,3,1500.0,2026-05-30,2026-05-30,0,13800.0,1,0,On Time,Medium
C0243,Customer_0243,15000,20.0,3000.0,18000.0,1500.0,12,4,1800.0,2026-06-06,2026-06-18,12,12000.0,2,0,Late,Medium
C0243,Customer_0243,15000,20.0,3000.0,18000.0,1500.0,12,5,0.0,2026-06-13,,16,12000.0,2,1,Missed,Medium
C0243,Customer_0243,15000,20.0,3000.0,18000.0,1500.0,12,6,1500.0,2026-06-20,2026-06-20,0,10500.0,2,1,On Time,Medium
C0243,Customer_0243,15000,20.0,3000.0,18000.0,1500.0,12,7,1500.0,2026-06-27,2026-06-27,0,9000.0,2,1,On Time,Medium
C0243,Customer_0243,15000,20.0,3000.0,18000.0,1500.0,12,8,1500.0,2026-07-04,2026-07-04,0,7500.0,2,1,On Time,Medium
C0243,Customer_0243,15000,20.0,3000.0,18000.0,1500.0,12,9,1500.0,2026-07-11,2026-07-11,0,6000.0,2,1,On Time,Medium
C0243,Customer_0243,15000,20.0,3000.0,18000.0,1500.0,12,10,1500.0,2026-07-18,2026-07-18,0,4500.0,2,1,On Time,Medium
C0244,Customer_0244,15000,15.0,2250.0,17250.0,1150.0,15,1,920.0,2026-04-08,2026-04-15,7,16330.0,1,0,Late,Medium
C0244,Customer_0244,15000,15.0,2250.0,17250.0,1150.0,15,2,1150.0,2026-04-15,2026-04-23,8,15180.0,2,0,Late,Medium
C0244,Customer_0244,15000,15.0,2250.0,17250.0,1150.0,15,3,1150.0,2026-04-22,2026-05-04,12,14030.0,3,0,Late,High
C0244,Customer_0244,15000,15.0,2250.0,17250.0,1150.0,15,4,1150.0,2026-04-29,2026-04-29,0,12880.0,3,0,On Time,High
C0244,Customer_0244,15000,15.0,2250.0,17250.0,1150.0,15,5,0.0,2026-05-06,,16,12880.0,3,1,Missed,High
C0244,Customer_0244,15000,15.0,2250.0,17250.0,1150.0,15,6,1380.0,2026-05-13,2026-05-23,10,11500.0,4,1,Late,High
C0244,Customer_0244,15000,15.0,2250.0,17250.0,1150.0,15,7,1150.0,2026-05-20,2026-05-20,0,10350.0,4,1,On Time,High
C0244,Customer_0244,15000,15.0,2250.0,17250.0,1150.0,15,8,1150.0,2026-05-27,2026-05-27,0,9200.0,4,1,On Time,High
C0244,Customer_0244,15000,15.0,2250.0,17250.0,1150.0,15,9,1150.0,2026-06-03,2026-06-03,0,8050.0,4,1,On Time,High
C0244,Customer_0244,15000,15.0,2250.0,17250.0,1150.0,15,10,1150.0,2026-06-10,2026-06-10,0,6900.0,4,1,On Time,High
C0245,Customer_0245,7000,25.0,1750.0,8750.0,729.17,12,1,729.17,2026-04-16,2026-04-16,0,8020.83,0,0,On Time,Low
C0245,Customer_0245,7000,25.0,1750.0,8750.0,729.17,12,2,0.0,2026-04-23,,10,8020.83,0,1,Missed,Medium
C0245,Customer_0245,7000,25.0,1750.0,8750.0,729.17,12,3,729.17,2026-04-30,2026-04-30,0,7291.66,0,1,On Time,Medium
C0245,Customer_0245,7000,25.0,1750.0,8750.0,729.17,12,4,729.17,2026-05-07,2026-05-07,0,6562.49,0,1,On Time,Medium
C0245,Customer_0245,7000,25.0,1750.0,8750.0,729.17,12,5,729.17,2026-05-14,2026-05-14,0,5833.32,0,1,On Time,Medium
C0245,Customer_0245,7000,25.0,1750.0,8750.0,729.17,12,6,875.0,2026-05-21,2026-05-27,6,4958.32,1,1,Late,Medium
C0245,Customer_0245,7000,25.0,1750.0,8750.0,729.17,12,7,729.17,2026-05-28,2026-05-28,0,4229.15,1,1,On Time,Medium
C0245,Customer_0245,7000,25.0,1750.0,8750.0,729.17,12,8,729.17,2026-06-04,2026-06-04,0,3499.98,1,1,On Time,Medium
C0245,Customer_0245,7000,25.0,1750.0,8750.0,729.17,12,9,729.17,2026-06-11,2026-06-11,0,2770.81,1,1,On Time,Medium
C0245,Customer_0245,7000,25.0,1750.0,8750.0,729.17,12,10,729.17,2026-06-18,2026-06-18,0,2041.64,1,1,On Time,Medium
C0246,Customer_0246,15000,25.0,3750.0,18750.0,1875.0,10,1,0.0,2026-01-03,,18,18750.0,0,1,Missed,Medium
C0246,Customer_0246,15000,25.0,3750.0,18750.0,1875.0,10,2,1500.0,2026-01-10,2026-01-12,2,17250.0,1,1,Late,Medium
C0246,Customer_0246,15000,25.0,3750.0,18750.0,1875.0,10,3,1875.0,2026-01-17,2026-01-17,0,15375.0,1,1,On Time,Medium
C0246,Customer_0246,15000,25.0,3750.0,18750.0,1875.0,10,4,0.0,2026-01-24,,29,15375.0,1,2,Missed,High
C0246,Customer_0246,15000,25.0,3750.0,18750.0,1875.0,10,5,1875.0,2026-01-31,2026-01-31,0,13500.0,1,2,On Time,High
C0246,Customer_0246,15000,25.0,3750.0,18750.0,1875.0,10,6,1500.0,2026-02-07,2026-02-11,4,12000.0,2,2,Late,High
C0246,Customer_0246,15000,25.0,3750.0,18750.0,1875.0,10,7,1875.0,2026-02-14,2026-02-14,0,10125.0,2,2,On Time,High
C0246,Customer_0246,15000,25.0,3750.0,18750.0,1875.0,10,8,1875.0,2026-02-21,2026-02-21,0,8250.0,2,2,On Time,High
C0246,Customer_0246,15000,25.0,3750.0,18750.0,1875.0,10,9,1875.0,2026-02-28,2026-02-28,0,6375.0,2,2,On Time,High
C0246,Customer_0246,15000,25.0,3750.0,18750.0,1875.0,10,10,1875.0,2026-03-07,2026-03-07,0,4500.0,2,2,On Time,High
C0247,Customer_0247,3000,20.0,600.0,3600.0,360.0,10,1,360.0,2026-02-27,2026-02-27,0,3240.0,0,0,On Time,Low
C0247,Customer_0247,3000,20.0,600.0,3600.0,360.0,10,2,288.0,2026-03-06,2026-03-20,14,2952.0,1,0,Late,Medium
C0247,Customer_0247,3000,20.0,600.0,3600.0,360.0,10,3,360.0,2026-03-13,2026-03-13,0,2592.0,1,0,On Time,Medium
C0247,Customer_0247,3000,20.0,600.0,3600.0,360.0,10,4,360.0,2026-03-20,2026-03-20,0,2232.0,1,0,On Time,Medium
C0247,Customer_0247,3000,20.0,600.0,3600.0,360.0,10,5,360.0,2026-03-27,2026-03-27,0,1872.0,1,0,On Time,Medium
C0247,Customer_0247,3000,20.0,600.0,3600.0,360.0,10,6,360.0,2026-04-03,2026-04-03,0,1512.0,1,0,On Time,Medium
C0247,Customer_0247,3000,20.0,600.0,3600.0,360.0,10,7,360.0,2026-04-10,2026-04-23,13,1152.0,2,0,Late,Medium
C0247,Customer_0247,3000,20.0,600.0,3600.0,360.0,10,8,360.0,2026-04-17,2026-04-17,0,792.0,2,0,On Time,Medium
C0247,Customer_0247,3000,20.0,600.0,3600.0,360.0,10,9,360.0,2026-04-24,2026-04-24,0,432.0,2,0,On Time,Medium
C0247,Customer_0247,3000,20.0,600.0,3600.0,360.0,10,10,360.0,2026-05-01,2026-05-01,0,72.0,2,0,On Time,Medium
C0248,Customer_0248,5000,30.0,1500.0,6500.0,812.5,8,1,0.0,2026-02-11,,17,6500.0,0,1,Missed,Medium
C0248,Customer_0248,5000,30.0,1500.0,6500.0,812.5,8,2,812.5,2026-02-18,2026-02-18,0,5687.5,0,1,On Time,Medium
C0248,Customer_0248,5000,30.0,1500.0,6500.0,812.5,8,3,812.5,2026-02-25,2026-02-25,0,4875.0,0,1,On Time,Medium
C0248,Customer_0248,5000,30.0,1500.0,6500.0,812.5,8,4,812.5,2026-03-04,2026-03-14,10,4062.5,1,1,Late,Medium
C0248,Customer_0248,5000,30.0,1500.0,6500.0,812.5,8,5,0.0,2026-03-11,,18,4062.5,1,2,Missed,High
C0248,Customer_0248,5000,30.0,1500.0,6500.0,812.5,8,6,812.5,2026-03-18,2026-03-18,0,3250.0,1,2,On Time,High
C0248,Customer_0248,5000,30.0,1500.0,6500.0,812.5,8,7,812.5,2026-03-25,2026-03-25,0,2437.5,1,2,On Time,High
C0248,Customer_0248,5000,30.0,1500.0,6500.0,812.5,8,8,975.0,2026-04-01,2026-04-14,13,1462.5,2,2,Late,High
C0248,Customer_0248,5000,30.0,1500.0,6500.0,812.5,8,9,812.5,2026-04-08,2026-04-08,0,650.0,2,2,On Time,High
C0248,Customer_0248,5000,30.0,1500.0,6500.0,812.5,8,10,812.5,2026-04-15,2026-04-15,0,0.0,2,2,On Time,High
C0249,Customer_0249,5000,25.0,1250.0,6250.0,520.83,12,1,520.83,2026-01-27,2026-01-27,0,5729.17,0,0,On Time,Low
C0249,Customer_0249,5000,25.0,1250.0,6250.0,520.83,12,2,520.83,2026-02-03,2026-02-10,7,5208.34,1,0,Late,Medium
C0249,Customer_0249,5000,25.0,1250.0,6250.0,520.83,12,3,520.83,2026-02-10,2026-02-10,0,4687.51,1,0,On Time,Medium
C0249,Customer_0249,5000,25.0,1250.0,6250.0,520.83,12,4,520.83,2026-02-17,2026-02-17,0,4166.68,1,0,On Time,Medium
C0249,Customer_0249,5000,25.0,1250.0,6250.0,520.83,12,5,520.83,2026-02-24,2026-02-24,0,3645.85,1,0,On Time,Medium
C0249,Customer_0249,5000,25.0,1250.0,6250.0,520.83,12,6,416.66,2026-03-03,2026-03-16,13,3229.19,2,0,Late,Medium
C0249,Customer_0249,5000,25.0,1250.0,6250.0,520.83,12,7,520.83,2026-03-10,2026-03-10,0,2708.36,2,0,On Time,Medium
C0249,Customer_0249,5000,25.0,1250.0,6250.0,520.83,12,8,520.83,2026-03-17,2026-03-17,0,2187.53,2,0,On Time,Medium
C0249,Customer_0249,5000,25.0,1250.0,6250.0,520.83,12,9,520.83,2026-03-24,2026-03-24,0,1666.7,2,0,On Time,Medium
C0249,Customer_0249,5000,25.0,1250.0,6250.0,520.83,12,10,520.83,2026-03-31,2026-03-31,0,1145.87,2,0,On Time,Medium
C0250,Customer_0250,10000,30.0,3000.0,13000.0,650.0,20,1,650.0,2026-06-24,2026-07-01,7,12350.0,1,0,Late,Medium
C0250,Customer_0250,10000,30.0,3000.0,13000.0,650.0,20,2,650.0,2026-07-01,2026-07-01,0,11700.0,1,0,On Time,Medium
C0250,Customer_0250,10000,30.0,3000.0,13000.0,650.0,20,3,520.0,2026-07-08,2026-07-12,4,11180.0,2,0,Late,Medium
C0250,Customer_0250,10000,30.0,3000.0,13000.0,650.0,20,4,650.0,2026-07-15,2026-07-15,0,10530.0,2,0,On Time,Medium
C0250,Customer_0250,10000,30.0,3000.0,13000.0,650.0,20,5,650.0,2026-07-22,2026-07-22,0,9880.0,2,0,On Time,Medium
C0250,Customer_0250,10000,30.0,3000.0,13000.0,650.0,20,6,650.0,2026-07-29,2026-07-29,0,9230.0,2,0,On Time,Medium
C0250,Customer_0250,10000,30.0,3000.0,13000.0,650.0,20,7,650.0,2026-08-05,2026-08-05,0,8580.0,2,0,On Time,Medium
C0250,Customer_0250,10000,30.0,3000.0,13000.0,650.0,20,8,650.0,2026-08-12,2026-08-12,0,7930.0,2,0,On Time,Medium
C0250,Customer_0250,10000,30.0,3000.0,13000.0,650.0,20,9,650.0,2026-08-19,2026-08-19,0,7280.0,2,0,On Time,Medium
C0250,Customer_0250,10000,30.0,3000.0,13000.0,650.0,20,10,650.0,2026-08-26,2026-08-26,0,6630.0,2,0,On Time,Medium
C0251,Customer_0251,15000,25.0,3750.0,18750.0,1250.0,15,1,1250.0,2026-01-29,2026-01-29,0,17500.0,0,0,On Time,Low
C0251,Customer_0251,15000,25.0,3750.0,18750.0,1250.0,15,2,1250.0,2026-02-05,2026-02-05,0,16250.0,0,0,On Time,Low
C0251,Customer_0251,15000,25.0,3750.0,18750.0,1250.0,15,3,1250.0,2026-02-12,2026-02-12,0,15000.0,0,0,On Time,Low
C0251,Customer_0251,15000,25.0,3750.0,18750.0,1250.0,15,4,1250.0,2026-02-19,2026-02-19,0,13750.0,0,0,On Time,Low
C0251,Customer_0251,15000,25.0,3750.0,18750.0,1250.0,15,5,1000.0,2026-02-26,2026-03-04,6,12750.0,1,0,Late,Medium
C0251,Customer_0251,15000,25.0,3750.0,18750.0,1250.0,15,6,1250.0,2026-03-05,2026-03-05,0,11500.0,1,0,On Time,Medium
C0251,Customer_0251,15000,25.0,3750.0,18750.0,1250.0,15,7,1250.0,2026-03-12,2026-03-12,0,10250.0,1,0,On Time,Medium
C0251,Customer_0251,15000,25.0,3750.0,18750.0,1250.0,15,8,1000.0,2026-03-19,2026-03-30,11,9250.0,2,0,Late,Medium
C0251,Customer_0251,15000,25.0,3750.0,18750.0,1250.0,15,9,1250.0,2026-03-26,2026-03-26,0,8000.0,2,0,On Time,Medium
C0251,Customer_0251,15000,25.0,3750.0,18750.0,1250.0,15,10,1250.0,2026-04-02,2026-04-02,0,6750.0,2,0,On Time,Medium
C0252,Customer_0252,20000,30.0,6000.0,26000.0,1733.33,15,1,1733.33,2026-04-21,2026-04-21,0,24266.67,0,0,On Time,Low
C0252,Customer_0252,20000,30.0,6000.0,26000.0,1733.33,15,2,1733.33,2026-04-28,2026-04-28,0,22533.34,0,0,On Time,Low
C0252,Customer_0252,20000,30.0,6000.0,26000.0,1733.33,15,3,1733.33,2026-05-05,2026-05-05,0,20800.01,0,0,On Time,Low
C0252,Customer_0252,20000,30.0,6000.0,26000.0,1733.33,15,4,1733.33,2026-05-12,2026-05-12,0,19066.68,0,0,On Time,Low
C0252,Customer_0252,20000,30.0,6000.0,26000.0,1733.33,15,5,1386.66,2026-05-19,2026-05-23,4,17680.02,1,0,Late,Medium
C0252,Customer_0252,20000,30.0,6000.0,26000.0,1733.33,15,6,2080.0,2026-05-26,2026-05-28,2,15600.02,2,0,Late,Medium
C0252,Customer_0252,20000,30.0,6000.0,26000.0,1733.33,15,7,1733.33,2026-06-02,2026-06-02,0,13866.69,2,0,On Time,Medium
C0252,Customer_0252,20000,30.0,6000.0,26000.0,1733.33,15,8,1733.33,2026-06-09,2026-06-09,0,12133.36,2,0,On Time,Medium
C0252,Customer_0252,20000,30.0,6000.0,26000.0,1733.33,15,9,1386.66,2026-06-16,2026-06-22,6,10746.7,3,0,Late,High
C0252,Customer_0252,20000,30.0,6000.0,26000.0,1733.33,15,10,1386.66,2026-06-23,2026-07-05,12,9360.04,4,0,Late,High
C0253,Customer_0253,5000,15.0,750.0,5750.0,575.0,10,1,575.0,2026-05-17,2026-05-17,0,5175.0,0,0,On Time,Low
C0253,Customer_0253,5000,15.0,750.0,5750.0,575.0,10,2,0.0,2026-05-24,,25,5175.0,0,1,Missed,Medium
C0253,Customer_0253,5000,15.0,750.0,5750.0,575.0,10,3,575.0,2026-05-31,2026-05-31,0,4600.0,0,1,On Time,Medium
C0253,Customer_0253,5000,15.0,750.0,5750.0,575.0,10,4,575.0,2026-06-07,2026-06-07,0,4025.0,0,1,On Time,Medium
C0253,Customer_0253,5000,15.0,750.0,5750.0,575.0,10,5,460.0,2026-06-14,2026-06-27,13,3565.0,1,1,Late,Medium
C0253,Customer_0253,5000,15.0,750.0,5750.0,575.0,10,6,575.0,2026-06-21,2026-06-21,0,2990.0,1,1,On Time,Medium
C0253,Customer_0253,5000,15.0,750.0,5750.0,575.0,10,7,0.0,2026-06-28,,8,2990.0,1,2,Missed,High
C0253,Customer_0253,5000,15.0,750.0,5750.0,575.0,10,8,575.0,2026-07-05,2026-07-05,0,2415.0,1,2,On Time,High
C0253,Customer_0253,5000,15.0,750.0,5750.0,575.0,10,9,575.0,2026-07-12,2026-07-12,0,1840.0,1,2,On Time,High
C0253,Customer_0253,5000,15.0,750.0,5750.0,575.0,10,10,575.0,2026-07-19,2026-07-19,0,1265.0,1,2,On Time,High
C0254,Customer_0254,3000,30.0,900.0,3900.0,195.0,20,1,156.0,2026-06-08,2026-06-19,11,3744.0,1,0,Late,Medium
C0254,Customer_0254,3000,30.0,900.0,3900.0,195.0,20,2,195.0,2026-06-15,2026-06-15,0,3549.0,1,0,On Time,Medium
C0254,Customer_0254,3000,30.0,900.0,3900.0,195.0,20,3,195.0,2026-06-22,2026-06-24,2,3354.0,2,0,Late,Medium
C0254,Customer_0254,3000,30.0,900.0,3900.0,195.0,20,4,195.0,2026-06-29,2026-06-29,0,3159.0,2,0,On Time,Medium
C0254,Customer_0254,3000,30.0,900.0,3900.0,195.0,20,5,195.0,2026-07-06,2026-07-06,0,2964.0,2,0,On Time,Medium
C0254,Customer_0254,3000,30.0,900.0,3900.0,195.0,20,6,195.0,2026-07-13,2026-07-13,0,2769.0,2,0,On Time,Medium
C0254,Customer_0254,3000,30.0,900.0,3900.0,195.0,20,7,195.0,2026-07-20,2026-07-20,0,2574.0,2,0,On Time,Medium
C0254,Customer_0254,3000,30.0,900.0,3900.0,195.0,20,8,156.0,2026-07-27,2026-08-06,10,2418.0,3,0,Late,High
C0254,Customer_0254,3000,30.0,900.0,3900.0,195.0,20,9,195.0,2026-08-03,2026-08-11,8,2223.0,4,0,Late,High
C0254,Customer_0254,3000,30.0,900.0,3900.0,195.0,20,10,195.0,2026-08-10,2026-08-10,0,2028.0,4,0,On Time,High
C0255,Customer_0255,7000,20.0,1400.0,8400.0,700.0,12,1,700.0,2026-02-09,2026-02-09,0,7700.0,0,0,On Time,Low
C0255,Customer_0255,7000,20.0,1400.0,8400.0,700.0,12,2,0.0,2026-02-16,,9,7700.0,0,1,Missed,Medium
C0255,Customer_0255,7000,20.0,1400.0,8400.0,700.0,12,3,700.0,2026-02-23,2026-02-23,0,7000.0,0,1,On Time,Medium
C0255,Customer_0255,7000,20.0,1400.0,8400.0,700.0,12,4,560.0,2026-03-02,2026-03-08,6,6440.0,1,1,Late,Medium
C0255,Customer_0255,7000,20.0,1400.0,8400.0,700.0,12,5,700.0,2026-03-09,2026-03-09,0,5740.0,1,1,On Time,Medium
C0255,Customer_0255,7000,20.0,1400.0,8400.0,700.0,12,6,840.0,2026-03-16,2026-03-22,6,4900.0,2,1,Late,Medium
C0255,Customer_0255,7000,20.0,1400.0,8400.0,700.0,12,7,700.0,2026-03-23,2026-03-23,0,4200.0,2,1,On Time,Medium
C0255,Customer_0255,7000,20.0,1400.0,8400.0,700.0,12,8,700.0,2026-03-30,2026-03-30,0,3500.0,2,1,On Time,Medium
C0255,Customer_0255,7000,20.0,1400.0,8400.0,700.0,12,9,560.0,2026-04-06,2026-04-16,10,2940.0,3,1,Late,High
C0255,Customer_0255,7000,20.0,1400.0,8400.0,700.0,12,10,840.0,2026-04-13,2026-04-14,1,2100.0,4,1,Late,High
C0256,Customer_0256,15000,30.0,4500.0,19500.0,2437.5,8,1,2437.5,2026-04-28,2026-04-28,0,17062.5,0,0,On Time,Low
C0256,Customer_0256,15000,30.0,4500.0,19500.0,2437.5,8,2,2437.5,2026-05-05,2026-05-05,0,14625.0,0,0,On Time,Low
C0256,Customer_0256,15000,30.0,4500.0,19500.0,2437.5,8,3,2437.5,2026-05-12,2026-05-12,0,12187.5,0,0,On Time,Low
C0256,Customer_0256,15000,30.0,4500.0,19500.0,2437.5,8,4,2437.5,2026-05-19,2026-05-19,0,9750.0,0,0,On Time,Low
C0256,Customer_0256,15000,30.0,4500.0,19500.0,2437.5,8,5,2437.5,2026-05-26,2026-06-06,11,7312.5,1,0,Late,Medium
C0256,Customer_0256,15000,30.0,4500.0,19500.0,2437.5,8,6,2437.5,2026-06-02,2026-06-12,10,4875.0,2,0,Late,Medium
C0256,Customer_0256,15000,30.0,4500.0,19500.0,2437.5,8,7,2437.5,2026-06-09,2026-06-09,0,2437.5,2,0,On Time,Medium
C0256,Customer_0256,15000,30.0,4500.0,19500.0,2437.5,8,8,2437.5,2026-06-16,2026-06-16,0,0.0,2,0,On Time,Medium
C0256,Customer_0256,15000,30.0,4500.0,19500.0,2437.5,8,9,2437.5,2026-06-23,2026-06-23,0,0.0,2,0,On Time,Medium
C0256,Customer_0256,15000,30.0,4500.0,19500.0,2437.5,8,10,2437.5,2026-06-30,2026-06-30,0,0.0,2,0,On Time,Medium
C0257,Customer_0257,5000,30.0,1500.0,6500.0,812.5,8,1,812.5,2026-06-25,2026-06-25,0,5687.5,0,0,On Time,Low
C0257,Customer_0257,5000,30.0,1500.0,6500.0,812.5,8,2,812.5,2026-07-02,2026-07-02,0,4875.0,0,0,On Time,Low
C0257,Customer_0257,5000,30.0,1500.0,6500.0,812.5,8,3,812.5,2026-07-09,2026-07-09,0,4062.5,0,0,On Time,Low
C0257,Customer_0257,5000,30.0,1500.0,6500.0,812.5,8,4,812.5,2026-07-16,2026-07-16,0,3250.0,0,0,On Time,Low
C0257,Customer_0257,5000,30.0,1500.0,6500.0,812.5,8,5,812.5,2026-07-23,2026-07-23,0,2437.5,0,0,On Time,Low
C0257,Customer_0257,5000,30.0,1500.0,6500.0,812.5,8,6,812.5,2026-07-30,2026-07-30,0,1625.0,0,0,On Time,Low
C0257,Customer_0257,5000,30.0,1500.0,6500.0,812.5,8,7,812.5,2026-08-06,2026-08-08,2,812.5,1,0,Late,Medium
C0257,Customer_0257,5000,30.0,1500.0,6500.0,812.5,8,8,812.5,2026-08-13,2026-08-13,0,0.0,1,0,On Time,Medium
C0257,Customer_0257,5000,30.0,1500.0,6500.0,812.5,8,9,975.0,2026-08-20,2026-08-24,4,0.0,2,0,Late,Medium
C0257,Customer_0257,5000,30.0,1500.0,6500.0,812.5,8,10,812.5,2026-08-27,2026-08-27,0,0.0,2,0,On Time,Medium
C0258,Customer_0258,15000,20.0,3000.0,18000.0,900.0,20,1,900.0,2026-05-26,2026-05-26,0,17100.0,0,0,On Time,Low
C0258,Customer_0258,15000,20.0,3000.0,18000.0,900.0,20,2,900.0,2026-06-02,2026-06-14,12,16200.0,1,0,Late,Medium
C0258,Customer_0258,15000,20.0,3000.0,18000.0,900.0,20,3,900.0,2026-06-09,2026-06-09,0,15300.0,1,0,On Time,Medium
C0258,Customer_0258,15000,20.0,3000.0,18000.0,900.0,20,4,720.0,2026-06-16,2026-06-20,4,14580.0,2,0,Late,Medium
C0258,Customer_0258,15000,20.0,3000.0,18000.0,900.0,20,5,900.0,2026-06-23,2026-07-06,13,13680.0,3,0,Late,High
C0258,Customer_0258,15000,20.0,3000.0,18000.0,900.0,20,6,0.0,2026-06-30,,7,13680.0,3,1,Missed,High
C0258,Customer_0258,15000,20.0,3000.0,18000.0,900.0,20,7,1080.0,2026-07-07,2026-07-09,2,12600.0,4,1,Late,High
C0258,Customer_0258,15000,20.0,3000.0,18000.0,900.0,20,8,900.0,2026-07-14,2026-07-14,0,11700.0,4,1,On Time,High
C0258,Customer_0258,15000,20.0,3000.0,18000.0,900.0,20,9,900.0,2026-07-21,2026-07-21,0,10800.0,4,1,On Time,High
C0258,Customer_0258,15000,20.0,3000.0,18000.0,900.0,20,10,1080.0,2026-07-28,2026-08-08,11,9720.0,5,1,Late,High
C0259,Customer_0259,15000,30.0,4500.0,19500.0,975.0,20,1,975.0,2026-04-14,2026-04-14,0,18525.0,0,0,On Time,Low
C0259,Customer_0259,15000,30.0,4500.0,19500.0,975.0,20,2,975.0,2026-04-21,2026-04-21,0,17550.0,0,0,On Time,Low
C0259,Customer_0259,15000,30.0,4500.0,19500.0,975.0,20,3,975.0,2026-04-28,2026-04-28,0,16575.0,0,0,On Time,Low
C0259,Customer_0259,15000,30.0,4500.0,19500.0,975.0,20,4,780.0,2026-05-05,2026-05-18,13,15795.0,1,0,Late,Medium
C0259,Customer_0259,15000,30.0,4500.0,19500.0,975.0,20,5,780.0,2026-05-12,2026-05-19,7,15015.0,2,0,Late,Medium
C0259,Customer_0259,15000,30.0,4500.0,19500.0,975.0,20,6,975.0,2026-05-19,2026-05-19,0,14040.0,2,0,On Time,Medium
C0259,Customer_0259,15000,30.0,4500.0,19500.0,975.0,20,7,780.0,2026-05-26,2026-06-04,9,13260.0,3,0,Late,High
C0259,Customer_0259,15000,30.0,4500.0,19500.0,975.0,20,8,975.0,2026-06-02,2026-06-02,0,12285.0,3,0,On Time,High
C0259,Customer_0259,15000,30.0,4500.0,19500.0,975.0,20,9,975.0,2026-06-09,2026-06-09,0,11310.0,3,0,On Time,High
C0259,Customer_0259,15000,30.0,4500.0,19500.0,975.0,20,10,975.0,2026-06-16,2026-06-16,0,10335.0,3,0,On Time,High
C0260,Customer_0260,7000,30.0,2100.0,9100.0,758.33,12,1,606.66,2026-03-20,2026-03-23,3,8493.34,1,0,Late,Medium
C0260,Customer_0260,7000,30.0,2100.0,9100.0,758.33,12,2,758.33,2026-03-27,2026-03-27,0,7735.01,1,0,On Time,Medium
C0260,Customer_0260,7000,30.0,2100.0,9100.0,758.33,12,3,758.33,2026-04-03,2026-04-03,0,6976.68,1,0,On Time,Medium
C0260,Customer_0260,7000,30.0,2100.0,9100.0,758.33,12,4,758.33,2026-04-10,2026-04-10,0,6218.35,1,0,On Time,Medium
C0260,Customer_0260,7000,30.0,2100.0,9100.0,758.33,12,5,758.33,2026-04-17,2026-04-17,0,5460.02,1,0,On Time,Medium
C0260,Customer_0260,7000,30.0,2100.0,9100.0,758.33,12,6,758.33,2026-04-24,2026-04-28,4,4701.69,2,0,Late,Medium
C0260,Customer_0260,7000,30.0,2100.0,9100.0,758.33,12,7,758.33,2026-05-01,2026-05-01,0,3943.36,2,0,On Time,Medium
C0260,Customer_0260,7000,30.0,2100.0,9100.0,758.33,12,8,758.33,2026-05-08,2026-05-08,0,3185.03,2,0,On Time,Medium
C0260,Customer_0260,7000,30.0,2100.0,9100.0,758.33,12,9,758.33,2026-05-15,2026-05-15,0,2426.7,2,0,On Time,Medium
C0260,Customer_0260,7000,30.0,2100.0,9100.0,758.33,12,10,758.33,2026-05-22,2026-05-22,0,1668.37,2,0,On Time,Medium
C0261,Customer_0261,20000,20.0,4000.0,24000.0,1200.0,20,1,1200.0,2026-03-10,2026-03-10,0,22800.0,0,0,On Time,Low
C0261,Customer_0261,20000,20.0,4000.0,24000.0,1200.0,20,2,1200.0,2026-03-17,2026-03-17,0,21600.0,0,0,On Time,Low
C0261,Customer_0261,20000,20.0,4000.0,24000.0,1200.0,20,3,1200.0,2026-03-24,2026-03-24,0,20400.0,0,0,On Time,Low
C0261,Customer_0261,20000,20.0,4000.0,24000.0,1200.0,20,4,1200.0,2026-03-31,2026-03-31,0,19200.0,0,0,On Time,Low
C0261,Customer_0261,20000,20.0,4000.0,24000.0,1200.0,20,5,1200.0,2026-04-07,2026-04-07,0,18000.0,0,0,On Time,Low
C0261,Customer_0261,20000,20.0,4000.0,24000.0,1200.0,20,6,1200.0,2026-04-14,2026-04-14,0,16800.0,0,0,On Time,Low
C0261,Customer_0261,20000,20.0,4000.0,24000.0,1200.0,20,7,0.0,2026-04-21,,30,16800.0,0,1,Missed,Medium
C0261,Customer_0261,20000,20.0,4000.0,24000.0,1200.0,20,8,1200.0,2026-04-28,2026-04-28,0,15600.0,0,1,On Time,Medium
C0261,Customer_0261,20000,20.0,4000.0,24000.0,1200.0,20,9,1200.0,2026-05-05,2026-05-05,0,14400.0,0,1,On Time,Medium
C0261,Customer_0261,20000,20.0,4000.0,24000.0,1200.0,20,10,1200.0,2026-05-12,2026-05-12,0,13200.0,0,1,On Time,Medium
C0262,Customer_0262,10000,20.0,2000.0,12000.0,1000.0,12,1,1000.0,2026-05-07,2026-05-07,0,11000.0,0,0,On Time,Low
C0262,Customer_0262,10000,20.0,2000.0,12000.0,1000.0,12,2,1000.0,2026-05-14,2026-05-14,0,10000.0,0,0,On Time,Low
C0262,Customer_0262,10000,20.0,2000.0,12000.0,1000.0,12,3,1000.0,2026-05-21,2026-05-21,0,9000.0,0,0,On Time,Low
C0262,Customer_0262,10000,20.0,2000.0,12000.0,1000.0,12,4,1000.0,2026-05-28,2026-06-05,8,8000.0,1,0,Late,Medium
C0262,Customer_0262,10000,20.0,2000.0,12000.0,1000.0,12,5,1000.0,2026-06-04,2026-06-04,0,7000.0,1,0,On Time,Medium
C0262,Customer_0262,10000,20.0,2000.0,12000.0,1000.0,12,6,1000.0,2026-06-11,2026-06-11,0,6000.0,1,0,On Time,Medium
C0262,Customer_0262,10000,20.0,2000.0,12000.0,1000.0,12,7,1000.0,2026-06-18,2026-06-18,0,5000.0,1,0,On Time,Medium
C0262,Customer_0262,10000,20.0,2000.0,12000.0,1000.0,12,8,1000.0,2026-06-25,2026-06-25,0,4000.0,1,0,On Time,Medium
C0262,Customer_0262,10000,20.0,2000.0,12000.0,1000.0,12,9,1000.0,2026-07-02,2026-07-02,0,3000.0,1,0,On Time,Medium
C0262,Customer_0262,10000,20.0,2000.0,12000.0,1000.0,12,10,800.0,2026-07-09,2026-07-13,4,2200.0,2,0,Late,Medium
C0263,Customer_0263,3000,25.0,750.0,3750.0,250.0,15,1,200.0,2026-01-19,2026-01-30,11,3550.0,1,0,Late,Medium
C0263,Customer_0263,3000,25.0,750.0,3750.0,250.0,15,2,250.0,2026-01-26,2026-01-26,0,3300.0,1,0,On Time,Medium
C0263,Customer_0263,3000,25.0,750.0,3750.0,250.0,15,3,250.0,2026-02-02,2026-02-02,0,3050.0,1,0,On Time,Medium
C0263,Customer_0263,3000,25.0,750.0,3750.0,250.0,15,4,250.0,2026-02-09,2026-02-09,0,2800.0,1,0,On Time,Medium
C0263,Customer_0263,3000,25.0,750.0,3750.0,250.0,15,5,250.0,2026-02-16,2026-02-16,0,2550.0,1,0,On Time,Medium
C0263,Customer_0263,3000,25.0,750.0,3750.0,250.0,15,6,250.0,2026-02-23,2026-02-23,0,2300.0,1,0,On Time,Medium
C0263,Customer_0263,3000,25.0,750.0,3750.0,250.0,15,7,250.0,2026-03-02,2026-03-10,8,2050.0,2,0,Late,Medium
C0263,Customer_0263,3000,25.0,750.0,3750.0,250.0,15,8,250.0,2026-03-09,2026-03-09,0,1800.0,2,0,On Time,Medium
C0263,Customer_0263,3000,25.0,750.0,3750.0,250.0,15,9,0.0,2026-03-16,,22,1800.0,2,1,Missed,Medium
C0263,Customer_0263,3000,25.0,750.0,3750.0,250.0,15,10,250.0,2026-03-23,2026-03-23,0,1550.0,2,1,On Time,Medium
C0264,Customer_0264,7000,15.0,1050.0,8050.0,536.67,15,1,536.67,2026-05-17,2026-05-17,0,7513.33,0,0,On Time,Low
C0264,Customer_0264,7000,15.0,1050.0,8050.0,536.67,15,2,536.67,2026-05-24,2026-05-24,0,6976.66,0,0,On Time,Low
C0264,Customer_0264,7000,15.0,1050.0,8050.0,536.67,15,3,536.67,2026-05-31,2026-05-31,0,6439.99,0,0,On Time,Low
C0264,Customer_0264,7000,15.0,1050.0,8050.0,536.67,15,4,536.67,2026-06-07,2026-06-07,0,5903.32,0,0,On Time,Low
C0264,Customer_0264,7000,15.0,1050.0,8050.0,536.67,15,5,536.67,2026-06-14,2026-06-14,0,5366.65,0,0,On Time,Low
C0264,Customer_0264,7000,15.0,1050.0,8050.0,536.67,15,6,536.67,2026-06-21,2026-06-21,0,4829.98,0,0,On Time,Low
C0264,Customer_0264,7000,15.0,1050.0,8050.0,536.67,15,7,536.67,2026-06-28,2026-06-28,0,4293.31,0,0,On Time,Low
C0264,Customer_0264,7000,15.0,1050.0,8050.0,536.67,15,8,536.67,2026-07-05,2026-07-07,2,3756.64,1,0,Late,Medium
C0264,Customer_0264,7000,15.0,1050.0,8050.0,536.67,15,9,536.67,2026-07-12,2026-07-12,0,3219.97,1,0,On Time,Medium
C0264,Customer_0264,7000,15.0,1050.0,8050.0,536.67,15,10,536.67,2026-07-19,2026-07-23,4,2683.3,2,0,Late,Medium
C0265,Customer_0265,20000,15.0,3000.0,23000.0,2300.0,10,1,0.0,2026-03-06,,14,23000.0,0,1,Missed,Medium
C0265,Customer_0265,20000,15.0,3000.0,23000.0,2300.0,10,2,2300.0,2026-03-13,2026-03-13,0,20700.0,0,1,On Time,Medium
C0265,Customer_0265,20000,15.0,3000.0,23000.0,2300.0,10,3,2760.0,2026-03-20,2026-03-27,7,17940.0,1,1,Late,Medium
C0265,Customer_0265,20000,15.0,3000.0,23000.0,2300.0,10,4,2300.0,2026-03-27,2026-03-27,0,15640.0,1,1,On Time,Medium
C0265,Customer_0265,20000,15.0,3000.0,23000.0,2300.0,10,5,2300.0,2026-04-03,2026-04-03,0,13340.0,1,1,On Time,Medium
C0265,Customer_0265,20000,15.0,3000.0,23000.0,2300.0,10,6,2300.0,2026-04-10,2026-04-10,0,11040.0,1,1,On Time,Medium
C0265,Customer_0265,20000,15.0,3000.0,23000.0,2300.0,10,7,2300.0,2026-04-17,2026-04-29,12,8740.0,2,1,Late,Medium
C0265,Customer_0265,20000,15.0,3000.0,23000.0,2300.0,10,8,2300.0,2026-04-24,2026-04-24,0,6440.0,2,1,On Time,Medium
C0265,Customer_0265,20000,15.0,3000.0,23000.0,2300.0,10,9,0.0,2026-05-01,,20,6440.0,2,2,Missed,High
C0265,Customer_0265,20000,15.0,3000.0,23000.0,2300.0,10,10,2760.0,2026-05-08,2026-05-17,9,3680.0,3,2,Late,High
C0266,Customer_0266,15000,15.0,2250.0,17250.0,862.5,20,1,862.5,2026-04-28,2026-04-28,0,16387.5,0,0,On Time,Low
C0266,Customer_0266,15000,15.0,2250.0,17250.0,862.5,20,2,0.0,2026-05-05,,10,16387.5,0,1,Missed,Medium
C0266,Customer_0266,15000,15.0,2250.0,17250.0,862.5,20,3,862.5,2026-05-12,2026-05-12,0,15525.0,0,1,On Time,Medium
C0266,Customer_0266,15000,15.0,2250.0,17250.0,862.5,20,4,862.5,2026-05-19,2026-05-29,10,14662.5,1,1,Late,Medium
C0266,Customer_0266,15000,15.0,2250.0,17250.0,862.5,20,5,862.5,2026-05-26,2026-05-26,0,13800.0,1,1,On Time,Medium
C0266,Customer_0266,15000,15.0,2250.0,17250.0,862.5,20,6,0.0,2026-06-02,,29,13800.0,1,2,Missed,High
C0266,Customer_0266,15000,15.0,2250.0,17250.0,862.5,20,7,862.5,2026-06-09,2026-06-21,12,12937.5,2,2,Late,High
C0266,Customer_0266,15000,15.0,2250.0,17250.0,862.5,20,8,862.5,2026-06-16,2026-06-16,0,12075.0,2,2,On Time,High
C0266,Customer_0266,15000,15.0,2250.0,17250.0,862.5,20,9,862.5,2026-06-23,2026-06-23,0,11212.5,2,2,On Time,High
C0266,Customer_0266,15000,15.0,2250.0,17250.0,862.5,20,10,690.0,2026-06-30,2026-07-03,3,10522.5,3,2,Late,High
C0267,Customer_0267,3000,30.0,900.0,3900.0,325.0,12,1,325.0,2026-01-30,2026-01-30,0,3575.0,0,0,On Time,Low
C0267,Customer_0267,3000,30.0,900.0,3900.0,325.0,12,2,325.0,2026-02-06,2026-02-06,0,3250.0,0,0,On Time,Low
C0267,Customer_0267,3000,30.0,900.0,3900.0,325.0,12,3,325.0,2026-02-13,2026-02-13,0,2925.0,0,0,On Time,Low
C0267,Customer_0267,3000,30.0,900.0,3900.0,325.0,12,4,0.0,2026-02-20,,19,2925.0,0,1,Missed,Medium
C0267,Customer_0267,3000,30.0,900.0,3900.0,325.0,12,5,325.0,2026-02-27,2026-02-27,0,2600.0,0,1,On Time,Medium
C0267,Customer_0267,3000,30.0,900.0,3900.0,325.0,12,6,325.0,2026-03-06,2026-03-12,6,2275.0,1,1,Late,Medium
C0267,Customer_0267,3000,30.0,900.0,3900.0,325.0,12,7,325.0,2026-03-13,2026-03-13,0,1950.0,1,1,On Time,Medium
C0267,Customer_0267,3000,30.0,900.0,3900.0,325.0,12,8,390.0,2026-03-20,2026-03-26,6,1560.0,2,1,Late,Medium
C0267,Customer_0267,3000,30.0,900.0,3900.0,325.0,12,9,325.0,2026-03-27,2026-03-27,0,1235.0,2,1,On Time,Medium
C0267,Customer_0267,3000,30.0,900.0,3900.0,325.0,12,10,325.0,2026-04-03,2026-04-03,0,910.0,2,1,On Time,Medium
C0268,Customer_0268,3000,20.0,600.0,3600.0,450.0,8,1,450.0,2026-06-18,2026-06-18,0,3150.0,0,0,On Time,Low
C0268,Customer_0268,3000,20.0,600.0,3600.0,450.0,8,2,450.0,2026-06-25,2026-06-25,0,2700.0,0,0,On Time,Low
C0268,Customer_0268,3000,20.0,600.0,3600.0,450.0,8,3,450.0,2026-07-02,2026-07-02,0,2250.0,0,0,On Time,Low
C0268,Customer_0268,3000,20.0,600.0,3600.0,450.0,8,4,450.0,2026-07-09,2026-07-09,0,1800.0,0,0,On Time,Low
C0268,Customer_0268,3000,20.0,600.0,3600.0,450.0,8,5,360.0,2026-07-16,2026-07-17,1,1440.0,1,0,Late,Medium
C0268,Customer_0268,3000,20.0,600.0,3600.0,450.0,8,6,450.0,2026-07-23,2026-07-23,0,990.0,1,0,On Time,Medium
C0268,Customer_0268,3000,20.0,600.0,3600.0,450.0,8,7,540.0,2026-07-30,2026-07-31,1,450.0,2,0,Late,Medium
C0268,Customer_0268,3000,20.0,600.0,3600.0,450.0,8,8,450.0,2026-08-06,2026-08-06,0,0.0,2,0,On Time,Medium
C0268,Customer_0268,3000,20.0,600.0,3600.0,450.0,8,9,540.0,2026-08-13,2026-08-14,1,0.0,3,0,Late,High
C0268,Customer_0268,3000,20.0,600.0,3600.0,450.0,8,10,450.0,2026-08-20,2026-08-20,0,0.0,3,0,On Time,High
C0269,Customer_0269,5000,15.0,750.0,5750.0,287.5,20,1,287.5,2026-02-04,2026-02-04,0,5462.5,0,0,On Time,Low
C0269,Customer_0269,5000,15.0,750.0,5750.0,287.5,20,2,287.5,2026-02-11,2026-02-11,0,5175.0,0,0,On Time,Low
C0269,Customer_0269,5000,15.0,750.0,5750.0,287.5,20,3,287.5,2026-02-18,2026-02-18,0,4887.5,0,0,On Time,Low
C0269,Customer_0269,5000,15.0,750.0,5750.0,287.5,20,4,287.5,2026-02-25,2026-02-25,0,4600.0,0,0,On Time,Low
C0269,Customer_0269,5000,15.0,750.0,5750.0,287.5,20,5,345.0,2026-03-04,2026-03-18,14,4255.0,1,0,Late,Medium
C0269,Customer_0269,5000,15.0,750.0,5750.0,287.5,20,6,287.5,2026-03-11,2026-03-11,0,3967.5,1,0,On Time,Medium
C0269,Customer_0269,5000,15.0,750.0,5750.0,287.5,20,7,287.5,2026-03-18,2026-03-18,0,3680.0,1,0,On Time,Medium
C0269,Customer_0269,5000,15.0,750.0,5750.0,287.5,20,8,287.5,2026-03-25,2026-04-05,11,3392.5,2,0,Late,Medium
C0269,Customer_0269,5000,15.0,750.0,5750.0,287.5,20,9,287.5,2026-04-01,2026-04-01,0,3105.0,2,0,On Time,Medium
C0269,Customer_0269,5000,15.0,750.0,5750.0,287.5,20,10,287.5,2026-04-08,2026-04-08,0,2817.5,2,0,On Time,Medium
C0270,Customer_0270,3000,25.0,750.0,3750.0,375.0,10,1,375.0,2026-06-25,2026-06-25,0,3375.0,0,0,On Time,Low
C0270,Customer_0270,3000,25.0,750.0,3750.0,375.0,10,2,375.0,2026-07-02,2026-07-08,6,3000.0,1,0,Late,Medium
C0270,Customer_0270,3000,25.0,750.0,3750.0,375.0,10,3,375.0,2026-07-09,2026-07-09,0,2625.0,1,0,On Time,Medium
C0270,Customer_0270,3000,25.0,750.0,3750.0,375.0,10,4,375.0,2026-07-16,2026-07-16,0,2250.0,1,0,On Time,Medium
C0270,Customer_0270,3000,25.0,750.0,3750.0,375.0,10,5,375.0,2026-07-23,2026-08-02,10,1875.0,2,0,Late,Medium
C0270,Customer_0270,3000,25.0,750.0,3750.0,375.0,10,6,375.0,2026-07-30,2026-07-30,0,1500.0,2,0,On Time,Medium
C0270,Customer_0270,3000,25.0,750.0,3750.0,375.0,10,7,0.0,2026-08-06,,7,1500.0,2,1,Missed,Medium
C0270,Customer_0270,3000,25.0,750.0,3750.0,375.0,10,8,375.0,2026-08-13,2026-08-13,0,1125.0,2,1,On Time,Medium
C0270,Customer_0270,3000,25.0,750.0,3750.0,375.0,10,9,0.0,2026-08-20,,19,1125.0,2,2,Missed,High
C0270,Customer_0270,3000,25.0,750.0,3750.0,375.0,10,10,375.0,2026-08-27,2026-08-27,0,750.0,2,2,On Time,High
C0271,Customer_0271,10000,30.0,3000.0,13000.0,1083.33,12,1,1083.33,2026-04-11,2026-04-11,0,11916.67,0,0,On Time,Low
C0271,Customer_0271,10000,30.0,3000.0,13000.0,1083.33,12,2,0.0,2026-04-18,,16,11916.67,0,1,Missed,Medium
C0271,Customer_0271,10000,30.0,3000.0,13000.0,1083.33,12,3,1083.33,2026-04-25,2026-04-25,0,10833.34,0,1,On Time,Medium
C0271,Customer_0271,10000,30.0,3000.0,13000.0,1083.33,12,4,1083.33,2026-05-02,2026-05-16,14,9750.01,1,1,Late,Medium
C0271,Customer_0271,10000,30.0,3000.0,13000.0,1083.33,12,5,1083.33,2026-05-09,2026-05-09,0,8666.68,1,1,On Time,Medium
C0271,Customer_0271,10000,30.0,3000.0,13000.0,1083.33,12,6,0.0,2026-05-16,,27,8666.68,1,2,Missed,High
C0271,Customer_0271,10000,30.0,3000.0,13000.0,1083.33,12,7,1083.33,2026-05-23,2026-05-23,0,7583.35,1,2,On Time,High
C0271,Customer_0271,10000,30.0,3000.0,13000.0,1083.33,12,8,1083.33,2026-05-30,2026-05-30,0,6500.02,1,2,On Time,High
C0271,Customer_0271,10000,30.0,3000.0,13000.0,1083.33,12,9,1083.33,2026-06-06,2026-06-06,0,5416.69,1,2,On Time,High
C0271,Customer_0271,10000,30.0,3000.0,13000.0,1083.33,12,10,1083.33,2026-06-13,2026-06-13,0,4333.36,1,2,On Time,High
C0272,Customer_0272,5000,30.0,1500.0,6500.0,325.0,20,1,325.0,2026-06-21,2026-06-21,0,6175.0,0,0,On Time,Low
C0272,Customer_0272,5000,30.0,1500.0,6500.0,325.0,20,2,325.0,2026-06-28,2026-06-28,0,5850.0,0,0,On Time,Low
C0272,Customer_0272,5000,30.0,1500.0,6500.0,325.0,20,3,0.0,2026-07-05,,18,5850.0,0,1,Missed,Medium
C0272,Customer_0272,5000,30.0,1500.0,6500.0,325.0,20,4,325.0,2026-07-12,2026-07-13,1,5525.0,1,1,Late,Medium
C0272,Customer_0272,5000,30.0,1500.0,6500.0,325.0,20,5,325.0,2026-07-19,2026-07-29,10,5200.0,2,1,Late,Medium
C0272,Customer_0272,5000,30.0,1500.0,6500.0,325.0,20,6,325.0,2026-07-26,2026-07-26,0,4875.0,2,1,On Time,Medium
C0272,Customer_0272,5000,30.0,1500.0,6500.0,325.0,20,7,325.0,2026-08-02,2026-08-02,0,4550.0,2,1,On Time,Medium
C0272,Customer_0272,5000,30.0,1500.0,6500.0,325.0,20,8,325.0,2026-08-09,2026-08-09,0,4225.0,2,1,On Time,Medium
C0272,Customer_0272,5000,30.0,1500.0,6500.0,325.0,20,9,325.0,2026-08-16,2026-08-16,0,3900.0,2,1,On Time,Medium
C0272,Customer_0272,5000,30.0,1500.0,6500.0,325.0,20,10,325.0,2026-08-23,2026-08-23,0,3575.0,2,1,On Time,Medium
C0273,Customer_0273,5000,30.0,1500.0,6500.0,650.0,10,1,650.0,2026-01-25,2026-01-25,0,5850.0,0,0,On Time,Low
C0273,Customer_0273,5000,30.0,1500.0,6500.0,650.0,10,2,650.0,2026-02-01,2026-02-01,0,5200.0,0,0,On Time,Low
C0273,Customer_0273,5000,30.0,1500.0,6500.0,650.0,10,3,650.0,2026-02-08,2026-02-08,0,4550.0,0,0,On Time,Low
C0273,Customer_0273,5000,30.0,1500.0,6500.0,650.0,10,4,650.0,2026-02-15,2026-02-27,12,3900.0,1,0,Late,Medium
C0273,Customer_0273,5000,30.0,1500.0,6500.0,650.0,10,5,650.0,2026-02-22,2026-02-22,0,3250.0,1,0,On Time,Medium
C0273,Customer_0273,5000,30.0,1500.0,6500.0,650.0,10,6,650.0,2026-03-01,2026-03-01,0,2600.0,1,0,On Time,Medium
C0273,Customer_0273,5000,30.0,1500.0,6500.0,650.0,10,7,650.0,2026-03-08,2026-03-08,0,1950.0,1,0,On Time,Medium
C0273,Customer_0273,5000,30.0,1500.0,6500.0,650.0,10,8,650.0,2026-03-15,2026-03-15,0,1300.0,1,0,On Time,Medium
C0273,Customer_0273,5000,30.0,1500.0,6500.0,650.0,10,9,520.0,2026-03-22,2026-03-29,7,780.0,2,0,Late,Medium
C0273,Customer_0273,5000,30.0,1500.0,6500.0,650.0,10,10,520.0,2026-03-29,2026-04-09,11,260.0,3,0,Late,High
C0274,Customer_0274,5000,25.0,1250.0,6250.0,625.0,10,1,625.0,2026-01-15,2026-01-15,0,5625.0,0,0,On Time,Low
C0274,Customer_0274,5000,25.0,1250.0,6250.0,625.0,10,2,625.0,2026-01-22,2026-01-22,0,5000.0,0,0,On Time,Low
C0274,Customer_0274,5000,25.0,1250.0,6250.0,625.0,10,3,625.0,2026-01-29,2026-01-29,0,4375.0,0,0,On Time,Low
C0274,Customer_0274,5000,25.0,1250.0,6250.0,625.0,10,4,500.0,2026-02-05,2026-02-08,3,3875.0,1,0,Late,Medium
C0274,Customer_0274,5000,25.0,1250.0,6250.0,625.0,10,5,625.0,2026-02-12,2026-02-12,0,3250.0,1,0,On Time,Medium
C0274,Customer_0274,5000,25.0,1250.0,6250.0,625.0,10,6,625.0,2026-02-19,2026-02-19,0,2625.0,1,0,On Time,Medium
C0274,Customer_0274,5000,25.0,1250.0,6250.0,625.0,10,7,625.0,2026-02-26,2026-02-26,0,2000.0,1,0,On Time,Medium
C0274,Customer_0274,5000,25.0,1250.0,6250.0,625.0,10,8,625.0,2026-03-05,2026-03-05,0,1375.0,1,0,On Time,Medium
C0274,Customer_0274,5000,25.0,1250.0,6250.0,625.0,10,9,625.0,2026-03-12,2026-03-12,0,750.0,1,0,On Time,Medium
C0274,Customer_0274,5000,25.0,1250.0,6250.0,625.0,10,10,750.0,2026-03-19,2026-03-23,4,0.0,2,0,Late,Medium
C0275,Customer_0275,7000,15.0,1050.0,8050.0,670.83,12,1,670.83,2026-02-14,2026-02-14,0,7379.17,0,0,On Time,Low
C0275,Customer_0275,7000,15.0,1050.0,8050.0,670.83,12,2,670.83,2026-02-21,2026-02-21,0,6708.34,0,0,On Time,Low
C0275,Customer_0275,7000,15.0,1050.0,8050.0,670.83,12,3,0.0,2026-02-28,,15,6708.34,0,1,Missed,Medium
C0275,Customer_0275,7000,15.0,1050.0,8050.0,670.83,12,4,670.83,2026-03-07,2026-03-07,0,6037.51,0,1,On Time,Medium
C0275,Customer_0275,7000,15.0,1050.0,8050.0,670.83,12,5,0.0,2026-03-14,,13,6037.51,0,2,Missed,High
C0275,Customer_0275,7000,15.0,1050.0,8050.0,670.83,12,6,670.83,2026-03-21,2026-03-21,0,5366.68,0,2,On Time,High
C0275,Customer_0275,7000,15.0,1050.0,8050.0,670.83,12,7,670.83,2026-03-28,2026-03-28,0,4695.85,0,2,On Time,High
C0275,Customer_0275,7000,15.0,1050.0,8050.0,670.83,12,8,670.83,2026-04-04,2026-04-04,0,4025.02,0,2,On Time,High
C0275,Customer_0275,7000,15.0,1050.0,8050.0,670.83,12,9,670.83,2026-04-11,2026-04-11,0,3354.19,0,2,On Time,High
C0275,Customer_0275,7000,15.0,1050.0,8050.0,670.83,12,10,670.83,2026-04-18,2026-04-18,0,2683.36,0,2,On Time,High
C0276,Customer_0276,3000,20.0,600.0,3600.0,300.0,12,1,300.0,2026-04-20,2026-04-20,0,3300.0,0,0,On Time,Low
C0276,Customer_0276,3000,20.0,600.0,3600.0,300.0,12,2,300.0,2026-04-27,2026-04-27,0,3000.0,0,0,On Time,Low
C0276,Customer_0276,3000,20.0,600.0,3600.0,300.0,12,3,0.0,2026-05-04,,23,3000.0,0,1,Missed,Medium
C0276,Customer_0276,3000,20.0,600.0,3600.0,300.0,12,4,300.0,2026-05-11,2026-05-25,14,2700.0,1,1,Late,Medium
C0276,Customer_0276,3000,20.0,600.0,3600.0,300.0,12,5,300.0,2026-05-18,2026-05-18,0,2400.0,1,1,On Time,Medium
C0276,Customer_0276,3000,20.0,600.0,3600.0,300.0,12,6,300.0,2026-05-25,2026-05-25,0,2100.0,1,1,On Time,Medium
C0276,Customer_0276,3000,20.0,600.0,3600.0,300.0,12,7,0.0,2026-06-01,,21,2100.0,1,2,Missed,High
C0276,Customer_0276,3000,20.0,600.0,3600.0,300.0,12,8,240.0,2026-06-08,2026-06-10,2,1860.0,2,2,Late,High
C0276,Customer_0276,3000,20.0,600.0,3600.0,300.0,12,9,0.0,2026-06-15,,17,1860.0,2,3,Missed,High
C0276,Customer_0276,3000,20.0,600.0,3600.0,300.0,12,10,300.0,2026-06-22,2026-06-22,0,1560.0,2,3,On Time,High
C0277,Customer_0277,5000,25.0,1250.0,6250.0,416.67,15,1,416.67,2026-03-04,2026-03-12,8,5833.33,1,0,Late,Medium
C0277,Customer_0277,5000,25.0,1250.0,6250.0,416.67,15,2,416.67,2026-03-11,2026-03-11,0,5416.66,1,0,On Time,Medium
C0277,Customer_0277,5000,25.0,1250.0,6250.0,416.67,15,3,416.67,2026-03-18,2026-03-18,0,4999.99,1,0,On Time,Medium
C0277,Customer_0277,5000,25.0,1250.0,6250.0,416.67,15,4,416.67,2026-03-25,2026-03-25,0,4583.32,1,0,On Time,Medium
C0277,Customer_0277,5000,25.0,1250.0,6250.0,416.67,15,5,416.67,2026-04-01,2026-04-01,0,4166.65,1,0,On Time,Medium
C0277,Customer_0277,5000,25.0,1250.0,6250.0,416.67,15,6,416.67,2026-04-08,2026-04-08,0,3749.98,1,0,On Time,Medium
C0277,Customer_0277,5000,25.0,1250.0,6250.0,416.67,15,7,416.67,2026-04-15,2026-04-15,0,3333.31,1,0,On Time,Medium
C0277,Customer_0277,5000,25.0,1250.0,6250.0,416.67,15,8,416.67,2026-04-22,2026-04-22,0,2916.64,1,0,On Time,Medium
C0277,Customer_0277,5000,25.0,1250.0,6250.0,416.67,15,9,0.0,2026-04-29,,14,2916.64,1,1,Missed,Medium
C0277,Customer_0277,5000,25.0,1250.0,6250.0,416.67,15,10,416.67,2026-05-06,2026-05-06,0,2499.97,1,1,On Time,Medium
C0278,Customer_0278,20000,15.0,3000.0,23000.0,1150.0,20,1,1150.0,2026-01-25,2026-01-25,0,21850.0,0,0,On Time,Low
C0278,Customer_0278,20000,15.0,3000.0,23000.0,1150.0,20,2,1150.0,2026-02-01,2026-02-01,0,20700.0,0,0,On Time,Low
C0278,Customer_0278,20000,15.0,3000.0,23000.0,1150.0,20,3,1150.0,2026-02-08,2026-02-08,0,19550.0,0,0,On Time,Low
C0278,Customer_0278,20000,15.0,3000.0,23000.0,1150.0,20,4,1150.0,2026-02-15,2026-02-15,0,18400.0,0,0,On Time,Low
C0278,Customer_0278,20000,15.0,3000.0,23000.0,1150.0,20,5,1150.0,2026-02-22,2026-02-22,0,17250.0,0,0,On Time,Low
C0278,Customer_0278,20000,15.0,3000.0,23000.0,1150.0,20,6,1150.0,2026-03-01,2026-03-01,0,16100.0,0,0,On Time,Low
C0278,Customer_0278,20000,15.0,3000.0,23000.0,1150.0,20,7,920.0,2026-03-08,2026-03-10,2,15180.0,1,0,Late,Medium
C0278,Customer_0278,20000,15.0,3000.0,23000.0,1150.0,20,8,1150.0,2026-03-15,2026-03-15,0,14030.0,1,0,On Time,Medium
C0278,Customer_0278,20000,15.0,3000.0,23000.0,1150.0,20,9,1150.0,2026-03-22,2026-03-22,0,12880.0,1,0,On Time,Medium
C0278,Customer_0278,20000,15.0,3000.0,23000.0,1150.0,20,10,1150.0,2026-03-29,2026-04-03,5,11730.0,2,0,Late,Medium
C0279,Customer_0279,5000,20.0,1000.0,6000.0,300.0,20,1,300.0,2026-06-21,2026-06-21,0,5700.0,0,0,On Time,Low
C0279,Customer_0279,5000,20.0,1000.0,6000.0,300.0,20,2,300.0,2026-06-28,2026-06-28,0,5400.0,0,0,On Time,Low
C0279,Customer_0279,5000,20.0,1000.0,6000.0,300.0,20,3,300.0,2026-07-05,2026-07-12,7,5100.0,1,0,Late,Medium
C0279,Customer_0279,5000,20.0,1000.0,6000.0,300.0,20,4,300.0,2026-07-12,2026-07-12,0,4800.0,1,0,On Time,Medium
C0279,Customer_0279,5000,20.0,1000.0,6000.0,300.0,20,5,300.0,2026-07-19,2026-07-19,0,4500.0,1,0,On Time,Medium
C0279,Customer_0279,5000,20.0,1000.0,6000.0,300.0,20,6,360.0,2026-07-26,2026-08-07,12,4140.0,2,0,Late,Medium
C0279,Customer_0279,5000,20.0,1000.0,6000.0,300.0,20,7,240.0,2026-08-02,2026-08-05,3,3900.0,3,0,Late,High
C0279,Customer_0279,5000,20.0,1000.0,6000.0,300.0,20,8,300.0,2026-08-09,2026-08-09,0,3600.0,3,0,On Time,High
C0279,Customer_0279,5000,20.0,1000.0,6000.0,300.0,20,9,300.0,2026-08-16,2026-08-16,0,3300.0,3,0,On Time,High
C0279,Customer_0279,5000,20.0,1000.0,6000.0,300.0,20,10,300.0,2026-08-23,2026-08-23,0,3000.0,3,0,On Time,High
C0280,Customer_0280,15000,20.0,3000.0,18000.0,1500.0,12,1,1800.0,2026-04-08,2026-04-14,6,16200.0,1,0,Late,Medium
C0280,Customer_0280,15000,20.0,3000.0,18000.0,1500.0,12,2,1500.0,2026-04-15,2026-04-15,0,14700.0,1,0,On Time,Medium
C0280,Customer_0280,15000,20.0,3000.0,18000.0,1500.0,12,3,1500.0,2026-04-22,2026-04-22,0,13200.0,1,0,On Time,Medium
C0280,Customer_0280,15000,20.0,3000.0,18000.0,1500.0,12,4,0.0,2026-04-29,,22,13200.0,1,1,Missed,Medium
C0280,Customer_0280,15000,20.0,3000.0,18000.0,1500.0,12,5,1500.0,2026-05-06,2026-05-06,0,11700.0,1,1,On Time,Medium
C0280,Customer_0280,15000,20.0,3000.0,18000.0,1500.0,12,6,1200.0,2026-05-13,2026-05-27,14,10500.0,2,1,Late,Medium
C0280,Customer_0280,15000,20.0,3000.0,18000.0,1500.0,12,7,1500.0,2026-05-20,2026-05-20,0,9000.0,2,1,On Time,Medium
C0280,Customer_0280,15000,20.0,3000.0,18000.0,1500.0,12,8,1500.0,2026-05-27,2026-06-01,5,7500.0,3,1,Late,High
C0280,Customer_0280,15000,20.0,3000.0,18000.0,1500.0,12,9,1500.0,2026-06-03,2026-06-03,0,6000.0,3,1,On Time,High
C0280,Customer_0280,15000,20.0,3000.0,18000.0,1500.0,12,10,1500.0,2026-06-10,2026-06-10,0,4500.0,3,1,On Time,High
C0281,Customer_0281,3000,15.0,450.0,3450.0,287.5,12,1,287.5,2026-03-05,2026-03-12,7,3162.5,1,0,Late,Medium
C0281,Customer_0281,3000,15.0,450.0,3450.0,287.5,12,2,287.5,2026-03-12,2026-03-12,0,2875.0,1,0,On Time,Medium
C0281,Customer_0281,3000,15.0,450.0,3450.0,287.5,12,3,0.0,2026-03-19,,24,2875.0,1,1,Missed,Medium
C0281,Customer_0281,3000,15.0,450.0,3450.0,287.5,12,4,287.5,2026-03-26,2026-03-26,0,2587.5,1,1,On Time,Medium
C0281,Customer_0281,3000,15.0,450.0,3450.0,287.5,12,5,287.5,2026-04-02,2026-04-02,0,2300.0,1,1,On Time,Medium
C0281,Customer_0281,3000,15.0,450.0,3450.0,287.5,12,6,287.5,2026-04-09,2026-04-09,0,2012.5,1,1,On Time,Medium
C0281,Customer_0281,3000,15.0,450.0,3450.0,287.5,12,7,287.5,2026-04-16,2026-04-16,0,1725.0,1,1,On Time,Medium
C0281,Customer_0281,3000,15.0,450.0,3450.0,287.5,12,8,287.5,2026-04-23,2026-04-23,0,1437.5,1,1,On Time,Medium
C0281,Customer_0281,3000,15.0,450.0,3450.0,287.5,12,9,287.5,2026-04-30,2026-04-30,0,1150.0,1,1,On Time,Medium
C0281,Customer_0281,3000,15.0,450.0,3450.0,287.5,12,10,345.0,2026-05-07,2026-05-10,3,805.0,2,1,Late,Medium
C0282,Customer_0282,5000,25.0,1250.0,6250.0,625.0,10,1,625.0,2026-06-25,2026-06-25,0,5625.0,0,0,On Time,Low
C0282,Customer_0282,5000,25.0,1250.0,6250.0,625.0,10,2,625.0,2026-07-02,2026-07-02,0,5000.0,0,0,On Time,Low
C0282,Customer_0282,5000,25.0,1250.0,6250.0,625.0,10,3,500.0,2026-07-09,2026-07-18,9,4500.0,1,0,Late,Medium
C0282,Customer_0282,5000,25.0,1250.0,6250.0,625.0,10,4,625.0,2026-07-16,2026-07-24,8,3875.0,2,0,Late,Medium
C0282,Customer_0282,5000,25.0,1250.0,6250.0,625.0,10,5,625.0,2026-07-23,2026-07-23,0,3250.0,2,0,On Time,Medium
C0282,Customer_0282,5000,25.0,1250.0,6250.0,625.0,10,6,625.0,2026-07-30,2026-07-30,0,2625.0,2,0,On Time,Medium
C0282,Customer_0282,5000,25.0,1250.0,6250.0,625.0,10,7,625.0,2026-08-06,2026-08-06,0,2000.0,2,0,On Time,Medium
C0282,Customer_0282,5000,25.0,1250.0,6250.0,625.0,10,8,625.0,2026-08-13,2026-08-13,0,1375.0,2,0,On Time,Medium
C0282,Customer_0282,5000,25.0,1250.0,6250.0,625.0,10,9,625.0,2026-08-20,2026-08-20,0,750.0,2,0,On Time,Medium
C0282,Customer_0282,5000,25.0,1250.0,6250.0,625.0,10,10,625.0,2026-08-27,2026-08-27,0,125.0,2,0,On Time,Medium
C0283,Customer_0283,3000,20.0,600.0,3600.0,450.0,8,1,450.0,2026-02-27,2026-02-27,0,3150.0,0,0,On Time,Low
C0283,Customer_0283,3000,20.0,600.0,3600.0,450.0,8,2,450.0,2026-03-06,2026-03-06,0,2700.0,0,0,On Time,Low
C0283,Customer_0283,3000,20.0,600.0,3600.0,450.0,8,3,450.0,2026-03-13,2026-03-13,0,2250.0,0,0,On Time,Low
C0283,Customer_0283,3000,20.0,600.0,3600.0,450.0,8,4,360.0,2026-03-20,2026-03-31,11,1890.0,1,0,Late,Medium
C0283,Customer_0283,3000,20.0,600.0,3600.0,450.0,8,5,450.0,2026-03-27,2026-03-27,0,1440.0,1,0,On Time,Medium
C0283,Customer_0283,3000,20.0,600.0,3600.0,450.0,8,6,0.0,2026-04-03,,29,1440.0,1,1,Missed,Medium
C0283,Customer_0283,3000,20.0,600.0,3600.0,450.0,8,7,450.0,2026-04-10,2026-04-10,0,990.0,1,1,On Time,Medium
C0283,Customer_0283,3000,20.0,600.0,3600.0,450.0,8,8,450.0,2026-04-17,2026-04-17,0,540.0,1,1,On Time,Medium
C0283,Customer_0283,3000,20.0,600.0,3600.0,450.0,8,9,450.0,2026-04-24,2026-04-24,0,90.0,1,1,On Time,Medium
C0283,Customer_0283,3000,20.0,600.0,3600.0,450.0,8,10,540.0,2026-05-01,2026-05-14,13,0.0,2,1,Late,Medium
C0284,Customer_0284,15000,25.0,3750.0,18750.0,2343.75,8,1,2343.75,2026-06-02,2026-06-02,0,16406.25,0,0,On Time,Low
C0284,Customer_0284,15000,25.0,3750.0,18750.0,2343.75,8,2,2343.75,2026-06-09,2026-06-11,2,14062.5,1,0,Late,Medium
C0284,Customer_0284,15000,25.0,3750.0,18750.0,2343.75,8,3,2343.75,2026-06-16,2026-06-29,13,11718.75,2,0,Late,Medium
C0284,Customer_0284,15000,25.0,3750.0,18750.0,2343.75,8,4,2343.75,2026-06-23,2026-07-02,9,9375.0,3,0,Late,High
C0284,Customer_0284,15000,25.0,3750.0,18750.0,2343.75,8,5,2343.75,2026-06-30,2026-07-09,9,7031.25,4,0,Late,High
C0284,Customer_0284,15000,25.0,3750.0,18750.0,2343.75,8,6,2343.75,2026-07-07,2026-07-07,0,4687.5,4,0,On Time,High
C0284,Customer_0284,15000,25.0,3750.0,18750.0,2343.75,8,7,2343.75,2026-07-14,2026-07-14,0,2343.75,4,0,On Time,High
C0284,Customer_0284,15000,25.0,3750.0,18750.0,2343.75,8,8,2343.75,2026-07-21,2026-07-21,0,0.0,4,0,On Time,High
C0284,Customer_0284,15000,25.0,3750.0,18750.0,2343.75,8,9,2343.75,2026-07-28,2026-07-28,0,0.0,4,0,On Time,High
C0284,Customer_0284,15000,25.0,3750.0,18750.0,2343.75,8,10,2343.75,2026-08-04,2026-08-04,0,0.0,4,0,On Time,High
C0285,Customer_0285,5000,15.0,750.0,5750.0,287.5,20,1,287.5,2026-02-14,2026-02-14,0,5462.5,0,0,On Time,Low
C0285,Customer_0285,5000,15.0,750.0,5750.0,287.5,20,2,287.5,2026-02-21,2026-02-21,0,5175.0,0,0,On Time,Low
C0285,Customer_0285,5000,15.0,750.0,5750.0,287.5,20,3,287.5,2026-02-28,2026-02-28,0,4887.5,0,0,On Time,Low
C0285,Customer_0285,5000,15.0,750.0,5750.0,287.5,20,4,287.5,2026-03-07,2026-03-07,0,4600.0,0,0,On Time,Low
C0285,Customer_0285,5000,15.0,750.0,5750.0,287.5,20,5,287.5,2026-03-14,2026-03-14,0,4312.5,0,0,On Time,Low
C0285,Customer_0285,5000,15.0,750.0,5750.0,287.5,20,6,287.5,2026-03-21,2026-03-21,0,4025.0,0,0,On Time,Low
C0285,Customer_0285,5000,15.0,750.0,5750.0,287.5,20,7,287.5,2026-03-28,2026-03-28,0,3737.5,0,0,On Time,Low
C0285,Customer_0285,5000,15.0,750.0,5750.0,287.5,20,8,287.5,2026-04-04,2026-04-04,0,3450.0,0,0,On Time,Low
C0285,Customer_0285,5000,15.0,750.0,5750.0,287.5,20,9,287.5,2026-04-11,2026-04-11,0,3162.5,0,0,On Time,Low
C0285,Customer_0285,5000,15.0,750.0,5750.0,287.5,20,10,287.5,2026-04-18,2026-04-18,0,2875.0,0,0,On Time,Low
C0286,Customer_0286,3000,25.0,750.0,3750.0,250.0,15,1,200.0,2026-06-17,2026-06-27,10,3550.0,1,0,Late,Medium
C0286,Customer_0286,3000,25.0,750.0,3750.0,250.0,15,2,0.0,2026-06-24,,22,3550.0,1,1,Missed,Medium
C0286,Customer_0286,3000,25.0,750.0,3750.0,250.0,15,3,250.0,2026-07-01,2026-07-01,0,3300.0,1,1,On Time,Medium
C0286,Customer_0286,3000,25.0,750.0,3750.0,250.0,15,4,250.0,2026-07-08,2026-07-08,0,3050.0,1,1,On Time,Medium
C0286,Customer_0286,3000,25.0,750.0,3750.0,250.0,15,5,200.0,2026-07-15,2026-07-19,4,2850.0,2,1,Late,Medium
C0286,Customer_0286,3000,25.0,750.0,3750.0,250.0,15,6,250.0,2026-07-22,2026-07-24,2,2600.0,3,1,Late,High
C0286,Customer_0286,3000,25.0,750.0,3750.0,250.0,15,7,300.0,2026-07-29,2026-08-08,10,2300.0,4,1,Late,High
C0286,Customer_0286,3000,25.0,750.0,3750.0,250.0,15,8,200.0,2026-08-05,2026-08-14,9,2100.0,5,1,Late,High
C0286,Customer_0286,3000,25.0,750.0,3750.0,250.0,15,9,300.0,2026-08-12,2026-08-26,14,1800.0,6,1,Late,High
C0286,Customer_0286,3000,25.0,750.0,3750.0,250.0,15,10,250.0,2026-08-19,2026-08-19,0,1550.0,6,1,On Time,High
C0287,Customer_0287,20000,15.0,3000.0,23000.0,1916.67,12,1,0.0,2026-04-09,,16,23000.0,0,1,Missed,Medium
C0287,Customer_0287,20000,15.0,3000.0,23000.0,1916.67,12,2,2300.0,2026-04-16,2026-04-29,13,20700.0,1,1,Late,Medium
C0287,Customer_0287,20000,15.0,3000.0,23000.0,1916.67,12,3,1916.67,2026-04-23,2026-05-05,12,18783.33,2,1,Late,Medium
C0287,Customer_0287,20000,15.0,3000.0,23000.0,1916.67,12,4,2300.0,2026-04-30,2026-05-07,7,16483.33,3,1,Late,High
C0287,Customer_0287,20000,15.0,3000.0,23000.0,1916.67,12,5,1916.67,2026-05-07,2026-05-07,0,14566.66,3,1,On Time,High
C0287,Customer_0287,20000,15.0,3000.0,23000.0,1916.67,12,6,1916.67,2026-05-14,2026-05-14,0,12649.99,3,1,On Time,High
C0287,Customer_0287,20000,15.0,3000.0,23000.0,1916.67,12,7,1916.67,2026-05-21,2026-05-21,0,10733.32,3,1,On Time,High
C0287,Customer_0287,20000,15.0,3000.0,23000.0,1916.67,12,8,0.0,2026-05-28,,13,10733.32,3,2,Missed,High
C0287,Customer_0287,20000,15.0,3000.0,23000.0,1916.67,12,9,1916.67,2026-06-04,2026-06-04,0,8816.65,3,2,On Time,High
C0287,Customer_0287,20000,15.0,3000.0,23000.0,1916.67,12,10,1916.67,2026-06-11,2026-06-11,0,6899.98,3,2,On Time,High
C0288,Customer_0288,5000,25.0,1250.0,6250.0,312.5,20,1,312.5,2026-03-30,2026-03-30,0,5937.5,0,0,On Time,Low
C0288,Customer_0288,5000,25.0,1250.0,6250.0,312.5,20,2,312.5,2026-04-06,2026-04-06,0,5625.0,0,0,On Time,Low
C0288,Customer_0288,5000,25.0,1250.0,6250.0,312.5,20,3,312.5,2026-04-13,2026-04-13,0,5312.5,0,0,On Time,Low
C0288,Customer_0288,5000,25.0,1250.0,6250.0,312.5,20,4,312.5,2026-04-20,2026-04-20,0,5000.0,0,0,On Time,Low
C0288,Customer_0288,5000,25.0,1250.0,6250.0,312.5,20,5,0.0,2026-04-27,,13,5000.0,0,1,Missed,Medium
C0288,Customer_0288,5000,25.0,1250.0,6250.0,312.5,20,6,312.5,2026-05-04,2026-05-04,0,4687.5,0,1,On Time,Medium
C0288,Customer_0288,5000,25.0,1250.0,6250.0,312.5,20,7,312.5,2026-05-11,2026-05-21,10,4375.0,1,1,Late,Medium
C0288,Customer_0288,5000,25.0,1250.0,6250.0,312.5,20,8,312.5,2026-05-18,2026-05-18,0,4062.5,1,1,On Time,Medium
C0288,Customer_0288,5000,25.0,1250.0,6250.0,312.5,20,9,312.5,2026-05-25,2026-05-25,0,3750.0,1,1,On Time,Medium
C0288,Customer_0288,5000,25.0,1250.0,6250.0,312.5,20,10,312.5,2026-06-01,2026-06-01,0,3437.5,1,1,On Time,Medium
C0289,Customer_0289,15000,25.0,3750.0,18750.0,1562.5,12,1,1562.5,2026-05-06,2026-05-06,0,17187.5,0,0,On Time,Low
C0289,Customer_0289,15000,25.0,3750.0,18750.0,1562.5,12,2,1875.0,2026-05-13,2026-05-22,9,15312.5,1,0,Late,Medium
C0289,Customer_0289,15000,25.0,3750.0,18750.0,1562.5,12,3,1562.5,2026-05-20,2026-05-20,0,13750.0,1,0,On Time,Medium
C0289,Customer_0289,15000,25.0,3750.0,18750.0,1562.5,12,4,1562.5,2026-05-27,2026-05-30,3,12187.5,2,0,Late,Medium
C0289,Customer_0289,15000,25.0,3750.0,18750.0,1562.5,12,5,1250.0,2026-06-03,2026-06-06,3,10937.5,3,0,Late,High
C0289,Customer_0289,15000,25.0,3750.0,18750.0,1562.5,12,6,0.0,2026-06-10,,13,10937.5,3,1,Missed,High
C0289,Customer_0289,15000,25.0,3750.0,18750.0,1562.5,12,7,1562.5,2026-06-17,2026-06-17,0,9375.0,3,1,On Time,High
C0289,Customer_0289,15000,25.0,3750.0,18750.0,1562.5,12,8,1875.0,2026-06-24,2026-06-30,6,7500.0,4,1,Late,High
C0289,Customer_0289,15000,25.0,3750.0,18750.0,1562.5,12,9,1562.5,2026-07-01,2026-07-01,0,5937.5,4,1,On Time,High
C0289,Customer_0289,15000,25.0,3750.0,18750.0,1562.5,12,10,1562.5,2026-07-08,2026-07-08,0,4375.0,4,1,On Time,High
C0290,Customer_0290,10000,30.0,3000.0,13000.0,866.67,15,1,866.67,2026-03-24,2026-04-06,13,12133.33,1,0,Late,Medium
C0290,Customer_0290,10000,30.0,3000.0,13000.0,866.67,15,2,866.67,2026-03-31,2026-04-10,10,11266.66,2,0,Late,Medium
C0290,Customer_0290,10000,30.0,3000.0,13000.0,866.67,15,3,693.34,2026-04-07,2026-04-13,6,10573.32,3,0,Late,High
C0290,Customer_0290,10000,30.0,3000.0,13000.0,866.67,15,4,866.67,2026-04-14,2026-04-20,6,9706.65,4,0,Late,High
C0290,Customer_0290,10000,30.0,3000.0,13000.0,866.67,15,5,693.34,2026-04-21,2026-04-28,7,9013.31,5,0,Late,High
C0290,Customer_0290,10000,30.0,3000.0,13000.0,866.67,15,6,866.67,2026-04-28,2026-04-28,0,8146.64,5,0,On Time,High
C0290,Customer_0290,10000,30.0,3000.0,13000.0,866.67,15,7,866.67,2026-05-05,2026-05-05,0,7279.97,5,0,On Time,High
C0290,Customer_0290,10000,30.0,3000.0,13000.0,866.67,15,8,866.67,2026-05-12,2026-05-12,0,6413.3,5,0,On Time,High
C0290,Customer_0290,10000,30.0,3000.0,13000.0,866.67,15,9,866.67,2026-05-19,2026-05-19,0,5546.63,5,0,On Time,High
C0290,Customer_0290,10000,30.0,3000.0,13000.0,866.67,15,10,866.67,2026-05-26,2026-05-26,0,4679.96,5,0,On Time,High
C0291,Customer_0291,7000,25.0,1750.0,8750.0,437.5,20,1,437.5,2026-03-19,2026-03-19,0,8312.5,0,0,On Time,Low
C0291,Customer_0291,7000,25.0,1750.0,8750.0,437.5,20,2,437.5,2026-03-26,2026-03-26,0,7875.0,0,0,On Time,Low
C0291,Customer_0291,7000,25.0,1750.0,8750.0,437.5,20,3,437.5,2026-04-02,2026-04-16,14,7437.5,1,0,Late,Medium
C0291,Customer_0291,7000,25.0,1750.0,8750.0,437.5,20,4,0.0,2026-04-09,,25,7437.5,1,1,Missed,Medium
C0291,Customer_0291,7000,25.0,1750.0,8750.0,437.5,20,5,0.0,2026-04-16,,28,7437.5,1,2,Missed,High
C0291,Customer_0291,7000,25.0,1750.0,8750.0,437.5,20,6,350.0,2026-04-23,2026-05-06,13,7087.5,2,2,Late,High
C0291,Customer_0291,7000,25.0,1750.0,8750.0,437.5,20,7,437.5,2026-04-30,2026-05-08,8,6650.0,3,2,Late,High
C0291,Customer_0291,7000,25.0,1750.0,8750.0,437.5,20,8,525.0,2026-05-07,2026-05-10,3,6125.0,4,2,Late,High
C0291,Customer_0291,7000,25.0,1750.0,8750.0,437.5,20,9,437.5,2026-05-14,2026-05-27,13,5687.5,5,2,Late,High
C0291,Customer_0291,7000,25.0,1750.0,8750.0,437.5,20,10,437.5,2026-05-21,2026-05-21,0,5250.0,5,2,On Time,High
C0292,Customer_0292,7000,15.0,1050.0,8050.0,670.83,12,1,670.83,2026-06-21,2026-06-21,0,7379.17,0,0,On Time,Low
C0292,Customer_0292,7000,15.0,1050.0,8050.0,670.83,12,2,670.83,2026-06-28,2026-07-03,5,6708.34,1,0,Late,Medium
C0292,Customer_0292,7000,15.0,1050.0,8050.0,670.83,12,3,670.83,2026-07-05,2026-07-05,0,6037.51,1,0,On Time,Medium
C0292,Customer_0292,7000,15.0,1050.0,8050.0,670.83,12,4,670.83,2026-07-12,2026-07-12,0,5366.68,1,0,On Time,Medium
C0292,Customer_0292,7000,15.0,1050.0,8050.0,670.83,12,5,670.83,2026-07-19,2026-07-19,0,4695.85,1,0,On Time,Medium
C0292,Customer_0292,7000,15.0,1050.0,8050.0,670.83,12,6,670.83,2026-07-26,2026-07-26,0,4025.02,1,0,On Time,Medium
C0292,Customer_0292,7000,15.0,1050.0,8050.0,670.83,12,7,670.83,2026-08-02,2026-08-02,0,3354.19,1,0,On Time,Medium
C0292,Customer_0292,7000,15.0,1050.0,8050.0,670.83,12,8,805.0,2026-08-09,2026-08-12,3,2549.19,2,0,Late,Medium
C0292,Customer_0292,7000,15.0,1050.0,8050.0,670.83,12,9,670.83,2026-08-16,2026-08-19,3,1878.36,3,0,Late,High
C0292,Customer_0292,7000,15.0,1050.0,8050.0,670.83,12,10,670.83,2026-08-23,2026-09-05,13,1207.53,4,0,Late,High
C0293,Customer_0293,15000,25.0,3750.0,18750.0,2343.75,8,1,2343.75,2026-05-04,2026-05-06,2,16406.25,1,0,Late,Medium
C0293,Customer_0293,15000,25.0,3750.0,18750.0,2343.75,8,2,2343.75,2026-05-11,2026-05-11,0,14062.5,1,0,On Time,Medium
C0293,Customer_0293,15000,25.0,3750.0,18750.0,2343.75,8,3,2343.75,2026-05-18,2026-05-24,6,11718.75,2,0,Late,Medium
C0293,Customer_0293,15000,25.0,3750.0,18750.0,2343.75,8,4,2343.75,2026-05-25,2026-05-25,0,9375.0,2,0,On Time,Medium
C0293,Customer_0293,15000,25.0,3750.0,18750.0,2343.75,8,5,2343.75,2026-06-01,2026-06-09,8,7031.25,3,0,Late,High
C0293,Customer_0293,15000,25.0,3750.0,18750.0,2343.75,8,6,2343.75,2026-06-08,2026-06-21,13,4687.5,4,0,Late,High
C0293,Customer_0293,15000,25.0,3750.0,18750.0,2343.75,8,7,2343.75,2026-06-15,2026-06-15,0,2343.75,4,0,On Time,High
C0293,Customer_0293,15000,25.0,3750.0,18750.0,2343.75,8,8,2812.5,2026-06-22,2026-07-05,13,0.0,5,0,Late,High
C0293,Customer_0293,15000,25.0,3750.0,18750.0,2343.75,8,9,2343.75,2026-06-29,2026-06-29,0,0.0,5,0,On Time,High
C0293,Customer_0293,15000,25.0,3750.0,18750.0,2343.75,8,10,2343.75,2026-07-06,2026-07-06,0,0.0,5,0,On Time,High
C0294,Customer_0294,3000,15.0,450.0,3450.0,431.25,8,1,431.25,2026-02-03,2026-02-03,0,3018.75,0,0,On Time,Low
C0294,Customer_0294,3000,15.0,450.0,3450.0,431.25,8,2,431.25,2026-02-10,2026-02-10,0,2587.5,0,0,On Time,Low
C0294,Customer_0294,3000,15.0,450.0,3450.0,431.25,8,3,431.25,2026-02-17,2026-02-17,0,2156.25,0,0,On Time,Low
C0294,Customer_0294,3000,15.0,450.0,3450.0,431.25,8,4,431.25,2026-02-24,2026-02-24,0,1725.0,0,0,On Time,Low
C0294,Customer_0294,3000,15.0,450.0,3450.0,431.25,8,5,431.25,2026-03-03,2026-03-03,0,1293.75,0,0,On Time,Low
C0294,Customer_0294,3000,15.0,450.0,3450.0,431.25,8,6,431.25,2026-03-10,2026-03-23,13,862.5,1,0,Late,Medium
C0294,Customer_0294,3000,15.0,450.0,3450.0,431.25,8,7,431.25,2026-03-17,2026-03-17,0,431.25,1,0,On Time,Medium
C0294,Customer_0294,3000,15.0,450.0,3450.0,431.25,8,8,431.25,2026-03-24,2026-03-24,0,0.0,1,0,On Time,Medium
C0294,Customer_0294,3000,15.0,450.0,3450.0,431.25,8,9,431.25,2026-03-31,2026-03-31,0,0.0,1,0,On Time,Medium
C0294,Customer_0294,3000,15.0,450.0,3450.0,431.25,8,10,431.25,2026-04-07,2026-04-07,0,0.0,1,0,On Time,Medium
C0295,Customer_0295,15000,20.0,3000.0,18000.0,2250.0,8,1,2250.0,2026-02-25,2026-02-25,0,15750.0,0,0,On Time,Low
C0295,Customer_0295,15000,20.0,3000.0,18000.0,2250.0,8,2,2250.0,2026-03-04,2026-03-04,0,13500.0,0,0,On Time,Low
C0295,Customer_0295,15000,20.0,3000.0,18000.0,2250.0,8,3,2250.0,2026-03-11,2026-03-11,0,11250.0,0,0,On Time,Low
C0295,Customer_0295,15000,20.0,3000.0,18000.0,2250.0,8,4,1800.0,2026-03-18,2026-03-20,2,9450.0,1,0,Late,Medium
C0295,Customer_0295,15000,20.0,3000.0,18000.0,2250.0,8,5,2250.0,2026-03-25,2026-03-25,0,7200.0,1,0,On Time,Medium
C0295,Customer_0295,15000,20.0,3000.0,18000.0,2250.0,8,6,2250.0,2026-04-01,2026-04-01,0,4950.0,1,0,On Time,Medium
C0295,Customer_0295,15000,20.0,3000.0,18000.0,2250.0,8,7,2250.0,2026-04-08,2026-04-08,0,2700.0,1,0,On Time,Medium
C0295,Customer_0295,15000,20.0,3000.0,18000.0,2250.0,8,8,2250.0,2026-04-15,2026-04-15,0,450.0,1,0,On Time,Medium
C0295,Customer_0295,15000,20.0,3000.0,18000.0,2250.0,8,9,1800.0,2026-04-22,2026-04-29,7,0.0,2,0,Late,Medium
C0295,Customer_0295,15000,20.0,3000.0,18000.0,2250.0,8,10,2250.0,2026-04-29,2026-04-29,0,0.0,2,0,On Time,Medium
C0296,Customer_0296,20000,15.0,3000.0,23000.0,2875.0,8,1,2875.0,2026-03-10,2026-03-10,0,20125.0,0,0,On Time,Low
C0296,Customer_0296,20000,15.0,3000.0,23000.0,2875.0,8,2,2875.0,2026-03-17,2026-03-17,0,17250.0,0,0,On Time,Low
C0296,Customer_0296,20000,15.0,3000.0,23000.0,2875.0,8,3,2875.0,2026-03-24,2026-03-24,0,14375.0,0,0,On Time,Low
C0296,Customer_0296,20000,15.0,3000.0,23000.0,2875.0,8,4,2875.0,2026-03-31,2026-03-31,0,11500.0,0,0,On Time,Low
C0296,Customer_0296,20000,15.0,3000.0,23000.0,2875.0,8,5,2875.0,2026-04-07,2026-04-07,0,8625.0,0,0,On Time,Low
C0296,Customer_0296,20000,15.0,3000.0,23000.0,2875.0,8,6,2875.0,2026-04-14,2026-04-23,9,5750.0,1,0,Late,Medium
C0296,Customer_0296,20000,15.0,3000.0,23000.0,2875.0,8,7,2875.0,2026-04-21,2026-04-21,0,2875.0,1,0,On Time,Medium
C0296,Customer_0296,20000,15.0,3000.0,23000.0,2875.0,8,8,2875.0,2026-04-28,2026-04-28,0,0.0,1,0,On Time,Medium
C0296,Customer_0296,20000,15.0,3000.0,23000.0,2875.0,8,9,2875.0,2026-05-05,2026-05-05,0,0.0,1,0,On Time,Medium
C0296,Customer_0296,20000,15.0,3000.0,23000.0,2875.0,8,10,2300.0,2026-05-12,2026-05-18,6,0.0,2,0,Late,Medium
C0297,Customer_0297,7000,20.0,1400.0,8400.0,1050.0,8,1,1050.0,2026-01-18,2026-01-19,1,7350.0,1,0,Late,Medium
C0297,Customer_0297,7000,20.0,1400.0,8400.0,1050.0,8,2,1260.0,2026-01-25,2026-01-29,4,6090.0,2,0,Late,Medium
C0297,Customer_0297,7000,20.0,1400.0,8400.0,1050.0,8,3,1050.0,2026-02-01,2026-02-01,0,5040.0,2,0,On Time,Medium
C0297,Customer_0297,7000,20.0,1400.0,8400.0,1050.0,8,4,1050.0,2026-02-08,2026-02-08,0,3990.0,2,0,On Time,Medium
C0297,Customer_0297,7000,20.0,1400.0,8400.0,1050.0,8,5,840.0,2026-02-15,2026-02-27,12,3150.0,3,0,Late,High
C0297,Customer_0297,7000,20.0,1400.0,8400.0,1050.0,8,6,1050.0,2026-02-22,2026-02-22,0,2100.0,3,0,On Time,High
C0297,Customer_0297,7000,20.0,1400.0,8400.0,1050.0,8,7,1260.0,2026-03-01,2026-03-07,6,840.0,4,0,Late,High
C0297,Customer_0297,7000,20.0,1400.0,8400.0,1050.0,8,8,1050.0,2026-03-08,2026-03-08,0,0.0,4,0,On Time,High
C0297,Customer_0297,7000,20.0,1400.0,8400.0,1050.0,8,9,1050.0,2026-03-15,2026-03-15,0,0.0,4,0,On Time,High
C0297,Customer_0297,7000,20.0,1400.0,8400.0,1050.0,8,10,1260.0,2026-03-22,2026-03-30,8,0.0,5,0,Late,High
C0298,Customer_0298,3000,15.0,450.0,3450.0,345.0,10,1,345.0,2026-04-23,2026-04-23,0,3105.0,0,0,On Time,Low
C0298,Customer_0298,3000,15.0,450.0,3450.0,345.0,10,2,345.0,2026-04-30,2026-05-01,1,2760.0,1,0,Late,Medium
C0298,Customer_0298,3000,15.0,450.0,3450.0,345.0,10,3,345.0,2026-05-07,2026-05-13,6,2415.0,2,0,Late,Medium
C0298,Customer_0298,3000,15.0,450.0,3450.0,345.0,10,4,345.0,2026-05-14,2026-05-14,0,2070.0,2,0,On Time,Medium
C0298,Customer_0298,3000,15.0,450.0,3450.0,345.0,10,5,345.0,2026-05-21,2026-05-25,4,1725.0,3,0,Late,High
C0298,Customer_0298,3000,15.0,450.0,3450.0,345.0,10,6,0.0,2026-05-28,,30,1725.0,3,1,Missed,High
C0298,Customer_0298,3000,15.0,450.0,3450.0,345.0,10,7,345.0,2026-06-04,2026-06-04,0,1380.0,3,1,On Time,High
C0298,Customer_0298,3000,15.0,450.0,3450.0,345.0,10,8,345.0,2026-06-11,2026-06-11,0,1035.0,3,1,On Time,High
C0298,Customer_0298,3000,15.0,450.0,3450.0,345.0,10,9,345.0,2026-06-18,2026-06-18,0,690.0,3,1,On Time,High
C0298,Customer_0298,3000,15.0,450.0,3450.0,345.0,10,10,414.0,2026-06-25,2026-07-09,14,276.0,4,1,Late,High
C0299,Customer_0299,3000,30.0,900.0,3900.0,390.0,10,1,390.0,2026-04-17,2026-04-17,0,3510.0,0,0,On Time,Low
C0299,Customer_0299,3000,30.0,900.0,3900.0,390.0,10,2,390.0,2026-04-24,2026-04-24,0,3120.0,0,0,On Time,Low
C0299,Customer_0299,3000,30.0,900.0,3900.0,390.0,10,3,390.0,2026-05-01,2026-05-13,12,2730.0,1,0,Late,Medium
C0299,Customer_0299,3000,30.0,900.0,3900.0,390.0,10,4,0.0,2026-05-08,,30,2730.0,1,1,Missed,Medium
C0299,Customer_0299,3000,30.0,900.0,3900.0,390.0,10,5,468.0,2026-05-15,2026-05-19,4,2262.0,2,1,Late,Medium
C0299,Customer_0299,3000,30.0,900.0,3900.0,390.0,10,6,390.0,2026-05-22,2026-05-30,8,1872.0,3,1,Late,High
C0299,Customer_0299,3000,30.0,900.0,3900.0,390.0,10,7,390.0,2026-05-29,2026-05-29,0,1482.0,3,1,On Time,High
C0299,Customer_0299,3000,30.0,900.0,3900.0,390.0,10,8,390.0,2026-06-05,2026-06-05,0,1092.0,3,1,On Time,High
C0299,Customer_0299,3000,30.0,900.0,3900.0,390.0,10,9,390.0,2026-06-12,2026-06-12,0,702.0,3,1,On Time,High
C0299,Customer_0299,3000,30.0,900.0,3900.0,390.0,10,10,390.0,2026-06-19,2026-06-19,0,312.0,3,1,On Time,High
C0300,Customer_0300,7000,20.0,1400.0,8400.0,1050.0,8,1,1050.0,2026-03-01,2026-03-01,0,7350.0,0,0,On Time,Low
C0300,Customer_0300,7000,20.0,1400.0,8400.0,1050.0,8,2,1050.0,2026-03-08,2026-03-08,0,6300.0,0,0,On Time,Low
C0300,Customer_0300,7000,20.0,1400.0,8400.0,1050.0,8,3,1260.0,2026-03-15,2026-03-29,14,5040.0,1,0,Late,Medium
C0300,Customer_0300,7000,20.0,1400.0,8400.0,1050.0,8,4,1050.0,2026-03-22,2026-03-22,0,3990.0,1,0,On Time,Medium
C0300,Customer_0300,7000,20.0,1400.0,8400.0,1050.0,8,5,1050.0,2026-03-29,2026-03-29,0,2940.0,1,0,On Time,Medium
C0300,Customer_0300,7000,20.0,1400.0,8400.0,1050.0,8,6,1050.0,2026-04-05,2026-04-05,0,1890.0,1,0,On Time,Medium
C0300,Customer_0300,7000,20.0,1400.0,8400.0,1050.0,8,7,0.0,2026-04-12,,22,1890.0,1,1,Missed,Medium
C0300,Customer_0300,7000,20.0,1400.0,8400.0,1050.0,8,8,1050.0,2026-04-19,2026-04-20,1,840.0,2,1,Late,Medium
C0300,Customer_0300,7000,20.0,1400.0,8400.0,1050.0,8,9,1050.0,2026-04-26,2026-04-26,0,0.0,2,1,On Time,Medium
C0300,Customer_0300,7000,20.0,1400.0,8400.0,1050.0,8,10,1050.0,2026-05-03,2026-05-17,14,0.0,3,1,Late,High
C0301,Customer_0301,20000,25.0,5000.0,25000.0,2083.33,12,1,2083.33,2026-02-26,2026-02-26,0,22916.67,0,0,On Time,Low
C0301,Customer_0301,20000,25.0,5000.0,25000.0,2083.33,12,2,0.0,2026-03-05,,7,22916.67,0,1,Missed,Medium
C0301,Customer_0301,20000,25.0,5000.0,25000.0,2083.33,12,3,1666.66,2026-03-12,2026-03-18,6,21250.01,1,1,Late,Medium
C0301,Customer_0301,20000,25.0,5000.0,25000.0,2083.33,12,4,2083.33,2026-03-19,2026-03-19,0,19166.68,1,1,On Time,Medium
C0301,Customer_0301,20000,25.0,5000.0,25000.0,2083.33,12,5,0.0,2026-03-26,,27,19166.68,1,2,Missed,High
C0301,Customer_0301,20000,25.0,5000.0,25000.0,2083.33,12,6,2500.0,2026-04-02,2026-04-13,11,16666.68,2,2,Late,High
C0301,Customer_0301,20000,25.0,5000.0,25000.0,2083.33,12,7,2500.0,2026-04-09,2026-04-19,10,14166.68,3,2,Late,High
C0301,Customer_0301,20000,25.0,5000.0,25000.0,2083.33,12,8,2083.33,2026-04-16,2026-04-16,0,12083.35,3,2,On Time,High
C0301,Customer_0301,20000,25.0,5000.0,25000.0,2083.33,12,9,2083.33,2026-04-23,2026-05-04,11,10000.02,4,2,Late,High
C0301,Customer_0301,20000,25.0,5000.0,25000.0,2083.33,12,10,2083.33,2026-04-30,2026-04-30,0,7916.69,4,2,On Time,High
C0302,Customer_0302,7000,25.0,1750.0,8750.0,583.33,15,1,583.33,2026-03-12,2026-03-12,0,8166.67,0,0,On Time,Low
C0302,Customer_0302,7000,25.0,1750.0,8750.0,583.33,15,2,466.66,2026-03-19,2026-03-23,4,7700.01,1,0,Late,Medium
C0302,Customer_0302,7000,25.0,1750.0,8750.0,583.33,15,3,700.0,2026-03-26,2026-04-02,7,7000.01,2,0,Late,Medium
C0302,Customer_0302,7000,25.0,1750.0,8750.0,583.33,15,4,583.33,2026-04-02,2026-04-02,0,6416.68,2,0,On Time,Medium
C0302,Customer_0302,7000,25.0,1750.0,8750.0,583.33,15,5,583.33,2026-04-09,2026-04-22,13,5833.35,3,0,Late,High
C0302,Customer_0302,7000,25.0,1750.0,8750.0,583.33,15,6,583.33,2026-04-16,2026-04-16,0,5250.02,3,0,On Time,High
C0302,Customer_0302,7000,25.0,1750.0,8750.0,583.33,15,7,583.33,2026-04-23,2026-05-02,9,4666.69,4,0,Late,High
C0302,Customer_0302,7000,25.0,1750.0,8750.0,583.33,15,8,583.33,2026-04-30,2026-04-30,0,4083.36,4,0,On Time,High
C0302,Customer_0302,7000,25.0,1750.0,8750.0,583.33,15,9,583.33,2026-05-07,2026-05-07,0,3500.03,4,0,On Time,High
C0302,Customer_0302,7000,25.0,1750.0,8750.0,583.33,15,10,583.33,2026-05-14,2026-05-14,0,2916.7,4,0,On Time,High
C0303,Customer_0303,20000,25.0,5000.0,25000.0,2500.0,10,1,2500.0,2026-05-14,2026-05-14,0,22500.0,0,0,On Time,Low
C0303,Customer_0303,20000,25.0,5000.0,25000.0,2500.0,10,2,2500.0,2026-05-21,2026-05-21,0,20000.0,0,0,On Time,Low
C0303,Customer_0303,20000,25.0,5000.0,25000.0,2500.0,10,3,2500.0,2026-05-28,2026-05-28,0,17500.0,0,0,On Time,Low
C0303,Customer_0303,20000,25.0,5000.0,25000.0,2500.0,10,4,0.0,2026-06-04,,18,17500.0,0,1,Missed,Medium
C0303,Customer_0303,20000,25.0,5000.0,25000.0,2500.0,10,5,0.0,2026-06-11,,7,17500.0,0,2,Missed,High
C0303,Customer_0303,20000,25.0,5000.0,25000.0,2500.0,10,6,2500.0,2026-06-18,2026-06-18,0,15000.0,0,2,On Time,High
C0303,Customer_0303,20000,25.0,5000.0,25000.0,2500.0,10,7,2500.0,2026-06-25,2026-06-25,0,12500.0,0,2,On Time,High
C0303,Customer_0303,20000,25.0,5000.0,25000.0,2500.0,10,8,2500.0,2026-07-02,2026-07-02,0,10000.0,0,2,On Time,High
C0303,Customer_0303,20000,25.0,5000.0,25000.0,2500.0,10,9,0.0,2026-07-09,,8,10000.0,0,3,Missed,High
C0303,Customer_0303,20000,25.0,5000.0,25000.0,2500.0,10,10,2000.0,2026-07-16,2026-07-23,7,8000.0,1,3,Late,High
C0304,Customer_0304,20000,25.0,5000.0,25000.0,1250.0,20,1,1250.0,2026-06-03,2026-06-10,7,23750.0,1,0,Late,Medium
C0304,Customer_0304,20000,25.0,5000.0,25000.0,1250.0,20,2,1250.0,2026-06-10,2026-06-10,0,22500.0,1,0,On Time,Medium
C0304,Customer_0304,20000,25.0,5000.0,25000.0,1250.0,20,3,1250.0,2026-06-17,2026-06-17,0,21250.0,1,0,On Time,Medium
C0304,Customer_0304,20000,25.0,5000.0,25000.0,1250.0,20,4,1250.0,2026-06-24,2026-06-24,0,20000.0,1,0,On Time,Medium
C0304,Customer_0304,20000,25.0,5000.0,25000.0,1250.0,20,5,1250.0,2026-07-01,2026-07-03,2,18750.0,2,0,Late,Medium
C0304,Customer_0304,20000,25.0,5000.0,25000.0,1250.0,20,6,0.0,2026-07-08,,15,18750.0,2,1,Missed,Medium
C0304,Customer_0304,20000,25.0,5000.0,25000.0,1250.0,20,7,1250.0,2026-07-15,2026-07-15,0,17500.0,2,1,On Time,Medium
C0304,Customer_0304,20000,25.0,5000.0,25000.0,1250.0,20,8,1250.0,2026-07-22,2026-07-22,0,16250.0,2,1,On Time,Medium
C0304,Customer_0304,20000,25.0,5000.0,25000.0,1250.0,20,9,1250.0,2026-07-29,2026-07-29,0,15000.0,2,1,On Time,Medium
C0304,Customer_0304,20000,25.0,5000.0,25000.0,1250.0,20,10,1250.0,2026-08-05,2026-08-05,0,13750.0,2,1,On Time,Medium
C0305,Customer_0305,5000,20.0,1000.0,6000.0,400.0,15,1,400.0,2026-05-29,2026-05-29,0,5600.0,0,0,On Time,Low
C0305,Customer_0305,5000,20.0,1000.0,6000.0,400.0,15,2,400.0,2026-06-05,2026-06-05,0,5200.0,0,0,On Time,Low
C0305,Customer_0305,5000,20.0,1000.0,6000.0,400.0,15,3,400.0,2026-06-12,2026-06-12,0,4800.0,0,0,On Time,Low
C0305,Customer_0305,5000,20.0,1000.0,6000.0,400.0,15,4,400.0,2026-06-19,2026-06-19,0,4400.0,0,0,On Time,Low
C0305,Customer_0305,5000,20.0,1000.0,6000.0,400.0,15,5,400.0,2026-06-26,2026-06-26,0,4000.0,0,0,On Time,Low
C0305,Customer_0305,5000,20.0,1000.0,6000.0,400.0,15,6,400.0,2026-07-03,2026-07-03,0,3600.0,0,0,On Time,Low
C0305,Customer_0305,5000,20.0,1000.0,6000.0,400.0,15,7,400.0,2026-07-10,2026-07-10,0,3200.0,0,0,On Time,Low
C0305,Customer_0305,5000,20.0,1000.0,6000.0,400.0,15,8,400.0,2026-07-17,2026-07-31,14,2800.0,1,0,Late,Medium
C0305,Customer_0305,5000,20.0,1000.0,6000.0,400.0,15,9,320.0,2026-07-24,2026-08-07,14,2480.0,2,0,Late,Medium
C0305,Customer_0305,5000,20.0,1000.0,6000.0,400.0,15,10,400.0,2026-07-31,2026-07-31,0,2080.0,2,0,On Time,Medium
C0306,Customer_0306,5000,20.0,1000.0,6000.0,400.0,15,1,400.0,2026-04-24,2026-05-03,9,5600.0,1,0,Late,Medium
C0306,Customer_0306,5000,20.0,1000.0,6000.0,400.0,15,2,400.0,2026-05-01,2026-05-11,10,5200.0,2,0,Late,Medium
C0306,Customer_0306,5000,20.0,1000.0,6000.0,400.0,15,3,400.0,2026-05-08,2026-05-08,0,4800.0,2,0,On Time,Medium
C0306,Customer_0306,5000,20.0,1000.0,6000.0,400.0,15,4,400.0,2026-05-15,2026-05-15,0,4400.0,2,0,On Time,Medium
C0306,Customer_0306,5000,20.0,1000.0,6000.0,400.0,15,5,400.0,2026-05-22,2026-05-22,0,4000.0,2,0,On Time,Medium
C0306,Customer_0306,5000,20.0,1000.0,6000.0,400.0,15,6,400.0,2026-05-29,2026-05-29,0,3600.0,2,0,On Time,Medium
C0306,Customer_0306,5000,20.0,1000.0,6000.0,400.0,15,7,400.0,2026-06-05,2026-06-05,0,3200.0,2,0,On Time,Medium
C0306,Customer_0306,5000,20.0,1000.0,6000.0,400.0,15,8,400.0,2026-06-12,2026-06-12,0,2800.0,2,0,On Time,Medium
C0306,Customer_0306,5000,20.0,1000.0,6000.0,400.0,15,9,400.0,2026-06-19,2026-06-19,0,2400.0,2,0,On Time,Medium
C0306,Customer_0306,5000,20.0,1000.0,6000.0,400.0,15,10,400.0,2026-06-26,2026-06-26,0,2000.0,2,0,On Time,Medium
C0307,Customer_0307,3000,30.0,900.0,3900.0,195.0,20,1,195.0,2026-02-26,2026-02-26,0,3705.0,0,0,On Time,Low
C0307,Customer_0307,3000,30.0,900.0,3900.0,195.0,20,2,195.0,2026-03-05,2026-03-05,0,3510.0,0,0,On Time,Low
C0307,Customer_0307,3000,30.0,900.0,3900.0,195.0,20,3,195.0,2026-03-12,2026-03-12,0,3315.0,0,0,On Time,Low
C0307,Customer_0307,3000,30.0,900.0,3900.0,195.0,20,4,195.0,2026-03-19,2026-03-19,0,3120.0,0,0,On Time,Low
C0307,Customer_0307,3000,30.0,900.0,3900.0,195.0,20,5,0.0,2026-03-26,,27,3120.0,0,1,Missed,Medium
C0307,Customer_0307,3000,30.0,900.0,3900.0,195.0,20,6,195.0,2026-04-02,2026-04-02,0,2925.0,0,1,On Time,Medium
C0307,Customer_0307,3000,30.0,900.0,3900.0,195.0,20,7,195.0,2026-04-09,2026-04-09,0,2730.0,0,1,On Time,Medium
C0307,Customer_0307,3000,30.0,900.0,3900.0,195.0,20,8,156.0,2026-04-16,2026-04-21,5,2574.0,1,1,Late,Medium
C0307,Customer_0307,3000,30.0,900.0,3900.0,195.0,20,9,195.0,2026-04-23,2026-04-23,0,2379.0,1,1,On Time,Medium
C0307,Customer_0307,3000,30.0,900.0,3900.0,195.0,20,10,195.0,2026-04-30,2026-04-30,0,2184.0,1,1,On Time,Medium
C0308,Customer_0308,5000,15.0,750.0,5750.0,718.75,8,1,862.5,2026-01-18,2026-01-23,5,4887.5,1,0,Late,Medium
C0308,Customer_0308,5000,15.0,750.0,5750.0,718.75,8,2,718.75,2026-01-25,2026-01-25,0,4168.75,1,0,On Time,Medium
C0308,Customer_0308,5000,15.0,750.0,5750.0,718.75,8,3,718.75,2026-02-01,2026-02-01,0,3450.0,1,0,On Time,Medium
C0308,Customer_0308,5000,15.0,750.0,5750.0,718.75,8,4,575.0,2026-02-08,2026-02-12,4,2875.0,2,0,Late,Medium
C0308,Customer_0308,5000,15.0,750.0,5750.0,718.75,8,5,0.0,2026-02-15,,26,2875.0,2,1,Missed,Medium
C0308,Customer_0308,5000,15.0,750.0,5750.0,718.75,8,6,718.75,2026-02-22,2026-02-22,0,2156.25,2,1,On Time,Medium
C0308,Customer_0308,5000,15.0,750.0,5750.0,718.75,8,7,718.75,2026-03-01,2026-03-01,0,1437.5,2,1,On Time,Medium
C0308,Customer_0308,5000,15.0,750.0,5750.0,718.75,8,8,718.75,2026-03-08,2026-03-08,0,718.75,2,1,On Time,Medium
C0308,Customer_0308,5000,15.0,750.0,5750.0,718.75,8,9,718.75,2026-03-15,2026-03-15,0,0.0,2,1,On Time,Medium
C0308,Customer_0308,5000,15.0,750.0,5750.0,718.75,8,10,718.75,2026-03-22,2026-03-22,0,0.0,2,1,On Time,Medium
C0309,Customer_0309,10000,15.0,1500.0,11500.0,958.33,12,1,0.0,2026-03-31,,20,11500.0,0,1,Missed,Medium
C0309,Customer_0309,10000,15.0,1500.0,11500.0,958.33,12,2,0.0,2026-04-07,,24,11500.0,0,2,Missed,High
C0309,Customer_0309,10000,15.0,1500.0,11500.0,958.33,12,3,958.33,2026-04-14,2026-04-16,2,10541.67,1,2,Late,High
C0309,Customer_0309,10000,15.0,1500.0,11500.0,958.33,12,4,0.0,2026-04-21,,25,10541.67,1,3,Missed,High
C0309,Customer_0309,10000,15.0,1500.0,11500.0,958.33,12,5,958.33,2026-04-28,2026-04-28,0,9583.34,1,3,On Time,High
C0309,Customer_0309,10000,15.0,1500.0,11500.0,958.33,12,6,766.66,2026-05-05,2026-05-13,8,8816.68,2,3,Late,High
C0309,Customer_0309,10000,15.0,1500.0,11500.0,958.33,12,7,958.33,2026-05-12,2026-05-12,0,7858.35,2,3,On Time,High
C0309,Customer_0309,10000,15.0,1500.0,11500.0,958.33,12,8,958.33,2026-05-19,2026-05-19,0,6900.02,2,3,On Time,High
C0309,Customer_0309,10000,15.0,1500.0,11500.0,958.33,12,9,958.33,2026-05-26,2026-06-03,8,5941.69,3,3,Late,High
C0309,Customer_0309,10000,15.0,1500.0,11500.0,958.33,12,10,766.66,2026-06-02,2026-06-08,6,5175.03,4,3,Late,High
C0310,Customer_0310,20000,20.0,4000.0,24000.0,1600.0,15,1,1600.0,2026-05-24,2026-05-24,0,22400.0,0,0,On Time,Low
C0310,Customer_0310,20000,20.0,4000.0,24000.0,1600.0,15,2,1280.0,2026-05-31,2026-06-01,1,21120.0,1,0,Late,Medium
C0310,Customer_0310,20000,20.0,4000.0,24000.0,1600.0,15,3,1600.0,2026-06-07,2026-06-07,0,19520.0,1,0,On Time,Medium
C0310,Customer_0310,20000,20.0,4000.0,24000.0,1600.0,15,4,1600.0,2026-06-14,2026-06-14,0,17920.0,1,0,On Time,Medium
C0310,Customer_0310,20000,20.0,4000.0,24000.0,1600.0,15,5,1600.0,2026-06-21,2026-06-21,0,16320.0,1,0,On Time,Medium
C0310,Customer_0310,20000,20.0,4000.0,24000.0,1600.0,15,6,1600.0,2026-06-28,2026-06-28,0,14720.0,1,0,On Time,Medium
C0310,Customer_0310,20000,20.0,4000.0,24000.0,1600.0,15,7,1600.0,2026-07-05,2026-07-05,0,13120.0,1,0,On Time,Medium
C0310,Customer_0310,20000,20.0,4000.0,24000.0,1600.0,15,8,1600.0,2026-07-12,2026-07-12,0,11520.0,1,0,On Time,Medium
C0310,Customer_0310,20000,20.0,4000.0,24000.0,1600.0,15,9,1600.0,2026-07-19,2026-07-19,0,9920.0,1,0,On Time,Medium
C0310,Customer_0310,20000,20.0,4000.0,24000.0,1600.0,15,10,1600.0,2026-07-26,2026-08-06,11,8320.0,2,0,Late,Medium
C0311,Customer_0311,5000,20.0,1000.0,6000.0,750.0,8,1,750.0,2026-01-26,2026-01-26,0,5250.0,0,0,On Time,Low
C0311,Customer_0311,5000,20.0,1000.0,6000.0,750.0,8,2,750.0,2026-02-02,2026-02-02,0,4500.0,0,0,On Time,Low
C0311,Customer_0311,5000,20.0,1000.0,6000.0,750.0,8,3,750.0,2026-02-09,2026-02-09,0,3750.0,0,0,On Time,Low
C0311,Customer_0311,5000,20.0,1000.0,6000.0,750.0,8,4,750.0,2026-02-16,2026-02-16,0,3000.0,0,0,On Time,Low
C0311,Customer_0311,5000,20.0,1000.0,6000.0,750.0,8,5,750.0,2026-02-23,2026-02-23,0,2250.0,0,0,On Time,Low
C0311,Customer_0311,5000,20.0,1000.0,6000.0,750.0,8,6,750.0,2026-03-02,2026-03-02,0,1500.0,0,0,On Time,Low
C0311,Customer_0311,5000,20.0,1000.0,6000.0,750.0,8,7,600.0,2026-03-09,2026-03-21,12,900.0,1,0,Late,Medium
C0311,Customer_0311,5000,20.0,1000.0,6000.0,750.0,8,8,0.0,2026-03-16,,7,900.0,1,1,Missed,Medium
C0311,Customer_0311,5000,20.0,1000.0,6000.0,750.0,8,9,900.0,2026-03-23,2026-04-06,14,0.0,2,1,Late,Medium
C0311,Customer_0311,5000,20.0,1000.0,6000.0,750.0,8,10,750.0,2026-03-30,2026-03-30,0,0.0,2,1,On Time,Medium
C0312,Customer_0312,5000,15.0,750.0,5750.0,383.33,15,1,383.33,2026-02-17,2026-02-17,0,5366.67,0,0,On Time,Low
C0312,Customer_0312,5000,15.0,750.0,5750.0,383.33,15,2,383.33,2026-02-24,2026-02-24,0,4983.34,0,0,On Time,Low
C0312,Customer_0312,5000,15.0,750.0,5750.0,383.33,15,3,0.0,2026-03-03,,21,4983.34,0,1,Missed,Medium
C0312,Customer_0312,5000,15.0,750.0,5750.0,383.33,15,4,383.33,2026-03-10,2026-03-10,0,4600.01,0,1,On Time,Medium
C0312,Customer_0312,5000,15.0,750.0,5750.0,383.33,15,5,383.33,2026-03-17,2026-03-17,0,4216.68,0,1,On Time,Medium
C0312,Customer_0312,5000,15.0,750.0,5750.0,383.33,15,6,383.33,2026-03-24,2026-03-24,0,3833.35,0,1,On Time,Medium
C0312,Customer_0312,5000,15.0,750.0,5750.0,383.33,15,7,460.0,2026-03-31,2026-04-11,11,3373.35,1,1,Late,Medium
C0312,Customer_0312,5000,15.0,750.0,5750.0,383.33,15,8,0.0,2026-04-07,,29,3373.35,1,2,Missed,High
C0312,Customer_0312,5000,15.0,750.0,5750.0,383.33,15,9,383.33,2026-04-14,2026-04-18,4,2990.02,2,2,Late,High
C0312,Customer_0312,5000,15.0,750.0,5750.0,383.33,15,10,383.33,2026-04-21,2026-04-21,0,2606.69,2,2,On Time,High
C0313,Customer_0313,7000,20.0,1400.0,8400.0,560.0,15,1,560.0,2026-05-14,2026-05-14,0,7840.0,0,0,On Time,Low
C0313,Customer_0313,7000,20.0,1400.0,8400.0,560.0,15,2,560.0,2026-05-21,2026-05-21,0,7280.0,0,0,On Time,Low
C0313,Customer_0313,7000,20.0,1400.0,8400.0,560.0,15,3,560.0,2026-05-28,2026-05-28,0,6720.0,0,0,On Time,Low
C0313,Customer_0313,7000,20.0,1400.0,8400.0,560.0,15,4,560.0,2026-06-04,2026-06-18,14,6160.0,1,0,Late,Medium
C0313,Customer_0313,7000,20.0,1400.0,8400.0,560.0,15,5,560.0,2026-06-11,2026-06-11,0,5600.0,1,0,On Time,Medium
C0313,Customer_0313,7000,20.0,1400.0,8400.0,560.0,15,6,560.0,2026-06-18,2026-06-18,0,5040.0,1,0,On Time,Medium
C0313,Customer_0313,7000,20.0,1400.0,8400.0,560.0,15,7,560.0,2026-06-25,2026-06-25,0,4480.0,1,0,On Time,Medium
C0313,Customer_0313,7000,20.0,1400.0,8400.0,560.0,15,8,560.0,2026-07-02,2026-07-02,0,3920.0,1,0,On Time,Medium
C0313,Customer_0313,7000,20.0,1400.0,8400.0,560.0,15,9,560.0,2026-07-09,2026-07-09,0,3360.0,1,0,On Time,Medium
C0313,Customer_0313,7000,20.0,1400.0,8400.0,560.0,15,10,448.0,2026-07-16,2026-07-23,7,2912.0,2,0,Late,Medium
C0314,Customer_0314,7000,15.0,1050.0,8050.0,670.83,12,1,670.83,2026-05-23,2026-05-23,0,7379.17,0,0,On Time,Low
C0314,Customer_0314,7000,15.0,1050.0,8050.0,670.83,12,2,670.83,2026-05-30,2026-05-30,0,6708.34,0,0,On Time,Low
C0314,Customer_0314,7000,15.0,1050.0,8050.0,670.83,12,3,536.66,2026-06-06,2026-06-15,9,6171.68,1,0,Late,Medium
C0314,Customer_0314,7000,15.0,1050.0,8050.0,670.83,12,4,670.83,2026-06-13,2026-06-13,0,5500.85,1,0,On Time,Medium
C0314,Customer_0314,7000,15.0,1050.0,8050.0,670.83,12,5,670.83,2026-06-20,2026-06-20,0,4830.02,1,0,On Time,Medium
C0314,Customer_0314,7000,15.0,1050.0,8050.0,670.83,12,6,670.83,2026-06-27,2026-06-27,0,4159.19,1,0,On Time,Medium
C0314,Customer_0314,7000,15.0,1050.0,8050.0,670.83,12,7,670.83,2026-07-04,2026-07-04,0,3488.36,1,0,On Time,Medium
C0314,Customer_0314,7000,15.0,1050.0,8050.0,670.83,12,8,670.83,2026-07-11,2026-07-11,0,2817.53,1,0,On Time,Medium
C0314,Customer_0314,7000,15.0,1050.0,8050.0,670.83,12,9,670.83,2026-07-18,2026-07-18,0,2146.7,1,0,On Time,Medium
C0314,Customer_0314,7000,15.0,1050.0,8050.0,670.83,12,10,805.0,2026-07-25,2026-08-07,13,1341.7,2,0,Late,Medium
C0315,Customer_0315,7000,25.0,1750.0,8750.0,875.0,10,1,875.0,2026-05-20,2026-05-20,0,7875.0,0,0,On Time,Low
C0315,Customer_0315,7000,25.0,1750.0,8750.0,875.0,10,2,875.0,2026-05-27,2026-05-27,0,7000.0,0,0,On Time,Low
C0315,Customer_0315,7000,25.0,1750.0,8750.0,875.0,10,3,875.0,2026-06-03,2026-06-03,0,6125.0,0,0,On Time,Low
C0315,Customer_0315,7000,25.0,1750.0,8750.0,875.0,10,4,700.0,2026-06-10,2026-06-11,1,5425.0,1,0,Late,Medium
C0315,Customer_0315,7000,25.0,1750.0,8750.0,875.0,10,5,875.0,2026-06-17,2026-06-20,3,4550.0,2,0,Late,Medium
C0315,Customer_0315,7000,25.0,1750.0,8750.0,875.0,10,6,875.0,2026-06-24,2026-06-24,0,3675.0,2,0,On Time,Medium
C0315,Customer_0315,7000,25.0,1750.0,8750.0,875.0,10,7,875.0,2026-07-01,2026-07-01,0,2800.0,2,0,On Time,Medium
C0315,Customer_0315,7000,25.0,1750.0,8750.0,875.0,10,8,875.0,2026-07-08,2026-07-08,0,1925.0,2,0,On Time,Medium
C0315,Customer_0315,7000,25.0,1750.0,8750.0,875.0,10,9,700.0,2026-07-15,2026-07-21,6,1225.0,3,0,Late,High
C0315,Customer_0315,7000,25.0,1750.0,8750.0,875.0,10,10,875.0,2026-07-22,2026-07-27,5,350.0,4,0,Late,High
C0316,Customer_0316,7000,20.0,1400.0,8400.0,560.0,15,1,560.0,2026-03-22,2026-03-30,8,7840.0,1,0,Late,Medium
C0316,Customer_0316,7000,20.0,1400.0,8400.0,560.0,15,2,560.0,2026-03-29,2026-03-29,0,7280.0,1,0,On Time,Medium
C0316,Customer_0316,7000,20.0,1400.0,8400.0,560.0,15,3,560.0,2026-04-05,2026-04-05,0,6720.0,1,0,On Time,Medium
C0316,Customer_0316,7000,20.0,1400.0,8400.0,560.0,15,4,560.0,2026-04-12,2026-04-12,0,6160.0,1,0,On Time,Medium
C0316,Customer_0316,7000,20.0,1400.0,8400.0,560.0,15,5,560.0,2026-04-19,2026-04-19,0,5600.0,1,0,On Time,Medium
C0316,Customer_0316,7000,20.0,1400.0,8400.0,560.0,15,6,560.0,2026-04-26,2026-04-26,0,5040.0,1,0,On Time,Medium
C0316,Customer_0316,7000,20.0,1400.0,8400.0,560.0,15,7,560.0,2026-05-03,2026-05-03,0,4480.0,1,0,On Time,Medium
C0316,Customer_0316,7000,20.0,1400.0,8400.0,560.0,15,8,560.0,2026-05-10,2026-05-10,0,3920.0,1,0,On Time,Medium
C0316,Customer_0316,7000,20.0,1400.0,8400.0,560.0,15,9,448.0,2026-05-17,2026-05-21,4,3472.0,2,0,Late,Medium
C0316,Customer_0316,7000,20.0,1400.0,8400.0,560.0,15,10,560.0,2026-05-24,2026-05-24,0,2912.0,2,0,On Time,Medium
C0317,Customer_0317,10000,15.0,1500.0,11500.0,1150.0,10,1,1150.0,2026-01-14,2026-01-19,5,10350.0,1,0,Late,Medium
C0317,Customer_0317,10000,15.0,1500.0,11500.0,1150.0,10,2,1380.0,2026-01-21,2026-01-23,2,8970.0,2,0,Late,Medium
C0317,Customer_0317,10000,15.0,1500.0,11500.0,1150.0,10,3,1150.0,2026-01-28,2026-01-28,0,7820.0,2,0,On Time,Medium
C0317,Customer_0317,10000,15.0,1500.0,11500.0,1150.0,10,4,1150.0,2026-02-04,2026-02-11,7,6670.0,3,0,Late,High
C0317,Customer_0317,10000,15.0,1500.0,11500.0,1150.0,10,5,1150.0,2026-02-11,2026-02-11,0,5520.0,3,0,On Time,High
C0317,Customer_0317,10000,15.0,1500.0,11500.0,1150.0,10,6,1150.0,2026-02-18,2026-02-24,6,4370.0,4,0,Late,High
C0317,Customer_0317,10000,15.0,1500.0,11500.0,1150.0,10,7,1150.0,2026-02-25,2026-03-09,12,3220.0,5,0,Late,High
C0317,Customer_0317,10000,15.0,1500.0,11500.0,1150.0,10,8,1150.0,2026-03-04,2026-03-14,10,2070.0,6,0,Late,High
C0317,Customer_0317,10000,15.0,1500.0,11500.0,1150.0,10,9,1150.0,2026-03-11,2026-03-11,0,920.0,6,0,On Time,High
C0317,Customer_0317,10000,15.0,1500.0,11500.0,1150.0,10,10,1150.0,2026-03-18,2026-03-18,0,0.0,6,0,On Time,High
C0318,Customer_0318,20000,30.0,6000.0,26000.0,2166.67,12,1,1733.34,2026-01-10,2026-01-18,8,24266.66,1,0,Late,Medium
C0318,Customer_0318,20000,30.0,6000.0,26000.0,2166.67,12,2,2166.67,2026-01-17,2026-01-17,0,22099.99,1,0,On Time,Medium
C0318,Customer_0318,20000,30.0,6000.0,26000.0,2166.67,12,3,2166.67,2026-01-24,2026-01-24,0,19933.32,1,0,On Time,Medium
C0318,Customer_0318,20000,30.0,6000.0,26000.0,2166.67,12,4,2166.67,2026-01-31,2026-01-31,0,17766.65,1,0,On Time,Medium
C0318,Customer_0318,20000,30.0,6000.0,26000.0,2166.67,12,5,2166.67,2026-02-07,2026-02-07,0,15599.98,1,0,On Time,Medium
C0318,Customer_0318,20000,30.0,6000.0,26000.0,2166.67,12,6,2600.0,2026-02-14,2026-02-23,9,12999.98,2,0,Late,Medium
C0318,Customer_0318,20000,30.0,6000.0,26000.0,2166.67,12,7,2166.67,2026-02-21,2026-02-21,0,10833.31,2,0,On Time,Medium
C0318,Customer_0318,20000,30.0,6000.0,26000.0,2166.67,12,8,2166.67,2026-02-28,2026-03-11,11,8666.64,3,0,Late,High
C0318,Customer_0318,20000,30.0,6000.0,26000.0,2166.67,12,9,2166.67,2026-03-07,2026-03-07,0,6499.97,3,0,On Time,High
C0318,Customer_0318,20000,30.0,6000.0,26000.0,2166.67,12,10,2166.67,2026-03-14,2026-03-24,10,4333.3,4,0,Late,High
C0319,Customer_0319,5000,15.0,750.0,5750.0,479.17,12,1,479.17,2026-01-23,2026-01-23,0,5270.83,0,0,On Time,Low
C0319,Customer_0319,5000,15.0,750.0,5750.0,479.17,12,2,479.17,2026-01-30,2026-01-30,0,4791.66,0,0,On Time,Low
C0319,Customer_0319,5000,15.0,750.0,5750.0,479.17,12,3,383.34,2026-02-06,2026-02-13,7,4408.32,1,0,Late,Medium
C0319,Customer_0319,5000,15.0,750.0,5750.0,479.17,12,4,479.17,2026-02-13,2026-02-13,0,3929.15,1,0,On Time,Medium
C0319,Customer_0319,5000,15.0,750.0,5750.0,479.17,12,5,479.17,2026-02-20,2026-02-21,1,3449.98,2,0,Late,Medium
C0319,Customer_0319,5000,15.0,750.0,5750.0,479.17,12,6,479.17,2026-02-27,2026-02-27,0,2970.81,2,0,On Time,Medium
C0319,Customer_0319,5000,15.0,750.0,5750.0,479.17,12,7,479.17,2026-03-06,2026-03-06,0,2491.64,2,0,On Time,Medium
C0319,Customer_0319,5000,15.0,750.0,5750.0,479.17,12,8,383.34,2026-03-13,2026-03-19,6,2108.3,3,0,Late,High
C0319,Customer_0319,5000,15.0,750.0,5750.0,479.17,12,9,479.17,2026-03-20,2026-03-28,8,1629.13,4,0,Late,High
C0319,Customer_0319,5000,15.0,750.0,5750.0,479.17,12,10,479.17,2026-03-27,2026-03-27,0,1149.96,4,0,On Time,High
C0320,Customer_0320,20000,30.0,6000.0,26000.0,1300.0,20,1,1300.0,2026-05-18,2026-05-18,0,24700.0,0,0,On Time,Low
C0320,Customer_0320,20000,30.0,6000.0,26000.0,1300.0,20,2,0.0,2026-05-25,,8,24700.0,0,1,Missed,Medium
C0320,Customer_0320,20000,30.0,6000.0,26000.0,1300.0,20,3,0.0,2026-06-01,,10,24700.0,0,2,Missed,High
C0320,Customer_0320,20000,30.0,6000.0,26000.0,1300.0,20,4,1300.0,2026-06-08,2026-06-08,0,23400.0,0,2,On Time,High
C0320,Customer_0320,20000,30.0,6000.0,26000.0,1300.0,20,5,1300.0,2026-06-15,2026-06-15,0,22100.0,0,2,On Time,High
C0320,Customer_0320,20000,30.0,6000.0,26000.0,1300.0,20,6,1300.0,2026-06-22,2026-06-22,0,20800.0,0,2,On Time,High
C0320,Customer_0320,20000,30.0,6000.0,26000.0,1300.0,20,7,1300.0,2026-06-29,2026-07-04,5,19500.0,1,2,Late,High
C0320,Customer_0320,20000,30.0,6000.0,26000.0,1300.0,20,8,1300.0,2026-07-06,2026-07-06,0,18200.0,1,2,On Time,High
C0320,Customer_0320,20000,30.0,6000.0,26000.0,1300.0,20,9,1300.0,2026-07-13,2026-07-13,0,16900.0,1,2,On Time,High
C0320,Customer_0320,20000,30.0,6000.0,26000.0,1300.0,20,10,1300.0,2026-07-20,2026-07-20,0,15600.0,1,2,On Time,High
C0321,Customer_0321,3000,30.0,900.0,3900.0,390.0,10,1,390.0,2026-02-22,2026-02-22,0,3510.0,0,0,On Time,Low
C0321,Customer_0321,3000,30.0,900.0,3900.0,390.0,10,2,390.0,2026-03-01,2026-03-01,0,3120.0,0,0,On Time,Low
C0321,Customer_0321,3000,30.0,900.0,3900.0,390.0,10,3,390.0,2026-03-08,2026-03-08,0,2730.0,0,0,On Time,Low
C0321,Customer_0321,3000,30.0,900.0,3900.0,390.0,10,4,390.0,2026-03-15,2026-03-15,0,2340.0,0,0,On Time,Low
C0321,Customer_0321,3000,30.0,900.0,3900.0,390.0,10,5,390.0,2026-03-22,2026-03-22,0,1950.0,0,0,On Time,Low
C0321,Customer_0321,3000,30.0,900.0,3900.0,390.0,10,6,390.0,2026-03-29,2026-03-29,0,1560.0,0,0,On Time,Low
C0321,Customer_0321,3000,30.0,900.0,3900.0,390.0,10,7,390.0,2026-04-05,2026-04-05,0,1170.0,0,0,On Time,Low
C0321,Customer_0321,3000,30.0,900.0,3900.0,390.0,10,8,390.0,2026-04-12,2026-04-12,0,780.0,0,0,On Time,Low
C0321,Customer_0321,3000,30.0,900.0,3900.0,390.0,10,9,390.0,2026-04-19,2026-04-19,0,390.0,0,0,On Time,Low
C0321,Customer_0321,3000,30.0,900.0,3900.0,390.0,10,10,390.0,2026-04-26,2026-05-07,11,0.0,1,0,Late,Medium
C0322,Customer_0322,10000,30.0,3000.0,13000.0,1300.0,10,1,1560.0,2026-03-18,2026-03-20,2,11440.0,1,0,Late,Medium
C0322,Customer_0322,10000,30.0,3000.0,13000.0,1300.0,10,2,1300.0,2026-03-25,2026-03-25,0,10140.0,1,0,On Time,Medium
C0322,Customer_0322,10000,30.0,3000.0,13000.0,1300.0,10,3,1300.0,2026-04-01,2026-04-01,0,8840.0,1,0,On Time,Medium
C0322,Customer_0322,10000,30.0,3000.0,13000.0,1300.0,10,4,1560.0,2026-04-08,2026-04-15,7,7280.0,2,0,Late,Medium
C0322,Customer_0322,10000,30.0,3000.0,13000.0,1300.0,10,5,1300.0,2026-04-15,2026-04-15,0,5980.0,2,0,On Time,Medium
C0322,Customer_0322,10000,30.0,3000.0,13000.0,1300.0,10,6,1560.0,2026-04-22,2026-04-27,5,4420.0,3,0,Late,High
C0322,Customer_0322,10000,30.0,3000.0,13000.0,1300.0,10,7,1300.0,2026-04-29,2026-04-29,0,3120.0,3,0,On Time,High
C0322,Customer_0322,10000,30.0,3000.0,13000.0,1300.0,10,8,1300.0,2026-05-06,2026-05-06,0,1820.0,3,0,On Time,High
C0322,Customer_0322,10000,30.0,3000.0,13000.0,1300.0,10,9,1040.0,2026-05-13,2026-05-18,5,780.0,4,0,Late,High
C0322,Customer_0322,10000,30.0,3000.0,13000.0,1300.0,10,10,1300.0,2026-05-20,2026-05-20,0,0.0,4,0,On Time,High
C0323,Customer_0323,5000,30.0,1500.0,6500.0,433.33,15,1,433.33,2026-06-09,2026-06-09,0,6066.67,0,0,On Time,Low
C0323,Customer_0323,5000,30.0,1500.0,6500.0,433.33,15,2,433.33,2026-06-16,2026-06-16,0,5633.34,0,0,On Time,Low
C0323,Customer_0323,5000,30.0,1500.0,6500.0,433.33,15,3,433.33,2026-06-23,2026-06-23,0,5200.01,0,0,On Time,Low
C0323,Customer_0323,5000,30.0,1500.0,6500.0,433.33,15,4,433.33,2026-06-30,2026-06-30,0,4766.68,0,0,On Time,Low
C0323,Customer_0323,5000,30.0,1500.0,6500.0,433.33,15,5,433.33,2026-07-07,2026-07-07,0,4333.35,0,0,On Time,Low
C0323,Customer_0323,5000,30.0,1500.0,6500.0,433.33,15,6,346.66,2026-07-14,2026-07-19,5,3986.69,1,0,Late,Medium
C0323,Customer_0323,5000,30.0,1500.0,6500.0,433.33,15,7,0.0,2026-07-21,,27,3986.69,1,1,Missed,Medium
C0323,Customer_0323,5000,30.0,1500.0,6500.0,433.33,15,8,433.33,2026-07-28,2026-07-28,0,3553.36,1,1,On Time,Medium
C0323,Customer_0323,5000,30.0,1500.0,6500.0,433.33,15,9,433.33,2026-08-04,2026-08-04,0,3120.03,1,1,On Time,Medium
C0323,Customer_0323,5000,30.0,1500.0,6500.0,433.33,15,10,0.0,2026-08-11,,14,3120.03,1,2,Missed,High
C0324,Customer_0324,15000,25.0,3750.0,18750.0,1562.5,12,1,1562.5,2026-05-24,2026-05-24,0,17187.5,0,0,On Time,Low
C0324,Customer_0324,15000,25.0,3750.0,18750.0,1562.5,12,2,0.0,2026-05-31,,14,17187.5,0,1,Missed,Medium
C0324,Customer_0324,15000,25.0,3750.0,18750.0,1562.5,12,3,1562.5,2026-06-07,2026-06-07,0,15625.0,0,1,On Time,Medium
C0324,Customer_0324,15000,25.0,3750.0,18750.0,1562.5,12,4,1562.5,2026-06-14,2026-06-14,0,14062.5,0,1,On Time,Medium
C0324,Customer_0324,15000,25.0,3750.0,18750.0,1562.5,12,5,1562.5,2026-06-21,2026-06-21,0,12500.0,0,1,On Time,Medium
C0324,Customer_0324,15000,25.0,3750.0,18750.0,1562.5,12,6,1562.5,2026-06-28,2026-06-28,0,10937.5,0,1,On Time,Medium
C0324,Customer_0324,15000,25.0,3750.0,18750.0,1562.5,12,7,1875.0,2026-07-05,2026-07-06,1,9062.5,1,1,Late,Medium
C0324,Customer_0324,15000,25.0,3750.0,18750.0,1562.5,12,8,1562.5,2026-07-12,2026-07-12,0,7500.0,1,1,On Time,Medium
C0324,Customer_0324,15000,25.0,3750.0,18750.0,1562.5,12,9,1562.5,2026-07-19,2026-07-19,0,5937.5,1,1,On Time,Medium
C0324,Customer_0324,15000,25.0,3750.0,18750.0,1562.5,12,10,0.0,2026-07-26,,28,5937.5,1,2,Missed,High
C0325,Customer_0325,10000,30.0,3000.0,13000.0,1083.33,12,1,1083.33,2026-04-20,2026-04-20,0,11916.67,0,0,On Time,Low
C0325,Customer_0325,10000,30.0,3000.0,13000.0,1083.33,12,2,1083.33,2026-04-27,2026-04-27,0,10833.34,0,0,On Time,Low
C0325,Customer_0325,10000,30.0,3000.0,13000.0,1083.33,12,3,1083.33,2026-05-04,2026-05-04,0,9750.01,0,0,On Time,Low
C0325,Customer_0325,10000,30.0,3000.0,13000.0,1083.33,12,4,1083.33,2026-05-11,2026-05-21,10,8666.68,1,0,Late,Medium
C0325,Customer_0325,10000,30.0,3000.0,13000.0,1083.33,12,5,1083.33,2026-05-18,2026-05-18,0,7583.35,1,0,On Time,Medium
C0325,Customer_0325,10000,30.0,3000.0,13000.0,1083.33,12,6,1083.33,2026-05-25,2026-05-25,0,6500.02,1,0,On Time,Medium
C0325,Customer_0325,10000,30.0,3000.0,13000.0,1083.33,12,7,1083.33,2026-06-01,2026-06-01,0,5416.69,1,0,On Time,Medium
C0325,Customer_0325,10000,30.0,3000.0,13000.0,1083.33,12,8,1083.33,2026-06-08,2026-06-08,0,4333.36,1,0,On Time,Medium
C0325,Customer_0325,10000,30.0,3000.0,13000.0,1083.33,12,9,0.0,2026-06-15,,25,4333.36,1,1,Missed,Medium
C0325,Customer_0325,10000,30.0,3000.0,13000.0,1083.33,12,10,1083.33,2026-06-22,2026-06-22,0,3250.03,1,1,On Time,Medium
C0326,Customer_0326,3000,25.0,750.0,3750.0,187.5,20,1,187.5,2026-03-24,2026-03-24,0,3562.5,0,0,On Time,Low
C0326,Customer_0326,3000,25.0,750.0,3750.0,187.5,20,2,187.5,2026-03-31,2026-03-31,0,3375.0,0,0,On Time,Low
C0326,Customer_0326,3000,25.0,750.0,3750.0,187.5,20,3,0.0,2026-04-07,,24,3375.0,0,1,Missed,Medium
C0326,Customer_0326,3000,25.0,750.0,3750.0,187.5,20,4,187.5,2026-04-14,2026-04-14,0,3187.5,0,1,On Time,Medium
C0326,Customer_0326,3000,25.0,750.0,3750.0,187.5,20,5,187.5,2026-04-21,2026-04-21,0,3000.0,0,1,On Time,Medium
C0326,Customer_0326,3000,25.0,750.0,3750.0,187.5,20,6,187.5,2026-04-28,2026-04-28,0,2812.5,0,1,On Time,Medium
C0326,Customer_0326,3000,25.0,750.0,3750.0,187.5,20,7,187.5,2026-05-05,2026-05-05,0,2625.0,0,1,On Time,Medium
C0326,Customer_0326,3000,25.0,750.0,3750.0,187.5,20,8,187.5,2026-05-12,2026-05-12,0,2437.5,0,1,On Time,Medium
C0326,Customer_0326,3000,25.0,750.0,3750.0,187.5,20,9,187.5,2026-05-19,2026-05-19,0,2250.0,0,1,On Time,Medium
C0326,Customer_0326,3000,25.0,750.0,3750.0,187.5,20,10,187.5,2026-05-26,2026-05-29,3,2062.5,1,1,Late,Medium
C0327,Customer_0327,20000,25.0,5000.0,25000.0,3125.0,8,1,3125.0,2026-04-15,2026-04-15,0,21875.0,0,0,On Time,Low
C0327,Customer_0327,20000,25.0,5000.0,25000.0,3125.0,8,2,3125.0,2026-04-22,2026-04-22,0,18750.0,0,0,On Time,Low
C0327,Customer_0327,20000,25.0,5000.0,25000.0,3125.0,8,3,3125.0,2026-04-29,2026-04-29,0,15625.0,0,0,On Time,Low
C0327,Customer_0327,20000,25.0,5000.0,25000.0,3125.0,8,4,3125.0,2026-05-06,2026-05-06,0,12500.0,0,0,On Time,Low
C0327,Customer_0327,20000,25.0,5000.0,25000.0,3125.0,8,5,3125.0,2026-05-13,2026-05-13,0,9375.0,0,0,On Time,Low
C0327,Customer_0327,20000,25.0,5000.0,25000.0,3125.0,8,6,0.0,2026-05-20,,26,9375.0,0,1,Missed,Medium
C0327,Customer_0327,20000,25.0,5000.0,25000.0,3125.0,8,7,3125.0,2026-05-27,2026-05-27,0,6250.0,0,1,On Time,Medium
C0327,Customer_0327,20000,25.0,5000.0,25000.0,3125.0,8,8,3125.0,2026-06-03,2026-06-03,0,3125.0,0,1,On Time,Medium
C0327,Customer_0327,20000,25.0,5000.0,25000.0,3125.0,8,9,3125.0,2026-06-10,2026-06-10,0,0.0,0,1,On Time,Medium
C0327,Customer_0327,20000,25.0,5000.0,25000.0,3125.0,8,10,3125.0,2026-06-17,2026-06-17,0,0.0,0,1,On Time,Medium
C0328,Customer_0328,7000,25.0,1750.0,8750.0,729.17,12,1,729.17,2026-06-23,2026-07-03,10,8020.83,1,0,Late,Medium
C0328,Customer_0328,7000,25.0,1750.0,8750.0,729.17,12,2,729.17,2026-06-30,2026-06-30,0,7291.66,1,0,On Time,Medium
C0328,Customer_0328,7000,25.0,1750.0,8750.0,729.17,12,3,729.17,2026-07-07,2026-07-11,4,6562.49,2,0,Late,Medium
C0328,Customer_0328,7000,25.0,1750.0,8750.0,729.17,12,4,583.34,2026-07-14,2026-07-18,4,5979.15,3,0,Late,High
C0328,Customer_0328,7000,25.0,1750.0,8750.0,729.17,12,5,729.17,2026-07-21,2026-07-21,0,5249.98,3,0,On Time,High
C0328,Customer_0328,7000,25.0,1750.0,8750.0,729.17,12,6,729.17,2026-07-28,2026-07-28,0,4520.81,3,0,On Time,High
C0328,Customer_0328,7000,25.0,1750.0,8750.0,729.17,12,7,729.17,2026-08-04,2026-08-18,14,3791.64,4,0,Late,High
C0328,Customer_0328,7000,25.0,1750.0,8750.0,729.17,12,8,729.17,2026-08-11,2026-08-11,0,3062.47,4,0,On Time,High
C0328,Customer_0328,7000,25.0,1750.0,8750.0,729.17,12,9,729.17,2026-08-18,2026-08-18,0,2333.3,4,0,On Time,High
C0328,Customer_0328,7000,25.0,1750.0,8750.0,729.17,12,10,0.0,2026-08-25,,25,2333.3,4,1,Missed,High
C0329,Customer_0329,7000,20.0,1400.0,8400.0,1050.0,8,1,1050.0,2026-05-04,2026-05-04,0,7350.0,0,0,On Time,Low
C0329,Customer_0329,7000,20.0,1400.0,8400.0,1050.0,8,2,1050.0,2026-05-11,2026-05-11,0,6300.0,0,0,On Time,Low
C0329,Customer_0329,7000,20.0,1400.0,8400.0,1050.0,8,3,1050.0,2026-05-18,2026-05-22,4,5250.0,1,0,Late,Medium
C0329,Customer_0329,7000,20.0,1400.0,8400.0,1050.0,8,4,0.0,2026-05-25,,18,5250.0,1,1,Missed,Medium
C0329,Customer_0329,7000,20.0,1400.0,8400.0,1050.0,8,5,1050.0,2026-06-01,2026-06-01,0,4200.0,1,1,On Time,Medium
C0329,Customer_0329,7000,20.0,1400.0,8400.0,1050.0,8,6,840.0,2026-06-08,2026-06-14,6,3360.0,2,1,Late,Medium
C0329,Customer_0329,7000,20.0,1400.0,8400.0,1050.0,8,7,1050.0,2026-06-15,2026-06-22,7,2310.0,3,1,Late,High
C0329,Customer_0329,7000,20.0,1400.0,8400.0,1050.0,8,8,1050.0,2026-06-22,2026-06-22,0,1260.0,3,1,On Time,High
C0329,Customer_0329,7000,20.0,1400.0,8400.0,1050.0,8,9,1050.0,2026-06-29,2026-06-29,0,210.0,3,1,On Time,High
C0329,Customer_0329,7000,20.0,1400.0,8400.0,1050.0,8,10,1050.0,2026-07-06,2026-07-06,0,0.0,3,1,On Time,High
C0330,Customer_0330,10000,25.0,2500.0,12500.0,833.33,15,1,833.33,2026-06-08,2026-06-08,0,11666.67,0,0,On Time,Low
C0330,Customer_0330,10000,25.0,2500.0,12500.0,833.33,15,2,833.33,2026-06-15,2026-06-15,0,10833.34,0,0,On Time,Low
C0330,Customer_0330,10000,25.0,2500.0,12500.0,833.33,15,3,833.33,2026-06-22,2026-06-22,0,10000.01,0,0,On Time,Low
C0330,Customer_0330,10000,25.0,2500.0,12500.0,833.33,15,4,1000.0,2026-06-29,2026-07-04,5,9000.01,1,0,Late,Medium
C0330,Customer_0330,10000,25.0,2500.0,12500.0,833.33,15,5,833.33,2026-07-06,2026-07-06,0,8166.68,1,0,On Time,Medium
C0330,Customer_0330,10000,25.0,2500.0,12500.0,833.33,15,6,833.33,2026-07-13,2026-07-13,0,7333.35,1,0,On Time,Medium
C0330,Customer_0330,10000,25.0,2500.0,12500.0,833.33,15,7,833.33,2026-07-20,2026-08-03,14,6500.02,2,0,Late,Medium
C0330,Customer_0330,10000,25.0,2500.0,12500.0,833.33,15,8,833.33,2026-07-27,2026-07-27,0,5666.69,2,0,On Time,Medium
C0330,Customer_0330,10000,25.0,2500.0,12500.0,833.33,15,9,833.33,2026-08-03,2026-08-03,0,4833.36,2,0,On Time,Medium
C0330,Customer_0330,10000,25.0,2500.0,12500.0,833.33,15,10,833.33,2026-08-10,2026-08-10,0,4000.03,2,0,On Time,Medium
C0331,Customer_0331,10000,30.0,3000.0,13000.0,1083.33,12,1,1083.33,2026-04-19,2026-04-19,0,11916.67,0,0,On Time,Low
C0331,Customer_0331,10000,30.0,3000.0,13000.0,1083.33,12,2,1083.33,2026-04-26,2026-04-26,0,10833.34,0,0,On Time,Low
C0331,Customer_0331,10000,30.0,3000.0,13000.0,1083.33,12,3,1083.33,2026-05-03,2026-05-03,0,9750.01,0,0,On Time,Low
C0331,Customer_0331,10000,30.0,3000.0,13000.0,1083.33,12,4,1083.33,2026-05-10,2026-05-10,0,8666.68,0,0,On Time,Low
C0331,Customer_0331,10000,30.0,3000.0,13000.0,1083.33,12,5,1083.33,2026-05-17,2026-05-27,10,7583.35,1,0,Late,Medium
C0331,Customer_0331,10000,30.0,3000.0,13000.0,1083.33,12,6,1083.33,2026-05-24,2026-05-24,0,6500.02,1,0,On Time,Medium
C0331,Customer_0331,10000,30.0,3000.0,13000.0,1083.33,12,7,1083.33,2026-05-31,2026-05-31,0,5416.69,1,0,On Time,Medium
C0331,Customer_0331,10000,30.0,3000.0,13000.0,1083.33,12,8,1083.33,2026-06-07,2026-06-07,0,4333.36,1,0,On Time,Medium
C0331,Customer_0331,10000,30.0,3000.0,13000.0,1083.33,12,9,1083.33,2026-06-14,2026-06-14,0,3250.03,1,0,On Time,Medium
C0331,Customer_0331,10000,30.0,3000.0,13000.0,1083.33,12,10,1083.33,2026-06-21,2026-06-21,0,2166.7,1,0,On Time,Medium
C0332,Customer_0332,7000,30.0,2100.0,9100.0,758.33,12,1,758.33,2026-05-29,2026-05-29,0,8341.67,0,0,On Time,Low
C0332,Customer_0332,7000,30.0,2100.0,9100.0,758.33,12,2,758.33,2026-06-05,2026-06-19,14,7583.34,1,0,Late,Medium
C0332,Customer_0332,7000,30.0,2100.0,9100.0,758.33,12,3,758.33,2026-06-12,2026-06-12,0,6825.01,1,0,On Time,Medium
C0332,Customer_0332,7000,30.0,2100.0,9100.0,758.33,12,4,758.33,2026-06-19,2026-06-19,0,6066.68,1,0,On Time,Medium
C0332,Customer_0332,7000,30.0,2100.0,9100.0,758.33,12,5,758.33,2026-06-26,2026-06-26,0,5308.35,1,0,On Time,Medium
C0332,Customer_0332,7000,30.0,2100.0,9100.0,758.33,12,6,606.66,2026-07-03,2026-07-17,14,4701.69,2,0,Late,Medium
C0332,Customer_0332,7000,30.0,2100.0,9100.0,758.33,12,7,758.33,2026-07-10,2026-07-10,0,3943.36,2,0,On Time,Medium
C0332,Customer_0332,7000,30.0,2100.0,9100.0,758.33,12,8,758.33,2026-07-17,2026-07-17,0,3185.03,2,0,On Time,Medium
C0332,Customer_0332,7000,30.0,2100.0,9100.0,758.33,12,9,758.33,2026-07-24,2026-07-24,0,2426.7,2,0,On Time,Medium
C0332,Customer_0332,7000,30.0,2100.0,9100.0,758.33,12,10,758.33,2026-07-31,2026-07-31,0,1668.37,2,0,On Time,Medium
C0333,Customer_0333,10000,20.0,2000.0,12000.0,1500.0,8,1,1200.0,2026-05-21,2026-06-04,14,10800.0,1,0,Late,Medium
C0333,Customer_0333,10000,20.0,2000.0,12000.0,1500.0,8,2,1500.0,2026-05-28,2026-05-28,0,9300.0,1,0,On Time,Medium
C0333,Customer_0333,10000,20.0,2000.0,12000.0,1500.0,8,3,1500.0,2026-06-04,2026-06-04,0,7800.0,1,0,On Time,Medium
C0333,Customer_0333,10000,20.0,2000.0,12000.0,1500.0,8,4,1500.0,2026-06-11,2026-06-11,0,6300.0,1,0,On Time,Medium
C0333,Customer_0333,10000,20.0,2000.0,12000.0,1500.0,8,5,1500.0,2026-06-18,2026-06-18,0,4800.0,1,0,On Time,Medium
C0333,Customer_0333,10000,20.0,2000.0,12000.0,1500.0,8,6,1200.0,2026-06-25,2026-07-02,7,3600.0,2,0,Late,Medium
C0333,Customer_0333,10000,20.0,2000.0,12000.0,1500.0,8,7,1500.0,2026-07-02,2026-07-02,0,2100.0,2,0,On Time,Medium
C0333,Customer_0333,10000,20.0,2000.0,12000.0,1500.0,8,8,1500.0,2026-07-09,2026-07-09,0,600.0,2,0,On Time,Medium
C0333,Customer_0333,10000,20.0,2000.0,12000.0,1500.0,8,9,0.0,2026-07-16,,30,600.0,2,1,Missed,Medium
C0333,Customer_0333,10000,20.0,2000.0,12000.0,1500.0,8,10,0.0,2026-07-23,,26,600.0,2,2,Missed,High
C0334,Customer_0334,10000,20.0,2000.0,12000.0,1500.0,8,1,1500.0,2026-06-05,2026-06-05,0,10500.0,0,0,On Time,Low
C0334,Customer_0334,10000,20.0,2000.0,12000.0,1500.0,8,2,1500.0,2026-06-12,2026-06-12,0,9000.0,0,0,On Time,Low
C0334,Customer_0334,10000,20.0,2000.0,12000.0,1500.0,8,3,1500.0,2026-06-19,2026-06-19,0,7500.0,0,0,On Time,Low
C0334,Customer_0334,10000,20.0,2000.0,12000.0,1500.0,8,4,0.0,2026-06-26,,25,7500.0,0,1,Missed,Medium
C0334,Customer_0334,10000,20.0,2000.0,12000.0,1500.0,8,5,1500.0,2026-07-03,2026-07-03,0,6000.0,0,1,On Time,Medium
C0334,Customer_0334,10000,20.0,2000.0,12000.0,1500.0,8,6,0.0,2026-07-10,,9,6000.0,0,2,Missed,High
C0334,Customer_0334,10000,20.0,2000.0,12000.0,1500.0,8,7,1500.0,2026-07-17,2026-07-26,9,4500.0,1,2,Late,High
C0334,Customer_0334,10000,20.0,2000.0,12000.0,1500.0,8,8,1500.0,2026-07-24,2026-07-24,0,3000.0,1,2,On Time,High
C0334,Customer_0334,10000,20.0,2000.0,12000.0,1500.0,8,9,1200.0,2026-07-31,2026-08-06,6,1800.0,2,2,Late,High
C0334,Customer_0334,10000,20.0,2000.0,12000.0,1500.0,8,10,1500.0,2026-08-07,2026-08-07,0,300.0,2,2,On Time,High
C0335,Customer_0335,10000,30.0,3000.0,13000.0,866.67,15,1,1040.0,2026-04-19,2026-04-26,7,11960.0,1,0,Late,Medium
C0335,Customer_0335,10000,30.0,3000.0,13000.0,866.67,15,2,866.67,2026-04-26,2026-04-29,3,11093.33,2,0,Late,Medium
C0335,Customer_0335,10000,30.0,3000.0,13000.0,866.67,15,3,866.67,2026-05-03,2026-05-03,0,10226.66,2,0,On Time,Medium
C0335,Customer_0335,10000,30.0,3000.0,13000.0,866.67,15,4,866.67,2026-05-10,2026-05-10,0,9359.99,2,0,On Time,Medium
C0335,Customer_0335,10000,30.0,3000.0,13000.0,866.67,15,5,693.34,2026-05-17,2026-05-19,2,8666.65,3,0,Late,High
C0335,Customer_0335,10000,30.0,3000.0,13000.0,866.67,15,6,0.0,2026-05-24,,30,8666.65,3,1,Missed,High
C0335,Customer_0335,10000,30.0,3000.0,13000.0,866.67,15,7,866.67,2026-05-31,2026-05-31,0,7799.98,3,1,On Time,High
C0335,Customer_0335,10000,30.0,3000.0,13000.0,866.67,15,8,866.67,2026-06-07,2026-06-07,0,6933.31,3,1,On Time,High
C0335,Customer_0335,10000,30.0,3000.0,13000.0,866.67,15,9,0.0,2026-06-14,,26,6933.31,3,2,Missed,High
C0335,Customer_0335,10000,30.0,3000.0,13000.0,866.67,15,10,866.67,2026-06-21,2026-06-23,2,6066.64,4,2,Late,High
C0336,Customer_0336,20000,30.0,6000.0,26000.0,2166.67,12,1,2166.67,2026-01-17,2026-01-17,0,23833.33,0,0,On Time,Low
C0336,Customer_0336,20000,30.0,6000.0,26000.0,2166.67,12,2,2166.67,2026-01-24,2026-02-04,11,21666.66,1,0,Late,Medium
C0336,Customer_0336,20000,30.0,6000.0,26000.0,2166.67,12,3,2166.67,2026-01-31,2026-01-31,0,19499.99,1,0,On Time,Medium
C0336,Customer_0336,20000,30.0,6000.0,26000.0,2166.67,12,4,2600.0,2026-02-07,2026-02-20,13,16899.99,2,0,Late,Medium
C0336,Customer_0336,20000,30.0,6000.0,26000.0,2166.67,12,5,2166.67,2026-02-14,2026-02-14,0,14733.32,2,0,On Time,Medium
C0336,Customer_0336,20000,30.0,6000.0,26000.0,2166.67,12,6,2166.67,2026-02-21,2026-02-21,0,12566.65,2,0,On Time,Medium
C0336,Customer_0336,20000,30.0,6000.0,26000.0,2166.67,12,7,2166.67,2026-02-28,2026-02-28,0,10399.98,2,0,On Time,Medium
C0336,Customer_0336,20000,30.0,6000.0,26000.0,2166.67,12,8,1733.34,2026-03-07,2026-03-16,9,8666.64,3,0,Late,High
C0336,Customer_0336,20000,30.0,6000.0,26000.0,2166.67,12,9,2166.67,2026-03-14,2026-03-14,0,6499.97,3,0,On Time,High
C0336,Customer_0336,20000,30.0,6000.0,26000.0,2166.67,12,10,2166.67,2026-03-21,2026-03-21,0,4333.3,3,0,On Time,High
C0337,Customer_0337,15000,20.0,3000.0,18000.0,1800.0,10,1,1800.0,2026-02-26,2026-02-27,1,16200.0,1,0,Late,Medium
C0337,Customer_0337,15000,20.0,3000.0,18000.0,1800.0,10,2,1800.0,2026-03-05,2026-03-08,3,14400.0,2,0,Late,Medium
C0337,Customer_0337,15000,20.0,3000.0,18000.0,1800.0,10,3,1800.0,2026-03-12,2026-03-12,0,12600.0,2,0,On Time,Medium
C0337,Customer_0337,15000,20.0,3000.0,18000.0,1800.0,10,4,2160.0,2026-03-19,2026-03-31,12,10440.0,3,0,Late,High
C0337,Customer_0337,15000,20.0,3000.0,18000.0,1800.0,10,5,1800.0,2026-03-26,2026-03-26,0,8640.0,3,0,On Time,High
C0337,Customer_0337,15000,20.0,3000.0,18000.0,1800.0,10,6,1800.0,2026-04-02,2026-04-02,0,6840.0,3,0,On Time,High
C0337,Customer_0337,15000,20.0,3000.0,18000.0,1800.0,10,7,1800.0,2026-04-09,2026-04-09,0,5040.0,3,0,On Time,High
C0337,Customer_0337,15000,20.0,3000.0,18000.0,1800.0,10,8,1800.0,2026-04-16,2026-04-16,0,3240.0,3,0,On Time,High
C0337,Customer_0337,15000,20.0,3000.0,18000.0,1800.0,10,9,1440.0,2026-04-23,2026-05-05,12,1800.0,4,0,Late,High
C0337,Customer_0337,15000,20.0,3000.0,18000.0,1800.0,10,10,1440.0,2026-04-30,2026-05-01,1,360.0,5,0,Late,High
C0338,Customer_0338,15000,15.0,2250.0,17250.0,1725.0,10,1,1725.0,2026-02-16,2026-02-16,0,15525.0,0,0,On Time,Low
C0338,Customer_0338,15000,15.0,2250.0,17250.0,1725.0,10,2,1725.0,2026-02-23,2026-02-23,0,13800.0,0,0,On Time,Low
C0338,Customer_0338,15000,15.0,2250.0,17250.0,1725.0,10,3,1725.0,2026-03-02,2026-03-02,0,12075.0,0,0,On Time,Low
C0338,Customer_0338,15000,15.0,2250.0,17250.0,1725.0,10,4,1725.0,2026-03-09,2026-03-09,0,10350.0,0,0,On Time,Low
C0338,Customer_0338,15000,15.0,2250.0,17250.0,1725.0,10,5,2070.0,2026-03-16,2026-03-27,11,8280.0,1,0,Late,Medium
C0338,Customer_0338,15000,15.0,2250.0,17250.0,1725.0,10,6,1725.0,2026-03-23,2026-03-30,7,6555.0,2,0,Late,Medium
C0338,Customer_0338,15000,15.0,2250.0,17250.0,1725.0,10,7,1725.0,2026-03-30,2026-04-11,12,4830.0,3,0,Late,High
C0338,Customer_0338,15000,15.0,2250.0,17250.0,1725.0,10,8,1725.0,2026-04-06,2026-04-06,0,3105.0,3,0,On Time,High
C0338,Customer_0338,15000,15.0,2250.0,17250.0,1725.0,10,9,0.0,2026-04-13,,8,3105.0,3,1,Missed,High
C0338,Customer_0338,15000,15.0,2250.0,17250.0,1725.0,10,10,1725.0,2026-04-20,2026-04-20,0,1380.0,3,1,On Time,High
C0339,Customer_0339,5000,30.0,1500.0,6500.0,541.67,12,1,541.67,2026-05-17,2026-05-25,8,5958.33,1,0,Late,Medium
C0339,Customer_0339,5000,30.0,1500.0,6500.0,541.67,12,2,0.0,2026-05-24,,9,5958.33,1,1,Missed,Medium
C0339,Customer_0339,5000,30.0,1500.0,6500.0,541.67,12,3,541.67,2026-05-31,2026-05-31,0,5416.66,1,1,On Time,Medium
C0339,Customer_0339,5000,30.0,1500.0,6500.0,541.67,12,4,541.67,2026-06-07,2026-06-07,0,4874.99,1,1,On Time,Medium
C0339,Customer_0339,5000,30.0,1500.0,6500.0,541.67,12,5,541.67,2026-06-14,2026-06-18,4,4333.32,2,1,Late,Medium
C0339,Customer_0339,5000,30.0,1500.0,6500.0,541.67,12,6,541.67,2026-06-21,2026-06-21,0,3791.65,2,1,On Time,Medium
C0339,Customer_0339,5000,30.0,1500.0,6500.0,541.67,12,7,541.67,2026-06-28,2026-07-09,11,3249.98,3,1,Late,High
C0339,Customer_0339,5000,30.0,1500.0,6500.0,541.67,12,8,541.67,2026-07-05,2026-07-05,0,2708.31,3,1,On Time,High
C0339,Customer_0339,5000,30.0,1500.0,6500.0,541.67,12,9,541.67,2026-07-12,2026-07-12,0,2166.64,3,1,On Time,High
C0339,Customer_0339,5000,30.0,1500.0,6500.0,541.67,12,10,541.67,2026-07-19,2026-07-19,0,1624.97,3,1,On Time,High
C0340,Customer_0340,15000,20.0,3000.0,18000.0,1200.0,15,1,1200.0,2026-03-29,2026-03-29,0,16800.0,0,0,On Time,Low
C0340,Customer_0340,15000,20.0,3000.0,18000.0,1200.0,15,2,1200.0,2026-04-05,2026-04-17,12,15600.0,1,0,Late,Medium
C0340,Customer_0340,15000,20.0,3000.0,18000.0,1200.0,15,3,0.0,2026-04-12,,18,15600.0,1,1,Missed,Medium
C0340,Customer_0340,15000,20.0,3000.0,18000.0,1200.0,15,4,1200.0,2026-04-19,2026-04-19,0,14400.0,1,1,On Time,Medium
C0340,Customer_0340,15000,20.0,3000.0,18000.0,1200.0,15,5,1200.0,2026-04-26,2026-04-26,0,13200.0,1,1,On Time,Medium
C0340,Customer_0340,15000,20.0,3000.0,18000.0,1200.0,15,6,0.0,2026-05-03,,24,13200.0,1,2,Missed,High
C0340,Customer_0340,15000,20.0,3000.0,18000.0,1200.0,15,7,1200.0,2026-05-10,2026-05-24,14,12000.0,2,2,Late,High
C0340,Customer_0340,15000,20.0,3000.0,18000.0,1200.0,15,8,1200.0,2026-05-17,2026-05-17,0,10800.0,2,2,On Time,High
C0340,Customer_0340,15000,20.0,3000.0,18000.0,1200.0,15,9,1200.0,2026-05-24,2026-06-07,14,9600.0,3,2,Late,High
C0340,Customer_0340,15000,20.0,3000.0,18000.0,1200.0,15,10,1200.0,2026-05-31,2026-05-31,0,8400.0,3,2,On Time,High
C0341,Customer_0341,7000,30.0,2100.0,9100.0,758.33,12,1,758.33,2026-04-29,2026-04-29,0,8341.67,0,0,On Time,Low
C0341,Customer_0341,7000,30.0,2100.0,9100.0,758.33,12,2,758.33,2026-05-06,2026-05-06,0,7583.34,0,0,On Time,Low
C0341,Customer_0341,7000,30.0,2100.0,9100.0,758.33,12,3,0.0,2026-05-13,,25,7583.34,0,1,Missed,Medium
C0341,Customer_0341,7000,30.0,2100.0,9100.0,758.33,12,4,758.33,2026-05-20,2026-05-20,0,6825.01,0,1,On Time,Medium
C0341,Customer_0341,7000,30.0,2100.0,9100.0,758.33,12,5,758.33,2026-05-27,2026-06-02,6,6066.68,1,1,Late,Medium
C0341,Customer_0341,7000,30.0,2100.0,9100.0,758.33,12,6,758.33,2026-06-03,2026-06-06,3,5308.35,2,1,Late,Medium
C0341,Customer_0341,7000,30.0,2100.0,9100.0,758.33,12,7,0.0,2026-06-10,,28,5308.35,2,2,Missed,High
C0341,Customer_0341,7000,30.0,2100.0,9100.0,758.33,12,8,0.0,2026-06-17,,9,5308.35,2,3,Missed,High
C0341,Customer_0341,7000,30.0,2100.0,9100.0,758.33,12,9,758.33,2026-06-24,2026-06-24,0,4550.02,2,3,On Time,High
C0341,Customer_0341,7000,30.0,2100.0,9100.0,758.33,12,10,758.33,2026-07-01,2026-07-01,0,3791.69,2,3,On Time,High
C0342,Customer_0342,3000,25.0,750.0,3750.0,187.5,20,1,187.5,2026-04-30,2026-05-07,7,3562.5,1,0,Late,Medium
C0342,Customer_0342,3000,25.0,750.0,3750.0,187.5,20,2,225.0,2026-05-07,2026-05-13,6,3337.5,2,0,Late,Medium
C0342,Customer_0342,3000,25.0,750.0,3750.0,187.5,20,3,225.0,2026-05-14,2026-05-24,10,3112.5,3,0,Late,High
C0342,Customer_0342,3000,25.0,750.0,3750.0,187.5,20,4,187.5,2026-05-21,2026-05-21,0,2925.0,3,0,On Time,High
C0342,Customer_0342,3000,25.0,750.0,3750.0,187.5,20,5,187.5,2026-05-28,2026-05-28,0,2737.5,3,0,On Time,High
C0342,Customer_0342,3000,25.0,750.0,3750.0,187.5,20,6,187.5,2026-06-04,2026-06-04,0,2550.0,3,0,On Time,High
C0342,Customer_0342,3000,25.0,750.0,3750.0,187.5,20,7,225.0,2026-06-11,2026-06-22,11,2325.0,4,0,Late,High
C0342,Customer_0342,3000,25.0,750.0,3750.0,187.5,20,8,187.5,2026-06-18,2026-06-18,0,2137.5,4,0,On Time,High
C0342,Customer_0342,3000,25.0,750.0,3750.0,187.5,20,9,187.5,2026-06-25,2026-06-25,0,1950.0,4,0,On Time,High
C0342,Customer_0342,3000,25.0,750.0,3750.0,187.5,20,10,187.5,2026-07-02,2026-07-02,0,1762.5,4,0,On Time,High
C0343,Customer_0343,20000,25.0,5000.0,25000.0,1666.67,15,1,1666.67,2026-02-09,2026-02-09,0,23333.33,0,0,On Time,Low
C0343,Customer_0343,20000,25.0,5000.0,25000.0,1666.67,15,2,1333.34,2026-02-16,2026-02-27,11,21999.99,1,0,Late,Medium
C0343,Customer_0343,20000,25.0,5000.0,25000.0,1666.67,15,3,1666.67,2026-02-23,2026-02-23,0,20333.32,1,0,On Time,Medium
C0343,Customer_0343,20000,25.0,5000.0,25000.0,1666.67,15,4,1666.67,2026-03-02,2026-03-02,0,18666.65,1,0,On Time,Medium
C0343,Customer_0343,20000,25.0,5000.0,25000.0,1666.67,15,5,1666.67,2026-03-09,2026-03-09,0,16999.98,1,0,On Time,Medium
C0343,Customer_0343,20000,25.0,5000.0,25000.0,1666.67,15,6,1666.67,2026-03-16,2026-03-16,0,15333.31,1,0,On Time,Medium
C0343,Customer_0343,20000,25.0,5000.0,25000.0,1666.67,15,7,0.0,2026-03-23,,19,15333.31,1,1,Missed,Medium
C0343,Customer_0343,20000,25.0,5000.0,25000.0,1666.67,15,8,1666.67,2026-03-30,2026-03-30,0,13666.64,1,1,On Time,Medium
C0343,Customer_0343,20000,25.0,5000.0,25000.0,1666.67,15,9,1666.67,2026-04-06,2026-04-06,0,11999.97,1,1,On Time,Medium
C0343,Customer_0343,20000,25.0,5000.0,25000.0,1666.67,15,10,1666.67,2026-04-13,2026-04-19,6,10333.3,2,1,Late,Medium
C0344,Customer_0344,7000,25.0,1750.0,8750.0,729.17,12,1,875.0,2026-05-20,2026-05-27,7,7875.0,1,0,Late,Medium
C0344,Customer_0344,7000,25.0,1750.0,8750.0,729.17,12,2,0.0,2026-05-27,,15,7875.0,1,1,Missed,Medium
C0344,Customer_0344,7000,25.0,1750.0,8750.0,729.17,12,3,729.17,2026-06-03,2026-06-03,0,7145.83,1,1,On Time,Medium
C0344,Customer_0344,7000,25.0,1750.0,8750.0,729.17,12,4,729.17,2026-06-10,2026-06-10,0,6416.66,1,1,On Time,Medium
C0344,Customer_0344,7000,25.0,1750.0,8750.0,729.17,12,5,729.17,2026-06-17,2026-06-17,0,5687.49,1,1,On Time,Medium
C0344,Customer_0344,7000,25.0,1750.0,8750.0,729.17,12,6,729.17,2026-06-24,2026-06-24,0,4958.32,1,1,On Time,Medium
C0344,Customer_0344,7000,25.0,1750.0,8750.0,729.17,12,7,729.17,2026-07-01,2026-07-01,0,4229.15,1,1,On Time,Medium
C0344,Customer_0344,7000,25.0,1750.0,8750.0,729.17,12,8,729.17,2026-07-08,2026-07-08,0,3499.98,1,1,On Time,Medium
C0344,Customer_0344,7000,25.0,1750.0,8750.0,729.17,12,9,729.17,2026-07-15,2026-07-15,0,2770.81,1,1,On Time,Medium
C0344,Customer_0344,7000,25.0,1750.0,8750.0,729.17,12,10,729.17,2026-07-22,2026-07-22,0,2041.64,1,1,On Time,Medium
C0345,Customer_0345,15000,20.0,3000.0,18000.0,1500.0,12,1,1800.0,2026-05-06,2026-05-16,10,16200.0,1,0,Late,Medium
C0345,Customer_0345,15000,20.0,3000.0,18000.0,1500.0,12,2,1500.0,2026-05-13,2026-05-13,0,14700.0,1,0,On Time,Medium
C0345,Customer_0345,15000,20.0,3000.0,18000.0,1500.0,12,3,1500.0,2026-05-20,2026-05-20,0,13200.0,1,0,On Time,Medium
C0345,Customer_0345,15000,20.0,3000.0,18000.0,1500.0,12,4,1500.0,2026-05-27,2026-05-27,0,11700.0,1,0,On Time,Medium
C0345,Customer_0345,15000,20.0,3000.0,18000.0,1500.0,12,5,1500.0,2026-06-03,2026-06-03,0,10200.0,1,0,On Time,Medium
C0345,Customer_0345,15000,20.0,3000.0,18000.0,1500.0,12,6,1500.0,2026-06-10,2026-06-10,0,8700.0,1,0,On Time,Medium
C0345,Customer_0345,15000,20.0,3000.0,18000.0,1500.0,12,7,1500.0,2026-06-17,2026-06-17,0,7200.0,1,0,On Time,Medium
C0345,Customer_0345,15000,20.0,3000.0,18000.0,1500.0,12,8,1500.0,2026-06-24,2026-06-24,0,5700.0,1,0,On Time,Medium
C0345,Customer_0345,15000,20.0,3000.0,18000.0,1500.0,12,9,1500.0,2026-07-01,2026-07-01,0,4200.0,1,0,On Time,Medium
C0345,Customer_0345,15000,20.0,3000.0,18000.0,1500.0,12,10,1500.0,2026-07-08,2026-07-08,0,2700.0,1,0,On Time,Medium
C0346,Customer_0346,5000,30.0,1500.0,6500.0,812.5,8,1,812.5,2026-05-20,2026-05-20,0,5687.5,0,0,On Time,Low
C0346,Customer_0346,5000,30.0,1500.0,6500.0,812.5,8,2,0.0,2026-05-27,,17,5687.5,0,1,Missed,Medium
C0346,Customer_0346,5000,30.0,1500.0,6500.0,812.5,8,3,812.5,2026-06-03,2026-06-03,0,4875.0,0,1,On Time,Medium
C0346,Customer_0346,5000,30.0,1500.0,6500.0,812.5,8,4,812.5,2026-06-10,2026-06-10,0,4062.5,0,1,On Time,Medium
C0346,Customer_0346,5000,30.0,1500.0,6500.0,812.5,8,5,812.5,2026-06-17,2026-06-17,0,3250.0,0,1,On Time,Medium
C0346,Customer_0346,5000,30.0,1500.0,6500.0,812.5,8,6,812.5,2026-06-24,2026-06-24,0,2437.5,0,1,On Time,Medium
C0346,Customer_0346,5000,30.0,1500.0,6500.0,812.5,8,7,975.0,2026-07-01,2026-07-10,9,1462.5,1,1,Late,Medium
C0346,Customer_0346,5000,30.0,1500.0,6500.0,812.5,8,8,812.5,2026-07-08,2026-07-08,0,650.0,1,1,On Time,Medium
C0346,Customer_0346,5000,30.0,1500.0,6500.0,812.5,8,9,812.5,2026-07-15,2026-07-15,0,0.0,1,1,On Time,Medium
C0346,Customer_0346,5000,30.0,1500.0,6500.0,812.5,8,10,812.5,2026-07-22,2026-07-22,0,0.0,1,1,On Time,Medium
C0347,Customer_0347,3000,30.0,900.0,3900.0,487.5,8,1,390.0,2026-01-22,2026-01-29,7,3510.0,1,0,Late,Medium
C0347,Customer_0347,3000,30.0,900.0,3900.0,487.5,8,2,487.5,2026-01-29,2026-02-03,5,3022.5,2,0,Late,Medium
C0347,Customer_0347,3000,30.0,900.0,3900.0,487.5,8,3,487.5,2026-02-05,2026-02-15,10,2535.0,3,0,Late,High
C0347,Customer_0347,3000,30.0,900.0,3900.0,487.5,8,4,487.5,2026-02-12,2026-02-12,0,2047.5,3,0,On Time,High
C0347,Customer_0347,3000,30.0,900.0,3900.0,487.5,8,5,487.5,2026-02-19,2026-02-19,0,1560.0,3,0,On Time,High
C0347,Customer_0347,3000,30.0,900.0,3900.0,487.5,8,6,0.0,2026-02-26,,29,1560.0,3,1,Missed,High
C0347,Customer_0347,3000,30.0,900.0,3900.0,487.5,8,7,487.5,2026-03-05,2026-03-05,0,1072.5,3,1,On Time,High
C0347,Customer_0347,3000,30.0,900.0,3900.0,487.5,8,8,487.5,2026-03-12,2026-03-12,0,585.0,3,1,On Time,High
C0347,Customer_0347,3000,30.0,900.0,3900.0,487.5,8,9,487.5,2026-03-19,2026-03-19,0,97.5,3,1,On Time,High
C0347,Customer_0347,3000,30.0,900.0,3900.0,487.5,8,10,487.5,2026-03-26,2026-04-08,13,0.0,4,1,Late,High
C0348,Customer_0348,3000,30.0,900.0,3900.0,325.0,12,1,325.0,2026-03-10,2026-03-10,0,3575.0,0,0,On Time,Low
C0348,Customer_0348,3000,30.0,900.0,3900.0,325.0,12,2,260.0,2026-03-17,2026-03-21,4,3315.0,1,0,Late,Medium
C0348,Customer_0348,3000,30.0,900.0,3900.0,325.0,12,3,325.0,2026-03-24,2026-03-24,0,2990.0,1,0,On Time,Medium
C0348,Customer_0348,3000,30.0,900.0,3900.0,325.0,12,4,325.0,2026-03-31,2026-03-31,0,2665.0,1,0,On Time,Medium
C0348,Customer_0348,3000,30.0,900.0,3900.0,325.0,12,5,325.0,2026-04-07,2026-04-07,0,2340.0,1,0,On Time,Medium
C0348,Customer_0348,3000,30.0,900.0,3900.0,325.0,12,6,325.0,2026-04-14,2026-04-14,0,2015.0,1,0,On Time,Medium
C0348,Customer_0348,3000,30.0,900.0,3900.0,325.0,12,7,325.0,2026-04-21,2026-04-21,0,1690.0,1,0,On Time,Medium
C0348,Customer_0348,3000,30.0,900.0,3900.0,325.0,12,8,325.0,2026-04-28,2026-04-28,0,1365.0,1,0,On Time,Medium
C0348,Customer_0348,3000,30.0,900.0,3900.0,325.0,12,9,325.0,2026-05-05,2026-05-05,0,1040.0,1,0,On Time,Medium
C0348,Customer_0348,3000,30.0,900.0,3900.0,325.0,12,10,325.0,2026-05-12,2026-05-12,0,715.0,1,0,On Time,Medium
C0349,Customer_0349,10000,20.0,2000.0,12000.0,600.0,20,1,600.0,2026-05-23,2026-05-23,0,11400.0,0,0,On Time,Low
C0349,Customer_0349,10000,20.0,2000.0,12000.0,600.0,20,2,600.0,2026-05-30,2026-05-30,0,10800.0,0,0,On Time,Low
C0349,Customer_0349,10000,20.0,2000.0,12000.0,600.0,20,3,600.0,2026-06-06,2026-06-06,0,10200.0,0,0,On Time,Low
C0349,Customer_0349,10000,20.0,2000.0,12000.0,600.0,20,4,0.0,2026-06-13,,28,10200.0,0,1,Missed,Medium
C0349,Customer_0349,10000,20.0,2000.0,12000.0,600.0,20,5,600.0,2026-06-20,2026-06-20,0,9600.0,0,1,On Time,Medium
C0349,Customer_0349,10000,20.0,2000.0,12000.0,600.0,20,6,600.0,2026-06-27,2026-06-27,0,9000.0,0,1,On Time,Medium
C0349,Customer_0349,10000,20.0,2000.0,12000.0,600.0,20,7,0.0,2026-07-04,,9,9000.0,0,2,Missed,High
C0349,Customer_0349,10000,20.0,2000.0,12000.0,600.0,20,8,480.0,2026-07-11,2026-07-15,4,8520.0,1,2,Late,High
C0349,Customer_0349,10000,20.0,2000.0,12000.0,600.0,20,9,600.0,2026-07-18,2026-07-28,10,7920.0,2,2,Late,High
C0349,Customer_0349,10000,20.0,2000.0,12000.0,600.0,20,10,600.0,2026-07-25,2026-07-25,0,7320.0,2,2,On Time,High
C0350,Customer_0350,3000,15.0,450.0,3450.0,345.0,10,1,345.0,2026-04-01,2026-04-01,0,3105.0,0,0,On Time,Low
C0350,Customer_0350,3000,15.0,450.0,3450.0,345.0,10,2,345.0,2026-04-08,2026-04-09,1,2760.0,1,0,Late,Medium
C0350,Customer_0350,3000,15.0,450.0,3450.0,345.0,10,3,345.0,2026-04-15,2026-04-15,0,2415.0,1,0,On Time,Medium
C0350,Customer_0350,3000,15.0,450.0,3450.0,345.0,10,4,345.0,2026-04-22,2026-04-22,0,2070.0,1,0,On Time,Medium
C0350,Customer_0350,3000,15.0,450.0,3450.0,345.0,10,5,345.0,2026-04-29,2026-04-29,0,1725.0,1,0,On Time,Medium
C0350,Customer_0350,3000,15.0,450.0,3450.0,345.0,10,6,345.0,2026-05-06,2026-05-12,6,1380.0,2,0,Late,Medium
C0350,Customer_0350,3000,15.0,450.0,3450.0,345.0,10,7,345.0,2026-05-13,2026-05-13,0,1035.0,2,0,On Time,Medium
C0350,Customer_0350,3000,15.0,450.0,3450.0,345.0,10,8,345.0,2026-05-20,2026-05-20,0,690.0,2,0,On Time,Medium
C0350,Customer_0350,3000,15.0,450.0,3450.0,345.0,10,9,345.0,2026-05-27,2026-05-27,0,345.0,2,0,On Time,Medium
C0350,Customer_0350,3000,15.0,450.0,3450.0,345.0,10,10,345.0,2026-06-03,2026-06-03,0,0.0,2,0,On Time,Medium
C0351,Customer_0351,15000,30.0,4500.0,19500.0,1950.0,10,1,1950.0,2026-03-10,2026-03-22,12,17550.0,1,0,Late,Medium
C0351,Customer_0351,15000,30.0,4500.0,19500.0,1950.0,10,2,1950.0,2026-03-17,2026-03-27,10,15600.0,2,0,Late,Medium
C0351,Customer_0351,15000,30.0,4500.0,19500.0,1950.0,10,3,1950.0,2026-03-24,2026-03-24,0,13650.0,2,0,On Time,Medium
C0351,Customer_0351,15000,30.0,4500.0,19500.0,1950.0,10,4,1950.0,2026-03-31,2026-03-31,0,11700.0,2,0,On Time,Medium
C0351,Customer_0351,15000,30.0,4500.0,19500.0,1950.0,10,5,0.0,2026-04-07,,21,11700.0,2,1,Missed,Medium
C0351,Customer_0351,15000,30.0,4500.0,19500.0,1950.0,10,6,0.0,2026-04-14,,23,11700.0,2,2,Missed,High
C0351,Customer_0351,15000,30.0,4500.0,19500.0,1950.0,10,7,0.0,2026-04-21,,11,11700.0,2,3,Missed,High
C0351,Customer_0351,15000,30.0,4500.0,19500.0,1950.0,10,8,1950.0,2026-04-28,2026-04-28,0,9750.0,2,3,On Time,High
C0351,Customer_0351,15000,30.0,4500.0,19500.0,1950.0,10,9,1560.0,2026-05-05,2026-05-15,10,8190.0,3,3,Late,High
C0351,Customer_0351,15000,30.0,4500.0,19500.0,1950.0,10,10,2340.0,2026-05-12,2026-05-22,10,5850.0,4,3,Late,High
C0352,Customer_0352,15000,20.0,3000.0,18000.0,1500.0,12,1,1500.0,2026-05-24,2026-05-24,0,16500.0,0,0,On Time,Low
C0352,Customer_0352,15000,20.0,3000.0,18000.0,1500.0,12,2,1500.0,2026-05-31,2026-05-31,0,15000.0,0,0,On Time,Low
C0352,Customer_0352,15000,20.0,3000.0,18000.0,1500.0,12,3,1500.0,2026-06-07,2026-06-20,13,13500.0,1,0,Late,Medium
C0352,Customer_0352,15000,20.0,3000.0,18000.0,1500.0,12,4,1500.0,2026-06-14,2026-06-14,0,12000.0,1,0,On Time,Medium
C0352,Customer_0352,15000,20.0,3000.0,18000.0,1500.0,12,5,1500.0,2026-06-21,2026-06-21,0,10500.0,1,0,On Time,Medium
C0352,Customer_0352,15000,20.0,3000.0,18000.0,1500.0,12,6,1500.0,2026-06-28,2026-06-28,0,9000.0,1,0,On Time,Medium
C0352,Customer_0352,15000,20.0,3000.0,18000.0,1500.0,12,7,1500.0,2026-07-05,2026-07-15,10,7500.0,2,0,Late,Medium
C0352,Customer_0352,15000,20.0,3000.0,18000.0,1500.0,12,8,1500.0,2026-07-12,2026-07-12,0,6000.0,2,0,On Time,Medium
C0352,Customer_0352,15000,20.0,3000.0,18000.0,1500.0,12,9,1500.0,2026-07-19,2026-07-19,0,4500.0,2,0,On Time,Medium
C0352,Customer_0352,15000,20.0,3000.0,18000.0,1500.0,12,10,1500.0,2026-07-26,2026-08-03,8,3000.0,3,0,Late,High
C0353,Customer_0353,3000,15.0,450.0,3450.0,172.5,20,1,172.5,2026-04-25,2026-04-25,0,3277.5,0,0,On Time,Low
C0353,Customer_0353,3000,15.0,450.0,3450.0,172.5,20,2,172.5,2026-05-02,2026-05-02,0,3105.0,0,0,On Time,Low
C0353,Customer_0353,3000,15.0,450.0,3450.0,172.5,20,3,207.0,2026-05-09,2026-05-19,10,2898.0,1,0,Late,Medium
C0353,Customer_0353,3000,15.0,450.0,3450.0,172.5,20,4,172.5,2026-05-16,2026-05-16,0,2725.5,1,0,On Time,Medium
C0353,Customer_0353,3000,15.0,450.0,3450.0,172.5,20,5,172.5,2026-05-23,2026-05-23,0,2553.0,1,0,On Time,Medium
C0353,Customer_0353,3000,15.0,450.0,3450.0,172.5,20,6,172.5,2026-05-30,2026-05-30,0,2380.5,1,0,On Time,Medium
C0353,Customer_0353,3000,15.0,450.0,3450.0,172.5,20,7,172.5,2026-06-06,2026-06-06,0,2208.0,1,0,On Time,Medium
C0353,Customer_0353,3000,15.0,450.0,3450.0,172.5,20,8,172.5,2026-06-13,2026-06-26,13,2035.5,2,0,Late,Medium
C0353,Customer_0353,3000,15.0,450.0,3450.0,172.5,20,9,207.0,2026-06-20,2026-06-24,4,1828.5,3,0,Late,High
C0353,Customer_0353,3000,15.0,450.0,3450.0,172.5,20,10,172.5,2026-06-27,2026-06-27,0,1656.0,3,0,On Time,High
C0354,Customer_0354,15000,20.0,3000.0,18000.0,2250.0,8,1,2250.0,2026-04-03,2026-04-03,0,15750.0,0,0,On Time,Low
C0354,Customer_0354,15000,20.0,3000.0,18000.0,2250.0,8,2,2250.0,2026-04-10,2026-04-10,0,13500.0,0,0,On Time,Low
C0354,Customer_0354,15000,20.0,3000.0,18000.0,2250.0,8,3,2250.0,2026-04-17,2026-04-17,0,11250.0,0,0,On Time,Low
C0354,Customer_0354,15000,20.0,3000.0,18000.0,2250.0,8,4,1800.0,2026-04-24,2026-05-03,9,9450.0,1,0,Late,Medium
C0354,Customer_0354,15000,20.0,3000.0,18000.0,2250.0,8,5,2250.0,2026-05-01,2026-05-01,0,7200.0,1,0,On Time,Medium
C0354,Customer_0354,15000,20.0,3000.0,18000.0,2250.0,8,6,2250.0,2026-05-08,2026-05-08,0,4950.0,1,0,On Time,Medium
C0354,Customer_0354,15000,20.0,3000.0,18000.0,2250.0,8,7,2250.0,2026-05-15,2026-05-15,0,2700.0,1,0,On Time,Medium
C0354,Customer_0354,15000,20.0,3000.0,18000.0,2250.0,8,8,2250.0,2026-05-22,2026-05-22,0,450.0,1,0,On Time,Medium
C0354,Customer_0354,15000,20.0,3000.0,18000.0,2250.0,8,9,2250.0,2026-05-29,2026-06-10,12,0.0,2,0,Late,Medium
C0354,Customer_0354,15000,20.0,3000.0,18000.0,2250.0,8,10,2250.0,2026-06-05,2026-06-05,0,0.0,2,0,On Time,Medium
C0355,Customer_0355,15000,15.0,2250.0,17250.0,1725.0,10,1,1380.0,2026-05-15,2026-05-26,11,15870.0,1,0,Late,Medium
C0355,Customer_0355,15000,15.0,2250.0,17250.0,1725.0,10,2,1725.0,2026-05-22,2026-05-31,9,14145.0,2,0,Late,Medium
C0355,Customer_0355,15000,15.0,2250.0,17250.0,1725.0,10,3,1725.0,2026-05-29,2026-05-30,1,12420.0,3,0,Late,High
C0355,Customer_0355,15000,15.0,2250.0,17250.0,1725.0,10,4,1725.0,2026-06-05,2026-06-05,0,10695.0,3,0,On Time,High
C0355,Customer_0355,15000,15.0,2250.0,17250.0,1725.0,10,5,1725.0,2026-06-12,2026-06-12,0,8970.0,3,0,On Time,High
C0355,Customer_0355,15000,15.0,2250.0,17250.0,1725.0,10,6,1725.0,2026-06-19,2026-06-19,0,7245.0,3,0,On Time,High
C0355,Customer_0355,15000,15.0,2250.0,17250.0,1725.0,10,7,1725.0,2026-06-26,2026-06-26,0,5520.0,3,0,On Time,High
C0355,Customer_0355,15000,15.0,2250.0,17250.0,1725.0,10,8,1725.0,2026-07-03,2026-07-03,0,3795.0,3,0,On Time,High
C0355,Customer_0355,15000,15.0,2250.0,17250.0,1725.0,10,9,1725.0,2026-07-10,2026-07-10,0,2070.0,3,0,On Time,High
C0355,Customer_0355,15000,15.0,2250.0,17250.0,1725.0,10,10,1725.0,2026-07-17,2026-07-27,10,345.0,4,0,Late,High
C0356,Customer_0356,5000,25.0,1250.0,6250.0,625.0,10,1,625.0,2026-05-30,2026-06-07,8,5625.0,1,0,Late,Medium
C0356,Customer_0356,5000,25.0,1250.0,6250.0,625.0,10,2,625.0,2026-06-06,2026-06-06,0,5000.0,1,0,On Time,Medium
C0356,Customer_0356,5000,25.0,1250.0,6250.0,625.0,10,3,625.0,2026-06-13,2026-06-13,0,4375.0,1,0,On Time,Medium
C0356,Customer_0356,5000,25.0,1250.0,6250.0,625.0,10,4,625.0,2026-06-20,2026-06-20,0,3750.0,1,0,On Time,Medium
C0356,Customer_0356,5000,25.0,1250.0,6250.0,625.0,10,5,0.0,2026-06-27,,26,3750.0,1,1,Missed,Medium
C0356,Customer_0356,5000,25.0,1250.0,6250.0,625.0,10,6,0.0,2026-07-04,,15,3750.0,1,2,Missed,High
C0356,Customer_0356,5000,25.0,1250.0,6250.0,625.0,10,7,625.0,2026-07-11,2026-07-11,0,3125.0,1,2,On Time,High
C0356,Customer_0356,5000,25.0,1250.0,6250.0,625.0,10,8,625.0,2026-07-18,2026-07-26,8,2500.0,2,2,Late,High
C0356,Customer_0356,5000,25.0,1250.0,6250.0,625.0,10,9,625.0,2026-07-25,2026-07-25,0,1875.0,2,2,On Time,High
C0356,Customer_0356,5000,25.0,1250.0,6250.0,625.0,10,10,625.0,2026-08-01,2026-08-01,0,1250.0,2,2,On Time,High
C0357,Customer_0357,5000,15.0,750.0,5750.0,718.75,8,1,718.75,2026-01-24,2026-01-24,0,5031.25,0,0,On Time,Low
C0357,Customer_0357,5000,15.0,750.0,5750.0,718.75,8,2,862.5,2026-01-31,2026-02-04,4,4168.75,1,0,Late,Medium
C0357,Customer_0357,5000,15.0,750.0,5750.0,718.75,8,3,0.0,2026-02-07,,22,4168.75,1,1,Missed,Medium
C0357,Customer_0357,5000,15.0,750.0,5750.0,718.75,8,4,718.75,2026-02-14,2026-02-20,6,3450.0,2,1,Late,Medium
C0357,Customer_0357,5000,15.0,750.0,5750.0,718.75,8,5,718.75,2026-02-21,2026-03-02,9,2731.25,3,1,Late,High
C0357,Customer_0357,5000,15.0,750.0,5750.0,718.75,8,6,718.75,2026-02-28,2026-02-28,0,2012.5,3,1,On Time,High
C0357,Customer_0357,5000,15.0,750.0,5750.0,718.75,8,7,718.75,2026-03-07,2026-03-10,3,1293.75,4,1,Late,High
C0357,Customer_0357,5000,15.0,750.0,5750.0,718.75,8,8,0.0,2026-03-14,,11,1293.75,4,2,Missed,High
C0357,Customer_0357,5000,15.0,750.0,5750.0,718.75,8,9,718.75,2026-03-21,2026-03-21,0,575.0,4,2,On Time,High
C0357,Customer_0357,5000,15.0,750.0,5750.0,718.75,8,10,0.0,2026-03-28,,24,575.0,4,3,Missed,High
C0358,Customer_0358,5000,25.0,1250.0,6250.0,781.25,8,1,781.25,2026-06-27,2026-06-27,0,5468.75,0,0,On Time,Low
C0358,Customer_0358,5000,25.0,1250.0,6250.0,781.25,8,2,781.25,2026-07-04,2026-07-04,0,4687.5,0,0,On Time,Low
C0358,Customer_0358,5000,25.0,1250.0,6250.0,781.25,8,3,0.0,2026-07-11,,13,4687.5,0,1,Missed,Medium
C0358,Customer_0358,5000,25.0,1250.0,6250.0,781.25,8,4,625.0,2026-07-18,2026-07-23,5,4062.5,1,1,Late,Medium
C0358,Customer_0358,5000,25.0,1250.0,6250.0,781.25,8,5,0.0,2026-07-25,,8,4062.5,1,2,Missed,High
C0358,Customer_0358,5000,25.0,1250.0,6250.0,781.25,8,6,0.0,2026-08-01,,13,4062.5,1,3,Missed,High
C0358,Customer_0358,5000,25.0,1250.0,6250.0,781.25,8,7,781.25,2026-08-08,2026-08-08,0,3281.25,1,3,On Time,High
C0358,Customer_0358,5000,25.0,1250.0,6250.0,781.25,8,8,781.25,2026-08-15,2026-08-15,0,2500.0,1,3,On Time,High
C0358,Customer_0358,5000,25.0,1250.0,6250.0,781.25,8,9,937.5,2026-08-22,2026-09-03,12,1562.5,2,3,Late,High
C0358,Customer_0358,5000,25.0,1250.0,6250.0,781.25,8,10,781.25,2026-08-29,2026-08-29,0,781.25,2,3,On Time,High
C0359,Customer_0359,10000,30.0,3000.0,13000.0,1083.33,12,1,1300.0,2026-04-22,2026-05-01,9,11700.0,1,0,Late,Medium
C0359,Customer_0359,10000,30.0,3000.0,13000.0,1083.33,12,2,1083.33,2026-04-29,2026-04-29,0,10616.67,1,0,On Time,Medium
C0359,Customer_0359,10000,30.0,3000.0,13000.0,1083.33,12,3,1083.33,2026-05-06,2026-05-06,0,9533.34,1,0,On Time,Medium
C0359,Customer_0359,10000,30.0,3000.0,13000.0,1083.33,12,4,1083.33,2026-05-13,2026-05-13,0,8450.01,1,0,On Time,Medium
C0359,Customer_0359,10000,30.0,3000.0,13000.0,1083.33,12,5,1083.33,2026-05-20,2026-05-20,0,7366.68,1,0,On Time,Medium
C0359,Customer_0359,10000,30.0,3000.0,13000.0,1083.33,12,6,1083.33,2026-05-27,2026-05-27,0,6283.35,1,0,On Time,Medium
C0359,Customer_0359,10000,30.0,3000.0,13000.0,1083.33,12,7,1083.33,2026-06-03,2026-06-03,0,5200.02,1,0,On Time,Medium
C0359,Customer_0359,10000,30.0,3000.0,13000.0,1083.33,12,8,866.66,2026-06-10,2026-06-15,5,4333.36,2,0,Late,Medium
C0359,Customer_0359,10000,30.0,3000.0,13000.0,1083.33,12,9,1083.33,2026-06-17,2026-06-17,0,3250.03,2,0,On Time,Medium
C0359,Customer_0359,10000,30.0,3000.0,13000.0,1083.33,12,10,1083.33,2026-06-24,2026-06-24,0,2166.7,2,0,On Time,Medium
C0360,Customer_0360,10000,15.0,1500.0,11500.0,1150.0,10,1,1150.0,2026-06-27,2026-06-27,0,10350.0,0,0,On Time,Low
C0360,Customer_0360,10000,15.0,1500.0,11500.0,1150.0,10,2,1150.0,2026-07-04,2026-07-04,0,9200.0,0,0,On Time,Low
C0360,Customer_0360,10000,15.0,1500.0,11500.0,1150.0,10,3,1150.0,2026-07-11,2026-07-11,0,8050.0,0,0,On Time,Low
C0360,Customer_0360,10000,15.0,1500.0,11500.0,1150.0,10,4,1150.0,2026-07-18,2026-07-18,0,6900.0,0,0,On Time,Low
C0360,Customer_0360,10000,15.0,1500.0,11500.0,1150.0,10,5,1150.0,2026-07-25,2026-07-25,0,5750.0,0,0,On Time,Low
C0360,Customer_0360,10000,15.0,1500.0,11500.0,1150.0,10,6,1150.0,2026-08-01,2026-08-01,0,4600.0,0,0,On Time,Low
C0360,Customer_0360,10000,15.0,1500.0,11500.0,1150.0,10,7,1150.0,2026-08-08,2026-08-08,0,3450.0,0,0,On Time,Low
C0360,Customer_0360,10000,15.0,1500.0,11500.0,1150.0,10,8,1150.0,2026-08-15,2026-08-15,0,2300.0,0,0,On Time,Low
C0360,Customer_0360,10000,15.0,1500.0,11500.0,1150.0,10,9,1150.0,2026-08-22,2026-08-22,0,1150.0,0,0,On Time,Low
C0360,Customer_0360,10000,15.0,1500.0,11500.0,1150.0,10,10,1150.0,2026-08-29,2026-08-29,0,0.0,0,0,On Time,Low
C0361,Customer_0361,7000,15.0,1050.0,8050.0,1006.25,8,1,1006.25,2026-04-11,2026-04-11,0,7043.75,0,0,On Time,Low
C0361,Customer_0361,7000,15.0,1050.0,8050.0,1006.25,8,2,1006.25,2026-04-18,2026-04-18,0,6037.5,0,0,On Time,Low
C0361,Customer_0361,7000,15.0,1050.0,8050.0,1006.25,8,3,1006.25,2026-04-25,2026-04-25,0,5031.25,0,0,On Time,Low
C0361,Customer_0361,7000,15.0,1050.0,8050.0,1006.25,8,4,1006.25,2026-05-02,2026-05-09,7,4025.0,1,0,Late,Medium
C0361,Customer_0361,7000,15.0,1050.0,8050.0,1006.25,8,5,1006.25,2026-05-09,2026-05-09,0,3018.75,1,0,On Time,Medium
C0361,Customer_0361,7000,15.0,1050.0,8050.0,1006.25,8,6,1006.25,2026-05-16,2026-05-19,3,2012.5,2,0,Late,Medium
C0361,Customer_0361,7000,15.0,1050.0,8050.0,1006.25,8,7,1006.25,2026-05-23,2026-05-23,0,1006.25,2,0,On Time,Medium
C0361,Customer_0361,7000,15.0,1050.0,8050.0,1006.25,8,8,1006.25,2026-05-30,2026-06-03,4,0.0,3,0,Late,High
C0361,Customer_0361,7000,15.0,1050.0,8050.0,1006.25,8,9,1006.25,2026-06-06,2026-06-06,0,0.0,3,0,On Time,High
C0361,Customer_0361,7000,15.0,1050.0,8050.0,1006.25,8,10,1006.25,2026-06-13,2026-06-13,0,0.0,3,0,On Time,High
C0362,Customer_0362,10000,25.0,2500.0,12500.0,625.0,20,1,625.0,2026-03-22,2026-03-22,0,11875.0,0,0,On Time,Low
C0362,Customer_0362,10000,25.0,2500.0,12500.0,625.0,20,2,625.0,2026-03-29,2026-03-29,0,11250.0,0,0,On Time,Low
C0362,Customer_0362,10000,25.0,2500.0,12500.0,625.0,20,3,0.0,2026-04-05,,11,11250.0,0,1,Missed,Medium
C0362,Customer_0362,10000,25.0,2500.0,12500.0,625.0,20,4,500.0,2026-04-12,2026-04-13,1,10750.0,1,1,Late,Medium
C0362,Customer_0362,10000,25.0,2500.0,12500.0,625.0,20,5,625.0,2026-04-19,2026-04-19,0,10125.0,1,1,On Time,Medium
C0362,Customer_0362,10000,25.0,2500.0,12500.0,625.0,20,6,625.0,2026-04-26,2026-04-26,0,9500.0,1,1,On Time,Medium
C0362,Customer_0362,10000,25.0,2500.0,12500.0,625.0,20,7,625.0,2026-05-03,2026-05-03,0,8875.0,1,1,On Time,Medium
C0362,Customer_0362,10000,25.0,2500.0,12500.0,625.0,20,8,0.0,2026-05-10,,24,8875.0,1,2,Missed,High
C0362,Customer_0362,10000,25.0,2500.0,12500.0,625.0,20,9,625.0,2026-05-17,2026-05-23,6,8250.0,2,2,Late,High
C0362,Customer_0362,10000,25.0,2500.0,12500.0,625.0,20,10,500.0,2026-05-24,2026-06-06,13,7750.0,3,2,Late,High
C0363,Customer_0363,10000,20.0,2000.0,12000.0,1200.0,10,1,1440.0,2026-06-26,2026-07-07,11,10560.0,1,0,Late,Medium
C0363,Customer_0363,10000,20.0,2000.0,12000.0,1200.0,10,2,1200.0,2026-07-03,2026-07-05,2,9360.0,2,0,Late,Medium
C0363,Customer_0363,10000,20.0,2000.0,12000.0,1200.0,10,3,1200.0,2026-07-10,2026-07-10,0,8160.0,2,0,On Time,Medium
C0363,Customer_0363,10000,20.0,2000.0,12000.0,1200.0,10,4,1200.0,2026-07-17,2026-07-17,0,6960.0,2,0,On Time,Medium
C0363,Customer_0363,10000,20.0,2000.0,12000.0,1200.0,10,5,1200.0,2026-07-24,2026-07-24,0,5760.0,2,0,On Time,Medium
C0363,Customer_0363,10000,20.0,2000.0,12000.0,1200.0,10,6,0.0,2026-07-31,,26,5760.0,2,1,Missed,Medium
C0363,Customer_0363,10000,20.0,2000.0,12000.0,1200.0,10,7,960.0,2026-08-07,2026-08-16,9,4800.0,3,1,Late,High
C0363,Customer_0363,10000,20.0,2000.0,12000.0,1200.0,10,8,1200.0,2026-08-14,2026-08-14,0,3600.0,3,1,On Time,High
C0363,Customer_0363,10000,20.0,2000.0,12000.0,1200.0,10,9,1200.0,2026-08-21,2026-08-21,0,2400.0,3,1,On Time,High
C0363,Customer_0363,10000,20.0,2000.0,12000.0,1200.0,10,10,1440.0,2026-08-28,2026-09-01,4,960.0,4,1,Late,High
C0364,Customer_0364,15000,30.0,4500.0,19500.0,1300.0,15,1,1300.0,2026-04-08,2026-04-13,5,18200.0,1,0,Late,Medium
C0364,Customer_0364,15000,30.0,4500.0,19500.0,1300.0,15,2,0.0,2026-04-15,,15,18200.0,1,1,Missed,Medium
C0364,Customer_0364,15000,30.0,4500.0,19500.0,1300.0,15,3,1300.0,2026-04-22,2026-04-22,0,16900.0,1,1,On Time,Medium
C0364,Customer_0364,15000,30.0,4500.0,19500.0,1300.0,15,4,1300.0,2026-04-29,2026-05-13,14,15600.0,2,1,Late,Medium
C0364,Customer_0364,15000,30.0,4500.0,19500.0,1300.0,15,5,1300.0,2026-05-06,2026-05-06,0,14300.0,2,1,On Time,Medium
C0364,Customer_0364,15000,30.0,4500.0,19500.0,1300.0,15,6,1300.0,2026-05-13,2026-05-22,9,13000.0,3,1,Late,High
C0364,Customer_0364,15000,30.0,4500.0,19500.0,1300.0,15,7,1300.0,2026-05-20,2026-05-20,0,11700.0,3,1,On Time,High
C0364,Customer_0364,15000,30.0,4500.0,19500.0,1300.0,15,8,1300.0,2026-05-27,2026-05-27,0,10400.0,3,1,On Time,High
C0364,Customer_0364,15000,30.0,4500.0,19500.0,1300.0,15,9,1300.0,2026-06-03,2026-06-03,0,9100.0,3,1,On Time,High
C0364,Customer_0364,15000,30.0,4500.0,19500.0,1300.0,15,10,1300.0,2026-06-10,2026-06-10,0,7800.0,3,1,On Time,High
C0365,Customer_0365,10000,15.0,1500.0,11500.0,958.33,12,1,0.0,2026-05-21,,9,11500.0,0,1,Missed,Medium
C0365,Customer_0365,10000,15.0,1500.0,11500.0,958.33,12,2,766.66,2026-05-28,2026-05-30,2,10733.34,1,1,Late,Medium
C0365,Customer_0365,10000,15.0,1500.0,11500.0,958.33,12,3,958.33,2026-06-04,2026-06-04,0,9775.01,1,1,On Time,Medium
C0365,Customer_0365,10000,15.0,1500.0,11500.0,958.33,12,4,958.33,2026-06-11,2026-06-11,0,8816.68,1,1,On Time,Medium
C0365,Customer_0365,10000,15.0,1500.0,11500.0,958.33,12,5,958.33,2026-06-18,2026-06-18,0,7858.35,1,1,On Time,Medium
C0365,Customer_0365,10000,15.0,1500.0,11500.0,958.33,12,6,958.33,2026-06-25,2026-06-25,0,6900.02,1,1,On Time,Medium
C0365,Customer_0365,10000,15.0,1500.0,11500.0,958.33,12,7,0.0,2026-07-02,,24,6900.02,1,2,Missed,High
C0365,Customer_0365,10000,15.0,1500.0,11500.0,958.33,12,8,958.33,2026-07-09,2026-07-09,0,5941.69,1,2,On Time,High
C0365,Customer_0365,10000,15.0,1500.0,11500.0,958.33,12,9,958.33,2026-07-16,2026-07-16,0,4983.36,1,2,On Time,High
C0365,Customer_0365,10000,15.0,1500.0,11500.0,958.33,12,10,958.33,2026-07-23,2026-07-23,0,4025.03,1,2,On Time,High
C0366,Customer_0366,5000,30.0,1500.0,6500.0,541.67,12,1,541.67,2026-05-07,2026-05-07,0,5958.33,0,0,On Time,Low
C0366,Customer_0366,5000,30.0,1500.0,6500.0,541.67,12,2,541.67,2026-05-14,2026-05-14,0,5416.66,0,0,On Time,Low
C0366,Customer_0366,5000,30.0,1500.0,6500.0,541.67,12,3,541.67,2026-05-21,2026-05-21,0,4874.99,0,0,On Time,Low
C0366,Customer_0366,5000,30.0,1500.0,6500.0,541.67,12,4,541.67,2026-05-28,2026-05-28,0,4333.32,0,0,On Time,Low
C0366,Customer_0366,5000,30.0,1500.0,6500.0,541.67,12,5,541.67,2026-06-04,2026-06-04,0,3791.65,0,0,On Time,Low
C0366,Customer_0366,5000,30.0,1500.0,6500.0,541.67,12,6,0.0,2026-06-11,,30,3791.65,0,1,Missed,Medium
C0366,Customer_0366,5000,30.0,1500.0,6500.0,541.67,12,7,541.67,2026-06-18,2026-06-18,0,3249.98,0,1,On Time,Medium
C0366,Customer_0366,5000,30.0,1500.0,6500.0,541.67,12,8,541.67,2026-06-25,2026-06-26,1,2708.31,1,1,Late,Medium
C0366,Customer_0366,5000,30.0,1500.0,6500.0,541.67,12,9,433.34,2026-07-02,2026-07-06,4,2274.97,2,1,Late,Medium
C0366,Customer_0366,5000,30.0,1500.0,6500.0,541.67,12,10,541.67,2026-07-09,2026-07-09,0,1733.3,2,1,On Time,Medium
C0367,Customer_0367,5000,20.0,1000.0,6000.0,600.0,10,1,600.0,2026-03-26,2026-03-26,0,5400.0,0,0,On Time,Low
C0367,Customer_0367,5000,20.0,1000.0,6000.0,600.0,10,2,600.0,2026-04-02,2026-04-02,0,4800.0,0,0,On Time,Low
C0367,Customer_0367,5000,20.0,1000.0,6000.0,600.0,10,3,600.0,2026-04-09,2026-04-09,0,4200.0,0,0,On Time,Low
C0367,Customer_0367,5000,20.0,1000.0,6000.0,600.0,10,4,600.0,2026-04-16,2026-04-16,0,3600.0,0,0,On Time,Low
C0367,Customer_0367,5000,20.0,1000.0,6000.0,600.0,10,5,600.0,2026-04-23,2026-04-23,0,3000.0,0,0,On Time,Low
C0367,Customer_0367,5000,20.0,1000.0,6000.0,600.0,10,6,600.0,2026-04-30,2026-04-30,0,2400.0,0,0,On Time,Low
C0367,Customer_0367,5000,20.0,1000.0,6000.0,600.0,10,7,600.0,2026-05-07,2026-05-07,0,1800.0,0,0,On Time,Low
C0367,Customer_0367,5000,20.0,1000.0,6000.0,600.0,10,8,600.0,2026-05-14,2026-05-14,0,1200.0,0,0,On Time,Low
C0367,Customer_0367,5000,20.0,1000.0,6000.0,600.0,10,9,600.0,2026-05-21,2026-05-30,9,600.0,1,0,Late,Medium
C0367,Customer_0367,5000,20.0,1000.0,6000.0,600.0,10,10,600.0,2026-05-28,2026-05-28,0,0.0,1,0,On Time,Medium
C0368,Customer_0368,3000,25.0,750.0,3750.0,187.5,20,1,225.0,2026-03-16,2026-03-19,3,3525.0,1,0,Late,Medium
C0368,Customer_0368,3000,25.0,750.0,3750.0,187.5,20,2,187.5,2026-03-23,2026-03-23,0,3337.5,1,0,On Time,Medium
C0368,Customer_0368,3000,25.0,750.0,3750.0,187.5,20,3,187.5,2026-03-30,2026-03-30,0,3150.0,1,0,On Time,Medium
C0368,Customer_0368,3000,25.0,750.0,3750.0,187.5,20,4,187.5,2026-04-06,2026-04-06,0,2962.5,1,0,On Time,Medium
C0368,Customer_0368,3000,25.0,750.0,3750.0,187.5,20,5,187.5,2026-04-13,2026-04-13,0,2775.0,1,0,On Time,Medium
C0368,Customer_0368,3000,25.0,750.0,3750.0,187.5,20,6,187.5,2026-04-20,2026-04-20,0,2587.5,1,0,On Time,Medium
C0368,Customer_0368,3000,25.0,750.0,3750.0,187.5,20,7,187.5,2026-04-27,2026-04-27,0,2400.0,1,0,On Time,Medium
C0368,Customer_0368,3000,25.0,750.0,3750.0,187.5,20,8,187.5,2026-05-04,2026-05-04,0,2212.5,1,0,On Time,Medium
C0368,Customer_0368,3000,25.0,750.0,3750.0,187.5,20,9,187.5,2026-05-11,2026-05-16,5,2025.0,2,0,Late,Medium
C0368,Customer_0368,3000,25.0,750.0,3750.0,187.5,20,10,187.5,2026-05-18,2026-05-25,7,1837.5,3,0,Late,High
C0369,Customer_0369,5000,30.0,1500.0,6500.0,433.33,15,1,433.33,2026-03-13,2026-03-13,0,6066.67,0,0,On Time,Low
C0369,Customer_0369,5000,30.0,1500.0,6500.0,433.33,15,2,433.33,2026-03-20,2026-03-20,0,5633.34,0,0,On Time,Low
C0369,Customer_0369,5000,30.0,1500.0,6500.0,433.33,15,3,433.33,2026-03-27,2026-04-01,5,5200.01,1,0,Late,Medium
C0369,Customer_0369,5000,30.0,1500.0,6500.0,433.33,15,4,433.33,2026-04-03,2026-04-03,0,4766.68,1,0,On Time,Medium
C0369,Customer_0369,5000,30.0,1500.0,6500.0,433.33,15,5,346.66,2026-04-10,2026-04-21,11,4420.02,2,0,Late,Medium
C0369,Customer_0369,5000,30.0,1500.0,6500.0,433.33,15,6,433.33,2026-04-17,2026-04-17,0,3986.69,2,0,On Time,Medium
C0369,Customer_0369,5000,30.0,1500.0,6500.0,433.33,15,7,433.33,2026-04-24,2026-04-24,0,3553.36,2,0,On Time,Medium
C0369,Customer_0369,5000,30.0,1500.0,6500.0,433.33,15,8,433.33,2026-05-01,2026-05-01,0,3120.03,2,0,On Time,Medium
C0369,Customer_0369,5000,30.0,1500.0,6500.0,433.33,15,9,433.33,2026-05-08,2026-05-08,0,2686.7,2,0,On Time,Medium
C0369,Customer_0369,5000,30.0,1500.0,6500.0,433.33,15,10,433.33,2026-05-15,2026-05-15,0,2253.37,2,0,On Time,Medium
C0370,Customer_0370,3000,20.0,600.0,3600.0,450.0,8,1,450.0,2026-06-15,2026-06-15,0,3150.0,0,0,On Time,Low
C0370,Customer_0370,3000,20.0,600.0,3600.0,450.0,8,2,450.0,2026-06-22,2026-06-28,6,2700.0,1,0,Late,Medium
C0370,Customer_0370,3000,20.0,600.0,3600.0,450.0,8,3,450.0,2026-06-29,2026-06-29,0,2250.0,1,0,On Time,Medium
C0370,Customer_0370,3000,20.0,600.0,3600.0,450.0,8,4,450.0,2026-07-06,2026-07-06,0,1800.0,1,0,On Time,Medium
C0370,Customer_0370,3000,20.0,600.0,3600.0,450.0,8,5,540.0,2026-07-13,2026-07-23,10,1260.0,2,0,Late,Medium
C0370,Customer_0370,3000,20.0,600.0,3600.0,450.0,8,6,450.0,2026-07-20,2026-07-20,0,810.0,2,0,On Time,Medium
C0370,Customer_0370,3000,20.0,600.0,3600.0,450.0,8,7,450.0,2026-07-27,2026-07-27,0,360.0,2,0,On Time,Medium
C0370,Customer_0370,3000,20.0,600.0,3600.0,450.0,8,8,450.0,2026-08-03,2026-08-03,0,0.0,2,0,On Time,Medium
C0370,Customer_0370,3000,20.0,600.0,3600.0,450.0,8,9,450.0,2026-08-10,2026-08-16,6,0.0,3,0,Late,High
C0370,Customer_0370,3000,20.0,600.0,3600.0,450.0,8,10,450.0,2026-08-17,2026-08-17,0,0.0,3,0,On Time,High
C0371,Customer_0371,10000,25.0,2500.0,12500.0,1041.67,12,1,1041.67,2026-05-31,2026-05-31,0,11458.33,0,0,On Time,Low
C0371,Customer_0371,10000,25.0,2500.0,12500.0,1041.67,12,2,1041.67,2026-06-07,2026-06-07,0,10416.66,0,0,On Time,Low
C0371,Customer_0371,10000,25.0,2500.0,12500.0,1041.67,12,3,0.0,2026-06-14,,27,10416.66,0,1,Missed,Medium
C0371,Customer_0371,10000,25.0,2500.0,12500.0,1041.67,12,4,1041.67,2026-06-21,2026-06-21,0,9374.99,0,1,On Time,Medium
C0371,Customer_0371,10000,25.0,2500.0,12500.0,1041.67,12,5,1041.67,2026-06-28,2026-07-07,9,8333.32,1,1,Late,Medium
C0371,Customer_0371,10000,25.0,2500.0,12500.0,1041.67,12,6,1041.67,2026-07-05,2026-07-05,0,7291.65,1,1,On Time,Medium
C0371,Customer_0371,10000,25.0,2500.0,12500.0,1041.67,12,7,1041.67,2026-07-12,2026-07-12,0,6249.98,1,1,On Time,Medium
C0371,Customer_0371,10000,25.0,2500.0,12500.0,1041.67,12,8,0.0,2026-07-19,,25,6249.98,1,2,Missed,High
C0371,Customer_0371,10000,25.0,2500.0,12500.0,1041.67,12,9,0.0,2026-07-26,,9,6249.98,1,3,Missed,High
C0371,Customer_0371,10000,25.0,2500.0,12500.0,1041.67,12,10,1041.67,2026-08-02,2026-08-02,0,5208.31,1,3,On Time,High
C0372,Customer_0372,5000,30.0,1500.0,6500.0,541.67,12,1,541.67,2026-03-11,2026-03-11,0,5958.33,0,0,On Time,Low
C0372,Customer_0372,5000,30.0,1500.0,6500.0,541.67,12,2,541.67,2026-03-18,2026-03-18,0,5416.66,0,0,On Time,Low
C0372,Customer_0372,5000,30.0,1500.0,6500.0,541.67,12,3,541.67,2026-03-25,2026-04-01,7,4874.99,1,0,Late,Medium
C0372,Customer_0372,5000,30.0,1500.0,6500.0,541.67,12,4,541.67,2026-04-01,2026-04-01,0,4333.32,1,0,On Time,Medium
C0372,Customer_0372,5000,30.0,1500.0,6500.0,541.67,12,5,0.0,2026-04-08,,9,4333.32,1,1,Missed,Medium
C0372,Customer_0372,5000,30.0,1500.0,6500.0,541.67,12,6,541.67,2026-04-15,2026-04-15,0,3791.65,1,1,On Time,Medium
C0372,Customer_0372,5000,30.0,1500.0,6500.0,541.67,12,7,433.34,2026-04-22,2026-04-23,1,3358.31,2,1,Late,Medium
C0372,Customer_0372,5000,30.0,1500.0,6500.0,541.67,12,8,541.67,2026-04-29,2026-05-12,13,2816.64,3,1,Late,High
C0372,Customer_0372,5000,30.0,1500.0,6500.0,541.67,12,9,433.34,2026-05-06,2026-05-15,9,2383.3,4,1,Late,High
C0372,Customer_0372,5000,30.0,1500.0,6500.0,541.67,12,10,541.67,2026-05-13,2026-05-13,0,1841.63,4,1,On Time,High
C0373,Customer_0373,15000,30.0,4500.0,19500.0,1625.0,12,1,1625.0,2026-05-30,2026-06-09,10,17875.0,1,0,Late,Medium
C0373,Customer_0373,15000,30.0,4500.0,19500.0,1625.0,12,2,1625.0,2026-06-06,2026-06-06,0,16250.0,1,0,On Time,Medium
C0373,Customer_0373,15000,30.0,4500.0,19500.0,1625.0,12,3,1625.0,2026-06-13,2026-06-13,0,14625.0,1,0,On Time,Medium
C0373,Customer_0373,15000,30.0,4500.0,19500.0,1625.0,12,4,1625.0,2026-06-20,2026-06-20,0,13000.0,1,0,On Time,Medium
C0373,Customer_0373,15000,30.0,4500.0,19500.0,1625.0,12,5,1625.0,2026-06-27,2026-06-27,0,11375.0,1,0,On Time,Medium
C0373,Customer_0373,15000,30.0,4500.0,19500.0,1625.0,12,6,1625.0,2026-07-04,2026-07-04,0,9750.0,1,0,On Time,Medium
C0373,Customer_0373,15000,30.0,4500.0,19500.0,1625.0,12,7,1625.0,2026-07-11,2026-07-11,0,8125.0,1,0,On Time,Medium
C0373,Customer_0373,15000,30.0,4500.0,19500.0,1625.0,12,8,1950.0,2026-07-18,2026-07-21,3,6175.0,2,0,Late,Medium
C0373,Customer_0373,15000,30.0,4500.0,19500.0,1625.0,12,9,1625.0,2026-07-25,2026-07-25,0,4550.0,2,0,On Time,Medium
C0373,Customer_0373,15000,30.0,4500.0,19500.0,1625.0,12,10,1625.0,2026-08-01,2026-08-01,0,2925.0,2,0,On Time,Medium
C0374,Customer_0374,20000,25.0,5000.0,25000.0,2083.33,12,1,0.0,2026-01-26,,20,25000.0,0,1,Missed,Medium
C0374,Customer_0374,20000,25.0,5000.0,25000.0,2083.33,12,2,2500.0,2026-02-02,2026-02-03,1,22500.0,1,1,Late,Medium
C0374,Customer_0374,20000,25.0,5000.0,25000.0,2083.33,12,3,2083.33,2026-02-09,2026-02-09,0,20416.67,1,1,On Time,Medium
C0374,Customer_0374,20000,25.0,5000.0,25000.0,2083.33,12,4,2083.33,2026-02-16,2026-02-16,0,18333.34,1,1,On Time,Medium
C0374,Customer_0374,20000,25.0,5000.0,25000.0,2083.33,12,5,2083.33,2026-02-23,2026-03-02,7,16250.01,2,1,Late,Medium
C0374,Customer_0374,20000,25.0,5000.0,25000.0,2083.33,12,6,2083.33,2026-03-02,2026-03-02,0,14166.68,2,1,On Time,Medium
C0374,Customer_0374,20000,25.0,5000.0,25000.0,2083.33,12,7,2083.33,2026-03-09,2026-03-09,0,12083.35,2,1,On Time,Medium
C0374,Customer_0374,20000,25.0,5000.0,25000.0,2083.33,12,8,2083.33,2026-03-16,2026-03-22,6,10000.02,3,1,Late,High
C0374,Customer_0374,20000,25.0,5000.0,25000.0,2083.33,12,9,2083.33,2026-03-23,2026-03-23,0,7916.69,3,1,On Time,High
C0374,Customer_0374,20000,25.0,5000.0,25000.0,2083.33,12,10,2083.33,2026-03-30,2026-03-30,0,5833.36,3,1,On Time,High
C0375,Customer_0375,10000,15.0,1500.0,11500.0,1437.5,8,1,1437.5,2026-05-07,2026-05-11,4,10062.5,1,0,Late,Medium
C0375,Customer_0375,10000,15.0,1500.0,11500.0,1437.5,8,2,1437.5,2026-05-14,2026-05-14,0,8625.0,1,0,On Time,Medium
C0375,Customer_0375,10000,15.0,1500.0,11500.0,1437.5,8,3,1437.5,2026-05-21,2026-05-29,8,7187.5,2,0,Late,Medium
C0375,Customer_0375,10000,15.0,1500.0,11500.0,1437.5,8,4,1437.5,2026-05-28,2026-05-28,0,5750.0,2,0,On Time,Medium
C0375,Customer_0375,10000,15.0,1500.0,11500.0,1437.5,8,5,0.0,2026-06-04,,11,5750.0,2,1,Missed,Medium
C0375,Customer_0375,10000,15.0,1500.0,11500.0,1437.5,8,6,1437.5,2026-06-11,2026-06-11,0,4312.5,2,1,On Time,Medium
C0375,Customer_0375,10000,15.0,1500.0,11500.0,1437.5,8,7,0.0,2026-06-18,,9,4312.5,2,2,Missed,High
C0375,Customer_0375,10000,15.0,1500.0,11500.0,1437.5,8,8,1437.5,2026-06-25,2026-06-25,0,2875.0,2,2,On Time,High
C0375,Customer_0375,10000,15.0,1500.0,11500.0,1437.5,8,9,1437.5,2026-07-02,2026-07-02,0,1437.5,2,2,On Time,High
C0375,Customer_0375,10000,15.0,1500.0,11500.0,1437.5,8,10,0.0,2026-07-09,,13,1437.5,2,3,Missed,High
C0376,Customer_0376,20000,20.0,4000.0,24000.0,1200.0,20,1,0.0,2026-04-25,,17,24000.0,0,1,Missed,Medium
C0376,Customer_0376,20000,20.0,4000.0,24000.0,1200.0,20,2,1200.0,2026-05-02,2026-05-02,0,22800.0,0,1,On Time,Medium
C0376,Customer_0376,20000,20.0,4000.0,24000.0,1200.0,20,3,1200.0,2026-05-09,2026-05-09,0,21600.0,0,1,On Time,Medium
C0376,Customer_0376,20000,20.0,4000.0,24000.0,1200.0,20,4,1200.0,2026-05-16,2026-05-16,0,20400.0,0,1,On Time,Medium
C0376,Customer_0376,20000,20.0,4000.0,24000.0,1200.0,20,5,0.0,2026-05-23,,13,20400.0,0,2,Missed,High
C0376,Customer_0376,20000,20.0,4000.0,24000.0,1200.0,20,6,1200.0,2026-05-30,2026-05-30,0,19200.0,0,2,On Time,High
C0376,Customer_0376,20000,20.0,4000.0,24000.0,1200.0,20,7,1200.0,2026-06-06,2026-06-06,0,18000.0,0,2,On Time,High
C0376,Customer_0376,20000,20.0,4000.0,24000.0,1200.0,20,8,0.0,2026-06-13,,27,18000.0,0,3,Missed,High
C0376,Customer_0376,20000,20.0,4000.0,24000.0,1200.0,20,9,1200.0,2026-06-20,2026-06-20,0,16800.0,0,3,On Time,High
C0376,Customer_0376,20000,20.0,4000.0,24000.0,1200.0,20,10,1200.0,2026-06-27,2026-06-27,0,15600.0,0,3,On Time,High
C0377,Customer_0377,20000,30.0,6000.0,26000.0,2600.0,10,1,2600.0,2026-01-25,2026-01-25,0,23400.0,0,0,On Time,Low
C0377,Customer_0377,20000,30.0,6000.0,26000.0,2600.0,10,2,2600.0,2026-02-01,2026-02-10,9,20800.0,1,0,Late,Medium
C0377,Customer_0377,20000,30.0,6000.0,26000.0,2600.0,10,3,2600.0,2026-02-08,2026-02-08,0,18200.0,1,0,On Time,Medium
C0377,Customer_0377,20000,30.0,6000.0,26000.0,2600.0,10,4,2600.0,2026-02-15,2026-02-15,0,15600.0,1,0,On Time,Medium
C0377,Customer_0377,20000,30.0,6000.0,26000.0,2600.0,10,5,2600.0,2026-02-22,2026-02-22,0,13000.0,1,0,On Time,Medium
C0377,Customer_0377,20000,30.0,6000.0,26000.0,2600.0,10,6,3120.0,2026-03-01,2026-03-10,9,9880.0,2,0,Late,Medium
C0377,Customer_0377,20000,30.0,6000.0,26000.0,2600.0,10,7,2600.0,2026-03-08,2026-03-08,0,7280.0,2,0,On Time,Medium
C0377,Customer_0377,20000,30.0,6000.0,26000.0,2600.0,10,8,2600.0,2026-03-15,2026-03-15,0,4680.0,2,0,On Time,Medium
C0377,Customer_0377,20000,30.0,6000.0,26000.0,2600.0,10,9,2600.0,2026-03-22,2026-03-28,6,2080.0,3,0,Late,High
C0377,Customer_0377,20000,30.0,6000.0,26000.0,2600.0,10,10,2600.0,2026-03-29,2026-03-29,0,0.0,3,0,On Time,High
C0378,Customer_0378,3000,25.0,750.0,3750.0,312.5,12,1,0.0,2026-05-04,,11,3750.0,0,1,Missed,Medium
C0378,Customer_0378,3000,25.0,750.0,3750.0,312.5,12,2,312.5,2026-05-11,2026-05-11,0,3437.5,0,1,On Time,Medium
C0378,Customer_0378,3000,25.0,750.0,3750.0,312.5,12,3,375.0,2026-05-18,2026-05-26,8,3062.5,1,1,Late,Medium
C0378,Customer_0378,3000,25.0,750.0,3750.0,312.5,12,4,312.5,2026-05-25,2026-05-25,0,2750.0,1,1,On Time,Medium
C0378,Customer_0378,3000,25.0,750.0,3750.0,312.5,12,5,312.5,2026-06-01,2026-06-01,0,2437.5,1,1,On Time,Medium
C0378,Customer_0378,3000,25.0,750.0,3750.0,312.5,12,6,312.5,2026-06-08,2026-06-08,0,2125.0,1,1,On Time,Medium
C0378,Customer_0378,3000,25.0,750.0,3750.0,312.5,12,7,312.5,2026-06-15,2026-06-15,0,1812.5,1,1,On Time,Medium
C0378,Customer_0378,3000,25.0,750.0,3750.0,312.5,12,8,312.5,2026-06-22,2026-07-01,9,1500.0,2,1,Late,Medium
C0378,Customer_0378,3000,25.0,750.0,3750.0,312.5,12,9,312.5,2026-06-29,2026-06-29,0,1187.5,2,1,On Time,Medium
C0378,Customer_0378,3000,25.0,750.0,3750.0,312.5,12,10,312.5,2026-07-06,2026-07-06,0,875.0,2,1,On Time,Medium
C0379,Customer_0379,10000,15.0,1500.0,11500.0,1150.0,10,1,1150.0,2026-05-08,2026-05-08,0,10350.0,0,0,On Time,Low
C0379,Customer_0379,10000,15.0,1500.0,11500.0,1150.0,10,2,0.0,2026-05-15,,24,10350.0,0,1,Missed,Medium
C0379,Customer_0379,10000,15.0,1500.0,11500.0,1150.0,10,3,920.0,2026-05-22,2026-05-27,5,9430.0,1,1,Late,Medium
C0379,Customer_0379,10000,15.0,1500.0,11500.0,1150.0,10,4,1150.0,2026-05-29,2026-05-29,0,8280.0,1,1,On Time,Medium
C0379,Customer_0379,10000,15.0,1500.0,11500.0,1150.0,10,5,1380.0,2026-06-05,2026-06-07,2,6900.0,2,1,Late,Medium
C0379,Customer_0379,10000,15.0,1500.0,11500.0,1150.0,10,6,1150.0,2026-06-12,2026-06-12,0,5750.0,2,1,On Time,Medium
C0379,Customer_0379,10000,15.0,1500.0,11500.0,1150.0,10,7,1150.0,2026-06-19,2026-06-24,5,4600.0,3,1,Late,High
C0379,Customer_0379,10000,15.0,1500.0,11500.0,1150.0,10,8,1150.0,2026-06-26,2026-06-26,0,3450.0,3,1,On Time,High
C0379,Customer_0379,10000,15.0,1500.0,11500.0,1150.0,10,9,1150.0,2026-07-03,2026-07-03,0,2300.0,3,1,On Time,High
C0379,Customer_0379,10000,15.0,1500.0,11500.0,1150.0,10,10,1150.0,2026-07-10,2026-07-10,0,1150.0,3,1,On Time,High
C0380,Customer_0380,5000,15.0,750.0,5750.0,287.5,20,1,287.5,2026-01-14,2026-01-14,0,5462.5,0,0,On Time,Low
C0380,Customer_0380,5000,15.0,750.0,5750.0,287.5,20,2,287.5,2026-01-21,2026-01-21,0,5175.0,0,0,On Time,Low
C0380,Customer_0380,5000,15.0,750.0,5750.0,287.5,20,3,287.5,2026-01-28,2026-01-28,0,4887.5,0,0,On Time,Low
C0380,Customer_0380,5000,15.0,750.0,5750.0,287.5,20,4,287.5,2026-02-04,2026-02-04,0,4600.0,0,0,On Time,Low
C0380,Customer_0380,5000,15.0,750.0,5750.0,287.5,20,5,287.5,2026-02-11,2026-02-11,0,4312.5,0,0,On Time,Low
C0380,Customer_0380,5000,15.0,750.0,5750.0,287.5,20,6,287.5,2026-02-18,2026-02-18,0,4025.0,0,0,On Time,Low
C0380,Customer_0380,5000,15.0,750.0,5750.0,287.5,20,7,287.5,2026-02-25,2026-02-25,0,3737.5,0,0,On Time,Low
C0380,Customer_0380,5000,15.0,750.0,5750.0,287.5,20,8,287.5,2026-03-04,2026-03-04,0,3450.0,0,0,On Time,Low
C0380,Customer_0380,5000,15.0,750.0,5750.0,287.5,20,9,345.0,2026-03-11,2026-03-24,13,3105.0,1,0,Late,Medium
C0380,Customer_0380,5000,15.0,750.0,5750.0,287.5,20,10,287.5,2026-03-18,2026-04-01,14,2817.5,2,0,Late,Medium
C0381,Customer_0381,3000,25.0,750.0,3750.0,375.0,10,1,375.0,2026-03-14,2026-03-14,0,3375.0,0,0,On Time,Low
C0381,Customer_0381,3000,25.0,750.0,3750.0,375.0,10,2,375.0,2026-03-21,2026-03-21,0,3000.0,0,0,On Time,Low
C0381,Customer_0381,3000,25.0,750.0,3750.0,375.0,10,3,375.0,2026-03-28,2026-03-28,0,2625.0,0,0,On Time,Low
C0381,Customer_0381,3000,25.0,750.0,3750.0,375.0,10,4,375.0,2026-04-04,2026-04-04,0,2250.0,0,0,On Time,Low
C0381,Customer_0381,3000,25.0,750.0,3750.0,375.0,10,5,300.0,2026-04-11,2026-04-13,2,1950.0,1,0,Late,Medium
C0381,Customer_0381,3000,25.0,750.0,3750.0,375.0,10,6,375.0,2026-04-18,2026-04-18,0,1575.0,1,0,On Time,Medium
C0381,Customer_0381,3000,25.0,750.0,3750.0,375.0,10,7,375.0,2026-04-25,2026-04-25,0,1200.0,1,0,On Time,Medium
C0381,Customer_0381,3000,25.0,750.0,3750.0,375.0,10,8,375.0,2026-05-02,2026-05-02,0,825.0,1,0,On Time,Medium
C0381,Customer_0381,3000,25.0,750.0,3750.0,375.0,10,9,0.0,2026-05-09,,22,825.0,1,1,Missed,Medium
C0381,Customer_0381,3000,25.0,750.0,3750.0,375.0,10,10,375.0,2026-05-16,2026-05-16,0,450.0,1,1,On Time,Medium
C0382,Customer_0382,15000,20.0,3000.0,18000.0,2250.0,8,1,2250.0,2026-03-21,2026-03-31,10,15750.0,1,0,Late,Medium
C0382,Customer_0382,15000,20.0,3000.0,18000.0,2250.0,8,2,2250.0,2026-03-28,2026-03-28,0,13500.0,1,0,On Time,Medium
C0382,Customer_0382,15000,20.0,3000.0,18000.0,2250.0,8,3,2250.0,2026-04-04,2026-04-04,0,11250.0,1,0,On Time,Medium
C0382,Customer_0382,15000,20.0,3000.0,18000.0,2250.0,8,4,2250.0,2026-04-11,2026-04-11,0,9000.0,1,0,On Time,Medium
C0382,Customer_0382,15000,20.0,3000.0,18000.0,2250.0,8,5,2250.0,2026-04-18,2026-04-22,4,6750.0,2,0,Late,Medium
C0382,Customer_0382,15000,20.0,3000.0,18000.0,2250.0,8,6,2250.0,2026-04-25,2026-04-25,0,4500.0,2,0,On Time,Medium
C0382,Customer_0382,15000,20.0,3000.0,18000.0,2250.0,8,7,2250.0,2026-05-02,2026-05-02,0,2250.0,2,0,On Time,Medium
C0382,Customer_0382,15000,20.0,3000.0,18000.0,2250.0,8,8,2250.0,2026-05-09,2026-05-09,0,0.0,2,0,On Time,Medium
C0382,Customer_0382,15000,20.0,3000.0,18000.0,2250.0,8,9,2250.0,2026-05-16,2026-05-16,0,0.0,2,0,On Time,Medium
C0382,Customer_0382,15000,20.0,3000.0,18000.0,2250.0,8,10,1800.0,2026-05-23,2026-06-04,12,0.0,3,0,Late,High
C0383,Customer_0383,15000,15.0,2250.0,17250.0,1437.5,12,1,1437.5,2026-04-13,2026-04-13,0,15812.5,0,0,On Time,Low
C0383,Customer_0383,15000,15.0,2250.0,17250.0,1437.5,12,2,1437.5,2026-04-20,2026-04-20,0,14375.0,0,0,On Time,Low
C0383,Customer_0383,15000,15.0,2250.0,17250.0,1437.5,12,3,1437.5,2026-04-27,2026-04-27,0,12937.5,0,0,On Time,Low
C0383,Customer_0383,15000,15.0,2250.0,17250.0,1437.5,12,4,1437.5,2026-05-04,2026-05-17,13,11500.0,1,0,Late,Medium
C0383,Customer_0383,15000,15.0,2250.0,17250.0,1437.5,12,5,1437.5,2026-05-11,2026-05-21,10,10062.5,2,0,Late,Medium
C0383,Customer_0383,15000,15.0,2250.0,17250.0,1437.5,12,6,1437.5,2026-05-18,2026-05-28,10,8625.0,3,0,Late,High
C0383,Customer_0383,15000,15.0,2250.0,17250.0,1437.5,12,7,1437.5,2026-05-25,2026-05-25,0,7187.5,3,0,On Time,High
C0383,Customer_0383,15000,15.0,2250.0,17250.0,1437.5,12,8,1437.5,2026-06-01,2026-06-01,0,5750.0,3,0,On Time,High
C0383,Customer_0383,15000,15.0,2250.0,17250.0,1437.5,12,9,1437.5,2026-06-08,2026-06-08,0,4312.5,3,0,On Time,High
C0383,Customer_0383,15000,15.0,2250.0,17250.0,1437.5,12,10,1437.5,2026-06-15,2026-06-15,0,2875.0,3,0,On Time,High
C0384,Customer_0384,20000,30.0,6000.0,26000.0,1733.33,15,1,0.0,2026-01-24,,28,26000.0,0,1,Missed,Medium
C0384,Customer_0384,20000,30.0,6000.0,26000.0,1733.33,15,2,1733.33,2026-01-31,2026-02-04,4,24266.67,1,1,Late,Medium
C0384,Customer_0384,20000,30.0,6000.0,26000.0,1733.33,15,3,1733.33,2026-02-07,2026-02-07,0,22533.34,1,1,On Time,Medium
C0384,Customer_0384,20000,30.0,6000.0,26000.0,1733.33,15,4,1733.33,2026-02-14,2026-02-14,0,20800.01,1,1,On Time,Medium
C0384,Customer_0384,20000,30.0,6000.0,26000.0,1733.33,15,5,2080.0,2026-02-21,2026-02-24,3,18720.01,2,1,Late,Medium
C0384,Customer_0384,20000,30.0,6000.0,26000.0,1733.33,15,6,0.0,2026-02-28,,26,18720.01,2,2,Missed,High
C0384,Customer_0384,20000,30.0,6000.0,26000.0,1733.33,15,7,1733.33,2026-03-07,2026-03-10,3,16986.68,3,2,Late,High
C0384,Customer_0384,20000,30.0,6000.0,26000.0,1733.33,15,8,1733.33,2026-03-14,2026-03-14,0,15253.35,3,2,On Time,High
C0384,Customer_0384,20000,30.0,6000.0,26000.0,1733.33,15,9,1733.33,2026-03-21,2026-03-21,0,13520.02,3,2,On Time,High
C0384,Customer_0384,20000,30.0,6000.0,26000.0,1733.33,15,10,1733.33,2026-03-28,2026-03-28,0,11786.69,3,2,On Time,High
C0385,Customer_0385,7000,25.0,1750.0,8750.0,1093.75,8,1,1093.75,2026-04-10,2026-04-22,12,7656.25,1,0,Late,Medium
C0385,Customer_0385,7000,25.0,1750.0,8750.0,1093.75,8,2,1093.75,2026-04-17,2026-04-17,0,6562.5,1,0,On Time,Medium
C0385,Customer_0385,7000,25.0,1750.0,8750.0,1093.75,8,3,875.0,2026-04-24,2026-05-07,13,5687.5,2,0,Late,Medium
C0385,Customer_0385,7000,25.0,1750.0,8750.0,1093.75,8,4,1093.75,2026-05-01,2026-05-01,0,4593.75,2,0,On Time,Medium
C0385,Customer_0385,7000,25.0,1750.0,8750.0,1093.75,8,5,1093.75,2026-05-08,2026-05-08,0,3500.0,2,0,On Time,Medium
C0385,Customer_0385,7000,25.0,1750.0,8750.0,1093.75,8,6,1093.75,2026-05-15,2026-05-15,0,2406.25,2,0,On Time,Medium
C0385,Customer_0385,7000,25.0,1750.0,8750.0,1093.75,8,7,1093.75,2026-05-22,2026-05-22,0,1312.5,2,0,On Time,Medium
C0385,Customer_0385,7000,25.0,1750.0,8750.0,1093.75,8,8,1093.75,2026-05-29,2026-05-29,0,218.75,2,0,On Time,Medium
C0385,Customer_0385,7000,25.0,1750.0,8750.0,1093.75,8,9,0.0,2026-06-05,,29,218.75,2,1,Missed,Medium
C0385,Customer_0385,7000,25.0,1750.0,8750.0,1093.75,8,10,1093.75,2026-06-12,2026-06-23,11,0.0,3,1,Late,High
C0386,Customer_0386,10000,30.0,3000.0,13000.0,1300.0,10,1,1300.0,2026-05-03,2026-05-08,5,11700.0,1,0,Late,Medium
C0386,Customer_0386,10000,30.0,3000.0,13000.0,1300.0,10,2,1300.0,2026-05-10,2026-05-12,2,10400.0,2,0,Late,Medium
C0386,Customer_0386,10000,30.0,3000.0,13000.0,1300.0,10,3,1300.0,2026-05-17,2026-05-17,0,9100.0,2,0,On Time,Medium
C0386,Customer_0386,10000,30.0,3000.0,13000.0,1300.0,10,4,1300.0,2026-05-24,2026-05-24,0,7800.0,2,0,On Time,Medium
C0386,Customer_0386,10000,30.0,3000.0,13000.0,1300.0,10,5,0.0,2026-05-31,,17,7800.0,2,1,Missed,Medium
C0386,Customer_0386,10000,30.0,3000.0,13000.0,1300.0,10,6,1300.0,2026-06-07,2026-06-07,0,6500.0,2,1,On Time,Medium
C0386,Customer_0386,10000,30.0,3000.0,13000.0,1300.0,10,7,1300.0,2026-06-14,2026-06-14,0,5200.0,2,1,On Time,Medium
C0386,Customer_0386,10000,30.0,3000.0,13000.0,1300.0,10,8,1300.0,2026-06-21,2026-06-21,0,3900.0,2,1,On Time,Medium
C0386,Customer_0386,10000,30.0,3000.0,13000.0,1300.0,10,9,1300.0,2026-06-28,2026-06-28,0,2600.0,2,1,On Time,Medium
C0386,Customer_0386,10000,30.0,3000.0,13000.0,1300.0,10,10,1300.0,2026-07-05,2026-07-05,0,1300.0,2,1,On Time,Medium
C0387,Customer_0387,3000,15.0,450.0,3450.0,345.0,10,1,0.0,2026-06-20,,22,3450.0,0,1,Missed,Medium
C0387,Customer_0387,3000,15.0,450.0,3450.0,345.0,10,2,414.0,2026-06-27,2026-07-01,4,3036.0,1,1,Late,Medium
C0387,Customer_0387,3000,15.0,450.0,3450.0,345.0,10,3,345.0,2026-07-04,2026-07-04,0,2691.0,1,1,On Time,Medium
C0387,Customer_0387,3000,15.0,450.0,3450.0,345.0,10,4,345.0,2026-07-11,2026-07-11,0,2346.0,1,1,On Time,Medium
C0387,Customer_0387,3000,15.0,450.0,3450.0,345.0,10,5,345.0,2026-07-18,2026-07-18,0,2001.0,1,1,On Time,Medium
C0387,Customer_0387,3000,15.0,450.0,3450.0,345.0,10,6,345.0,2026-07-25,2026-07-25,0,1656.0,1,1,On Time,Medium
C0387,Customer_0387,3000,15.0,450.0,3450.0,345.0,10,7,345.0,2026-08-01,2026-08-01,0,1311.0,1,1,On Time,Medium
C0387,Customer_0387,3000,15.0,450.0,3450.0,345.0,10,8,345.0,2026-08-08,2026-08-08,0,966.0,1,1,On Time,Medium
C0387,Customer_0387,3000,15.0,450.0,3450.0,345.0,10,9,0.0,2026-08-15,,11,966.0,1,2,Missed,High
C0387,Customer_0387,3000,15.0,450.0,3450.0,345.0,10,10,345.0,2026-08-22,2026-08-22,0,621.0,1,2,On Time,High
C0388,Customer_0388,5000,15.0,750.0,5750.0,479.17,12,1,479.17,2026-03-22,2026-03-28,6,5270.83,1,0,Late,Medium
C0388,Customer_0388,5000,15.0,750.0,5750.0,479.17,12,2,479.17,2026-03-29,2026-03-29,0,4791.66,1,0,On Time,Medium
C0388,Customer_0388,5000,15.0,750.0,5750.0,479.17,12,3,479.17,2026-04-05,2026-04-05,0,4312.49,1,0,On Time,Medium
C0388,Customer_0388,5000,15.0,750.0,5750.0,479.17,12,4,479.17,2026-04-12,2026-04-12,0,3833.32,1,0,On Time,Medium
C0388,Customer_0388,5000,15.0,750.0,5750.0,479.17,12,5,479.17,2026-04-19,2026-04-19,0,3354.15,1,0,On Time,Medium
C0388,Customer_0388,5000,15.0,750.0,5750.0,479.17,12,6,479.17,2026-04-26,2026-04-26,0,2874.98,1,0,On Time,Medium
C0388,Customer_0388,5000,15.0,750.0,5750.0,479.17,12,7,479.17,2026-05-03,2026-05-03,0,2395.81,1,0,On Time,Medium
C0388,Customer_0388,5000,15.0,750.0,5750.0,479.17,12,8,479.17,2026-05-10,2026-05-10,0,1916.64,1,0,On Time,Medium
C0388,Customer_0388,5000,15.0,750.0,5750.0,479.17,12,9,479.17,2026-05-17,2026-05-17,0,1437.47,1,0,On Time,Medium
C0388,Customer_0388,5000,15.0,750.0,5750.0,479.17,12,10,0.0,2026-05-24,,18,1437.47,1,1,Missed,Medium
C0389,Customer_0389,20000,15.0,3000.0,23000.0,1916.67,12,1,1916.67,2026-03-29,2026-03-29,0,21083.33,0,0,On Time,Low
C0389,Customer_0389,20000,15.0,3000.0,23000.0,1916.67,12,2,1916.67,2026-04-05,2026-04-05,0,19166.66,0,0,On Time,Low
C0389,Customer_0389,20000,15.0,3000.0,23000.0,1916.67,12,3,2300.0,2026-04-12,2026-04-18,6,16866.66,1,0,Late,Medium
C0389,Customer_0389,20000,15.0,3000.0,23000.0,1916.67,12,4,1916.67,2026-04-19,2026-04-30,11,14949.99,2,0,Late,Medium
C0389,Customer_0389,20000,15.0,3000.0,23000.0,1916.67,12,5,1916.67,2026-04-26,2026-04-26,0,13033.32,2,0,On Time,Medium
C0389,Customer_0389,20000,15.0,3000.0,23000.0,1916.67,12,6,1916.67,2026-05-03,2026-05-03,0,11116.65,2,0,On Time,Medium
C0389,Customer_0389,20000,15.0,3000.0,23000.0,1916.67,12,7,0.0,2026-05-10,,18,11116.65,2,1,Missed,Medium
C0389,Customer_0389,20000,15.0,3000.0,23000.0,1916.67,12,8,1916.67,2026-05-17,2026-05-17,0,9199.98,2,1,On Time,Medium
C0389,Customer_0389,20000,15.0,3000.0,23000.0,1916.67,12,9,1916.67,2026-05-24,2026-05-24,0,7283.31,2,1,On Time,Medium
C0389,Customer_0389,20000,15.0,3000.0,23000.0,1916.67,12,10,1916.67,2026-05-31,2026-06-05,5,5366.64,3,1,Late,High
C0390,Customer_0390,5000,25.0,1250.0,6250.0,625.0,10,1,625.0,2026-06-12,2026-06-24,12,5625.0,1,0,Late,Medium
C0390,Customer_0390,5000,25.0,1250.0,6250.0,625.0,10,2,625.0,2026-06-19,2026-06-19,0,5000.0,1,0,On Time,Medium
C0390,Customer_0390,5000,25.0,1250.0,6250.0,625.0,10,3,625.0,2026-06-26,2026-06-26,0,4375.0,1,0,On Time,Medium
C0390,Customer_0390,5000,25.0,1250.0,6250.0,625.0,10,4,750.0,2026-07-03,2026-07-13,10,3625.0,2,0,Late,Medium
C0390,Customer_0390,5000,25.0,1250.0,6250.0,625.0,10,5,500.0,2026-07-10,2026-07-18,8,3125.0,3,0,Late,High
C0390,Customer_0390,5000,25.0,1250.0,6250.0,625.0,10,6,625.0,2026-07-17,2026-07-17,0,2500.0,3,0,On Time,High
C0390,Customer_0390,5000,25.0,1250.0,6250.0,625.0,10,7,0.0,2026-07-24,,7,2500.0,3,1,Missed,High
C0390,Customer_0390,5000,25.0,1250.0,6250.0,625.0,10,8,625.0,2026-07-31,2026-08-08,8,1875.0,4,1,Late,High
C0390,Customer_0390,5000,25.0,1250.0,6250.0,625.0,10,9,625.0,2026-08-07,2026-08-07,0,1250.0,4,1,On Time,High
C0390,Customer_0390,5000,25.0,1250.0,6250.0,625.0,10,10,625.0,2026-08-14,2026-08-14,0,625.0,4,1,On Time,High
C0391,Customer_0391,3000,15.0,450.0,3450.0,345.0,10,1,414.0,2026-01-07,2026-01-14,7,3036.0,1,0,Late,Medium
C0391,Customer_0391,3000,15.0,450.0,3450.0,345.0,10,2,345.0,2026-01-14,2026-01-14,0,2691.0,1,0,On Time,Medium
C0391,Customer_0391,3000,15.0,450.0,3450.0,345.0,10,3,345.0,2026-01-21,2026-01-21,0,2346.0,1,0,On Time,Medium
C0391,Customer_0391,3000,15.0,450.0,3450.0,345.0,10,4,345.0,2026-01-28,2026-01-28,0,2001.0,1,0,On Time,Medium
C0391,Customer_0391,3000,15.0,450.0,3450.0,345.0,10,5,345.0,2026-02-04,2026-02-04,0,1656.0,1,0,On Time,Medium
C0391,Customer_0391,3000,15.0,450.0,3450.0,345.0,10,6,0.0,2026-02-11,,24,1656.0,1,1,Missed,Medium
C0391,Customer_0391,3000,15.0,450.0,3450.0,345.0,10,7,345.0,2026-02-18,2026-02-18,0,1311.0,1,1,On Time,Medium
C0391,Customer_0391,3000,15.0,450.0,3450.0,345.0,10,8,345.0,2026-02-25,2026-02-25,0,966.0,1,1,On Time,Medium
C0391,Customer_0391,3000,15.0,450.0,3450.0,345.0,10,9,345.0,2026-03-04,2026-03-04,0,621.0,1,1,On Time,Medium
C0391,Customer_0391,3000,15.0,450.0,3450.0,345.0,10,10,345.0,2026-03-11,2026-03-11,0,276.0,1,1,On Time,Medium
C0392,Customer_0392,10000,25.0,2500.0,12500.0,1250.0,10,1,1250.0,2026-05-28,2026-05-28,0,11250.0,0,0,On Time,Low
C0392,Customer_0392,10000,25.0,2500.0,12500.0,1250.0,10,2,1250.0,2026-06-04,2026-06-04,0,10000.0,0,0,On Time,Low
C0392,Customer_0392,10000,25.0,2500.0,12500.0,1250.0,10,3,1250.0,2026-06-11,2026-06-11,0,8750.0,0,0,On Time,Low
C0392,Customer_0392,10000,25.0,2500.0,12500.0,1250.0,10,4,1250.0,2026-06-18,2026-06-18,0,7500.0,0,0,On Time,Low
C0392,Customer_0392,10000,25.0,2500.0,12500.0,1250.0,10,5,1250.0,2026-06-25,2026-07-09,14,6250.0,1,0,Late,Medium
C0392,Customer_0392,10000,25.0,2500.0,12500.0,1250.0,10,6,1250.0,2026-07-02,2026-07-02,0,5000.0,1,0,On Time,Medium
C0392,Customer_0392,10000,25.0,2500.0,12500.0,1250.0,10,7,1000.0,2026-07-09,2026-07-12,3,4000.0,2,0,Late,Medium
C0392,Customer_0392,10000,25.0,2500.0,12500.0,1250.0,10,8,1250.0,2026-07-16,2026-07-16,0,2750.0,2,0,On Time,Medium
C0392,Customer_0392,10000,25.0,2500.0,12500.0,1250.0,10,9,1250.0,2026-07-23,2026-07-23,0,1500.0,2,0,On Time,Medium
C0392,Customer_0392,10000,25.0,2500.0,12500.0,1250.0,10,10,1500.0,2026-07-30,2026-08-13,14,0.0,3,0,Late,High
C0393,Customer_0393,10000,15.0,1500.0,11500.0,958.33,12,1,958.33,2026-02-08,2026-02-08,0,10541.67,0,0,On Time,Low
C0393,Customer_0393,10000,15.0,1500.0,11500.0,958.33,12,2,958.33,2026-02-15,2026-02-15,0,9583.34,0,0,On Time,Low
C0393,Customer_0393,10000,15.0,1500.0,11500.0,958.33,12,3,958.33,2026-02-22,2026-02-22,0,8625.01,0,0,On Time,Low
C0393,Customer_0393,10000,15.0,1500.0,11500.0,958.33,12,4,958.33,2026-03-01,2026-03-01,0,7666.68,0,0,On Time,Low
C0393,Customer_0393,10000,15.0,1500.0,11500.0,958.33,12,5,958.33,2026-03-08,2026-03-08,0,6708.35,0,0,On Time,Low
C0393,Customer_0393,10000,15.0,1500.0,11500.0,958.33,12,6,958.33,2026-03-15,2026-03-15,0,5750.02,0,0,On Time,Low
C0393,Customer_0393,10000,15.0,1500.0,11500.0,958.33,12,7,958.33,2026-03-22,2026-04-05,14,4791.69,1,0,Late,Medium
C0393,Customer_0393,10000,15.0,1500.0,11500.0,958.33,12,8,958.33,2026-03-29,2026-03-29,0,3833.36,1,0,On Time,Medium
C0393,Customer_0393,10000,15.0,1500.0,11500.0,958.33,12,9,958.33,2026-04-05,2026-04-05,0,2875.03,1,0,On Time,Medium
C0393,Customer_0393,10000,15.0,1500.0,11500.0,958.33,12,10,958.33,2026-04-12,2026-04-17,5,1916.7,2,0,Late,Medium
C0394,Customer_0394,3000,20.0,600.0,3600.0,300.0,12,1,300.0,2026-06-25,2026-06-25,0,3300.0,0,0,On Time,Low
C0394,Customer_0394,3000,20.0,600.0,3600.0,300.0,12,2,0.0,2026-07-02,,17,3300.0,0,1,Missed,Medium
C0394,Customer_0394,3000,20.0,600.0,3600.0,300.0,12,3,300.0,2026-07-09,2026-07-09,0,3000.0,0,1,On Time,Medium
C0394,Customer_0394,3000,20.0,600.0,3600.0,300.0,12,4,300.0,2026-07-16,2026-07-30,14,2700.0,1,1,Late,Medium
C0394,Customer_0394,3000,20.0,600.0,3600.0,300.0,12,5,300.0,2026-07-23,2026-07-25,2,2400.0,2,1,Late,Medium
C0394,Customer_0394,3000,20.0,600.0,3600.0,300.0,12,6,300.0,2026-07-30,2026-07-30,0,2100.0,2,1,On Time,Medium
C0394,Customer_0394,3000,20.0,600.0,3600.0,300.0,12,7,360.0,2026-08-06,2026-08-13,7,1740.0,3,1,Late,High
C0394,Customer_0394,3000,20.0,600.0,3600.0,300.0,12,8,300.0,2026-08-13,2026-08-25,12,1440.0,4,1,Late,High
C0394,Customer_0394,3000,20.0,600.0,3600.0,300.0,12,9,300.0,2026-08-20,2026-08-20,0,1140.0,4,1,On Time,High
C0394,Customer_0394,3000,20.0,600.0,3600.0,300.0,12,10,300.0,2026-08-27,2026-09-04,8,840.0,5,1,Late,High
C0395,Customer_0395,15000,25.0,3750.0,18750.0,1562.5,12,1,1250.0,2026-01-01,2026-01-15,14,17500.0,1,0,Late,Medium
C0395,Customer_0395,15000,25.0,3750.0,18750.0,1562.5,12,2,1562.5,2026-01-08,2026-01-08,0,15937.5,1,0,On Time,Medium
C0395,Customer_0395,15000,25.0,3750.0,18750.0,1562.5,12,3,1562.5,2026-01-15,2026-01-23,8,14375.0,2,0,Late,Medium
C0395,Customer_0395,15000,25.0,3750.0,18750.0,1562.5,12,4,0.0,2026-01-22,,8,14375.0,2,1,Missed,Medium
C0395,Customer_0395,15000,25.0,3750.0,18750.0,1562.5,12,5,1562.5,2026-01-29,2026-01-29,0,12812.5,2,1,On Time,Medium
C0395,Customer_0395,15000,25.0,3750.0,18750.0,1562.5,12,6,1562.5,2026-02-05,2026-02-12,7,11250.0,3,1,Late,High
C0395,Customer_0395,15000,25.0,3750.0,18750.0,1562.5,12,7,1562.5,2026-02-12,2026-02-16,4,9687.5,4,1,Late,High
C0395,Customer_0395,15000,25.0,3750.0,18750.0,1562.5,12,8,1562.5,2026-02-19,2026-03-03,12,8125.0,5,1,Late,High
C0395,Customer_0395,15000,25.0,3750.0,18750.0,1562.5,12,9,1562.5,2026-02-26,2026-03-06,8,6562.5,6,1,Late,High
C0395,Customer_0395,15000,25.0,3750.0,18750.0,1562.5,12,10,1562.5,2026-03-05,2026-03-05,0,5000.0,6,1,On Time,High
C0396,Customer_0396,20000,25.0,5000.0,25000.0,2083.33,12,1,2083.33,2026-06-12,2026-06-20,8,22916.67,1,0,Late,Medium
C0396,Customer_0396,20000,25.0,5000.0,25000.0,2083.33,12,2,2083.33,2026-06-19,2026-06-19,0,20833.34,1,0,On Time,Medium
C0396,Customer_0396,20000,25.0,5000.0,25000.0,2083.33,12,3,2083.33,2026-06-26,2026-06-26,0,18750.01,1,0,On Time,Medium
C0396,Customer_0396,20000,25.0,5000.0,25000.0,2083.33,12,4,2083.33,2026-07-03,2026-07-03,0,16666.68,1,0,On Time,Medium
C0396,Customer_0396,20000,25.0,5000.0,25000.0,2083.33,12,5,2083.33,2026-07-10,2026-07-10,0,14583.35,1,0,On Time,Medium
C0396,Customer_0396,20000,25.0,5000.0,25000.0,2083.33,12,6,1666.66,2026-07-17,2026-07-18,1,12916.69,2,0,Late,Medium
C0396,Customer_0396,20000,25.0,5000.0,25000.0,2083.33,12,7,2083.33,2026-07-24,2026-07-24,0,10833.36,2,0,On Time,Medium
C0396,Customer_0396,20000,25.0,5000.0,25000.0,2083.33,12,8,2500.0,2026-07-31,2026-08-13,13,8333.36,3,0,Late,High
C0396,Customer_0396,20000,25.0,5000.0,25000.0,2083.33,12,9,2083.33,2026-08-07,2026-08-07,0,6250.03,3,0,On Time,High
C0396,Customer_0396,20000,25.0,5000.0,25000.0,2083.33,12,10,0.0,2026-08-14,,19,6250.03,3,1,Missed,High
C0397,Customer_0397,15000,20.0,3000.0,18000.0,900.0,20,1,900.0,2026-01-10,2026-01-19,9,17100.0,1,0,Late,Medium
C0397,Customer_0397,15000,20.0,3000.0,18000.0,900.0,20,2,900.0,2026-01-17,2026-01-17,0,16200.0,1,0,On Time,Medium
C0397,Customer_0397,15000,20.0,3000.0,18000.0,900.0,20,3,900.0,2026-01-24,2026-01-24,0,15300.0,1,0,On Time,Medium
C0397,Customer_0397,15000,20.0,3000.0,18000.0,900.0,20,4,900.0,2026-01-31,2026-01-31,0,14400.0,1,0,On Time,Medium
C0397,Customer_0397,15000,20.0,3000.0,18000.0,900.0,20,5,900.0,2026-02-07,2026-02-07,0,13500.0,1,0,On Time,Medium
C0397,Customer_0397,15000,20.0,3000.0,18000.0,900.0,20,6,720.0,2026-02-14,2026-02-17,3,12780.0,2,0,Late,Medium
C0397,Customer_0397,15000,20.0,3000.0,18000.0,900.0,20,7,900.0,2026-02-21,2026-03-02,9,11880.0,3,0,Late,High
C0397,Customer_0397,15000,20.0,3000.0,18000.0,900.0,20,8,900.0,2026-02-28,2026-02-28,0,10980.0,3,0,On Time,High
C0397,Customer_0397,15000,20.0,3000.0,18000.0,900.0,20,9,0.0,2026-03-07,,28,10980.0,3,1,Missed,High
C0397,Customer_0397,15000,20.0,3000.0,18000.0,900.0,20,10,900.0,2026-03-14,2026-03-14,0,10080.0,3,1,On Time,High
C0398,Customer_0398,15000,20.0,3000.0,18000.0,2250.0,8,1,1800.0,2026-02-25,2026-03-11,14,16200.0,1,0,Late,Medium
C0398,Customer_0398,15000,20.0,3000.0,18000.0,2250.0,8,2,2250.0,2026-03-04,2026-03-17,13,13950.0,2,0,Late,Medium
C0398,Customer_0398,15000,20.0,3000.0,18000.0,2250.0,8,3,2250.0,2026-03-11,2026-03-22,11,11700.0,3,0,Late,High
C0398,Customer_0398,15000,20.0,3000.0,18000.0,2250.0,8,4,2700.0,2026-03-18,2026-03-25,7,9000.0,4,0,Late,High
C0398,Customer_0398,15000,20.0,3000.0,18000.0,2250.0,8,5,2250.0,2026-03-25,2026-03-25,0,6750.0,4,0,On Time,High
C0398,Customer_0398,15000,20.0,3000.0,18000.0,2250.0,8,6,0.0,2026-04-01,,7,6750.0,4,1,Missed,High
C0398,Customer_0398,15000,20.0,3000.0,18000.0,2250.0,8,7,2250.0,2026-04-08,2026-04-08,0,4500.0,4,1,On Time,High
C0398,Customer_0398,15000,20.0,3000.0,18000.0,2250.0,8,8,0.0,2026-04-15,,13,4500.0,4,2,Missed,High
C0398,Customer_0398,15000,20.0,3000.0,18000.0,2250.0,8,9,2250.0,2026-04-22,2026-04-22,0,2250.0,4,2,On Time,High
C0398,Customer_0398,15000,20.0,3000.0,18000.0,2250.0,8,10,2250.0,2026-04-29,2026-04-29,0,0.0,4,2,On Time,High
C0399,Customer_0399,5000,20.0,1000.0,6000.0,600.0,10,1,0.0,2026-04-08,,29,6000.0,0,1,Missed,Medium
C0399,Customer_0399,5000,20.0,1000.0,6000.0,600.0,10,2,600.0,2026-04-15,2026-04-15,0,5400.0,0,1,On Time,Medium
C0399,Customer_0399,5000,20.0,1000.0,6000.0,600.0,10,3,720.0,2026-04-22,2026-04-23,1,4680.0,1,1,Late,Medium
C0399,Customer_0399,5000,20.0,1000.0,6000.0,600.0,10,4,600.0,2026-04-29,2026-04-29,0,4080.0,1,1,On Time,Medium
C0399,Customer_0399,5000,20.0,1000.0,6000.0,600.0,10,5,600.0,2026-05-06,2026-05-06,0,3480.0,1,1,On Time,Medium
C0399,Customer_0399,5000,20.0,1000.0,6000.0,600.0,10,6,600.0,2026-05-13,2026-05-13,0,2880.0,1,1,On Time,Medium
C0399,Customer_0399,5000,20.0,1000.0,6000.0,600.0,10,7,600.0,2026-05-20,2026-05-28,8,2280.0,2,1,Late,Medium
C0399,Customer_0399,5000,20.0,1000.0,6000.0,600.0,10,8,600.0,2026-05-27,2026-05-27,0,1680.0,2,1,On Time,Medium
C0399,Customer_0399,5000,20.0,1000.0,6000.0,600.0,10,9,720.0,2026-06-03,2026-06-08,5,960.0,3,1,Late,High
C0399,Customer_0399,5000,20.0,1000.0,6000.0,600.0,10,10,600.0,2026-06-10,2026-06-10,0,360.0,3,1,On Time,High
C0400,Customer_0400,20000,25.0,5000.0,25000.0,3125.0,8,1,2500.0,2026-03-18,2026-03-23,5,22500.0,1,0,Late,Medium
C0400,Customer_0400,20000,25.0,5000.0,25000.0,3125.0,8,2,0.0,2026-03-25,,17,22500.0,1,1,Missed,Medium
C0400,Customer_0400,20000,25.0,5000.0,25000.0,3125.0,8,3,3125.0,2026-04-01,2026-04-01,0,19375.0,1,1,On Time,Medium
C0400,Customer_0400,20000,25.0,5000.0,25000.0,3125.0,8,4,3125.0,2026-04-08,2026-04-08,0,16250.0,1,1,On Time,Medium
C0400,Customer_0400,20000,25.0,5000.0,25000.0,3125.0,8,5,3125.0,2026-04-15,2026-04-18,3,13125.0,2,1,Late,Medium
C0400,Customer_0400,20000,25.0,5000.0,25000.0,3125.0,8,6,3125.0,2026-04-22,2026-04-28,6,10000.0,3,1,Late,High
C0400,Customer_0400,20000,25.0,5000.0,25000.0,3125.0,8,7,3125.0,2026-04-29,2026-04-29,0,6875.0,3,1,On Time,High
C0400,Customer_0400,20000,25.0,5000.0,25000.0,3125.0,8,8,0.0,2026-05-06,,13,6875.0,3,2,Missed,High
C0400,Customer_0400,20000,25.0,5000.0,25000.0,3125.0,8,9,3125.0,2026-05-13,2026-05-13,0,3750.0,3,2,On Time,High
C0400,Customer_0400,20000,25.0,5000.0,25000.0,3125.0,8,10,3125.0,2026-05-20,2026-05-20,0,625.0,3,2,On Time,High
C0401,Customer_0401,20000,30.0,6000.0,26000.0,3250.0,8,1,3250.0,2026-02-21,2026-02-22,1,22750.0,1,0,Late,Medium
C0401,Customer_0401,20000,30.0,6000.0,26000.0,3250.0,8,2,0.0,2026-02-28,,22,22750.0,1,1,Missed,Medium
C0401,Customer_0401,20000,30.0,6000.0,26000.0,3250.0,8,3,3250.0,2026-03-07,2026-03-07,0,19500.0,1,1,On Time,Medium
C0401,Customer_0401,20000,30.0,6000.0,26000.0,3250.0,8,4,3900.0,2026-03-14,2026-03-21,7,15600.0,2,1,Late,Medium
C0401,Customer_0401,20000,30.0,6000.0,26000.0,3250.0,8,5,0.0,2026-03-21,,23,15600.0,2,2,Missed,High
C0401,Customer_0401,20000,30.0,6000.0,26000.0,3250.0,8,6,3250.0,2026-03-28,2026-03-28,0,12350.0,2,2,On Time,High
C0401,Customer_0401,20000,30.0,6000.0,26000.0,3250.0,8,7,3250.0,2026-04-04,2026-04-08,4,9100.0,3,2,Late,High
C0401,Customer_0401,20000,30.0,6000.0,26000.0,3250.0,8,8,0.0,2026-04-11,,22,9100.0,3,3,Missed,High
C0401,Customer_0401,20000,30.0,6000.0,26000.0,3250.0,8,9,3900.0,2026-04-18,2026-04-26,8,5200.0,4,3,Late,High
C0401,Customer_0401,20000,30.0,6000.0,26000.0,3250.0,8,10,3250.0,2026-04-25,2026-04-25,0,1950.0,4,3,On Time,High
C0402,Customer_0402,15000,15.0,2250.0,17250.0,2156.25,8,1,2156.25,2026-04-10,2026-04-10,0,15093.75,0,0,On Time,Low
C0402,Customer_0402,15000,15.0,2250.0,17250.0,2156.25,8,2,2156.25,2026-04-17,2026-04-17,0,12937.5,0,0,On Time,Low
C0402,Customer_0402,15000,15.0,2250.0,17250.0,2156.25,8,3,1725.0,2026-04-24,2026-05-03,9,11212.5,1,0,Late,Medium
C0402,Customer_0402,15000,15.0,2250.0,17250.0,2156.25,8,4,2156.25,2026-05-01,2026-05-01,0,9056.25,1,0,On Time,Medium
C0402,Customer_0402,15000,15.0,2250.0,17250.0,2156.25,8,5,2587.5,2026-05-08,2026-05-17,9,6468.75,2,0,Late,Medium
C0402,Customer_0402,15000,15.0,2250.0,17250.0,2156.25,8,6,2156.25,2026-05-15,2026-05-21,6,4312.5,3,0,Late,High
C0402,Customer_0402,15000,15.0,2250.0,17250.0,2156.25,8,7,0.0,2026-05-22,,17,4312.5,3,1,Missed,High
C0402,Customer_0402,15000,15.0,2250.0,17250.0,2156.25,8,8,2156.25,2026-05-29,2026-05-29,0,2156.25,3,1,On Time,High
C0402,Customer_0402,15000,15.0,2250.0,17250.0,2156.25,8,9,2156.25,2026-06-05,2026-06-05,0,0.0,3,1,On Time,High
C0402,Customer_0402,15000,15.0,2250.0,17250.0,2156.25,8,10,2156.25,2026-06-12,2026-06-12,0,0.0,3,1,On Time,High
C0403,Customer_0403,3000,20.0,600.0,3600.0,180.0,20,1,216.0,2026-05-24,2026-06-07,14,3384.0,1,0,Late,Medium
C0403,Customer_0403,3000,20.0,600.0,3600.0,180.0,20,2,180.0,2026-05-31,2026-05-31,0,3204.0,1,0,On Time,Medium
C0403,Customer_0403,3000,20.0,600.0,3600.0,180.0,20,3,180.0,2026-06-07,2026-06-17,10,3024.0,2,0,Late,Medium
C0403,Customer_0403,3000,20.0,600.0,3600.0,180.0,20,4,216.0,2026-06-14,2026-06-19,5,2808.0,3,0,Late,High
C0403,Customer_0403,3000,20.0,600.0,3600.0,180.0,20,5,180.0,2026-06-21,2026-06-25,4,2628.0,4,0,Late,High
C0403,Customer_0403,3000,20.0,600.0,3600.0,180.0,20,6,180.0,2026-06-28,2026-06-28,0,2448.0,4,0,On Time,High
C0403,Customer_0403,3000,20.0,600.0,3600.0,180.0,20,7,180.0,2026-07-05,2026-07-05,0,2268.0,4,0,On Time,High
C0403,Customer_0403,3000,20.0,600.0,3600.0,180.0,20,8,180.0,2026-07-12,2026-07-12,0,2088.0,4,0,On Time,High
C0403,Customer_0403,3000,20.0,600.0,3600.0,180.0,20,9,180.0,2026-07-19,2026-07-19,0,1908.0,4,0,On Time,High
C0403,Customer_0403,3000,20.0,600.0,3600.0,180.0,20,10,180.0,2026-07-26,2026-07-26,0,1728.0,4,0,On Time,High
C0404,Customer_0404,7000,30.0,2100.0,9100.0,758.33,12,1,758.33,2026-03-19,2026-03-19,0,8341.67,0,0,On Time,Low
C0404,Customer_0404,7000,30.0,2100.0,9100.0,758.33,12,2,758.33,2026-03-26,2026-03-26,0,7583.34,0,0,On Time,Low
C0404,Customer_0404,7000,30.0,2100.0,9100.0,758.33,12,3,0.0,2026-04-02,,14,7583.34,0,1,Missed,Medium
C0404,Customer_0404,7000,30.0,2100.0,9100.0,758.33,12,4,758.33,2026-04-09,2026-04-09,0,6825.01,0,1,On Time,Medium
C0404,Customer_0404,7000,30.0,2100.0,9100.0,758.33,12,5,758.33,2026-04-16,2026-04-16,0,6066.68,0,1,On Time,Medium
C0404,Customer_0404,7000,30.0,2100.0,9100.0,758.33,12,6,758.33,2026-04-23,2026-04-23,0,5308.35,0,1,On Time,Medium
C0404,Customer_0404,7000,30.0,2100.0,9100.0,758.33,12,7,758.33,2026-04-30,2026-04-30,0,4550.02,0,1,On Time,Medium
C0404,Customer_0404,7000,30.0,2100.0,9100.0,758.33,12,8,758.33,2026-05-07,2026-05-07,0,3791.69,0,1,On Time,Medium
C0404,Customer_0404,7000,30.0,2100.0,9100.0,758.33,12,9,758.33,2026-05-14,2026-05-14,0,3033.36,0,1,On Time,Medium
C0404,Customer_0404,7000,30.0,2100.0,9100.0,758.33,12,10,758.33,2026-05-21,2026-05-21,0,2275.03,0,1,On Time,Medium
C0405,Customer_0405,20000,15.0,3000.0,23000.0,1150.0,20,1,1150.0,2026-05-11,2026-05-11,0,21850.0,0,0,On Time,Low
C0405,Customer_0405,20000,15.0,3000.0,23000.0,1150.0,20,2,920.0,2026-05-18,2026-05-30,12,20930.0,1,0,Late,Medium
C0405,Customer_0405,20000,15.0,3000.0,23000.0,1150.0,20,3,1150.0,2026-05-25,2026-05-26,1,19780.0,2,0,Late,Medium
C0405,Customer_0405,20000,15.0,3000.0,23000.0,1150.0,20,4,0.0,2026-06-01,,9,19780.0,2,1,Missed,Medium
C0405,Customer_0405,20000,15.0,3000.0,23000.0,1150.0,20,5,1150.0,2026-06-08,2026-06-21,13,18630.0,3,1,Late,High
C0405,Customer_0405,20000,15.0,3000.0,23000.0,1150.0,20,6,1150.0,2026-06-15,2026-06-15,0,17480.0,3,1,On Time,High
C0405,Customer_0405,20000,15.0,3000.0,23000.0,1150.0,20,7,1150.0,2026-06-22,2026-06-22,0,16330.0,3,1,On Time,High
C0405,Customer_0405,20000,15.0,3000.0,23000.0,1150.0,20,8,0.0,2026-06-29,,10,16330.0,3,2,Missed,High
C0405,Customer_0405,20000,15.0,3000.0,23000.0,1150.0,20,9,1380.0,2026-07-06,2026-07-16,10,14950.0,4,2,Late,High
C0405,Customer_0405,20000,15.0,3000.0,23000.0,1150.0,20,10,1150.0,2026-07-13,2026-07-13,0,13800.0,4,2,On Time,High
C0406,Customer_0406,20000,25.0,5000.0,25000.0,3125.0,8,1,0.0,2026-06-24,,11,25000.0,0,1,Missed,Medium
C0406,Customer_0406,20000,25.0,5000.0,25000.0,3125.0,8,2,3125.0,2026-07-01,2026-07-01,0,21875.0,0,1,On Time,Medium
C0406,Customer_0406,20000,25.0,5000.0,25000.0,3125.0,8,3,3125.0,2026-07-08,2026-07-08,0,18750.0,0,1,On Time,Medium
C0406,Customer_0406,20000,25.0,5000.0,25000.0,3125.0,8,4,3750.0,2026-07-15,2026-07-18,3,15000.0,1,1,Late,Medium
C0406,Customer_0406,20000,25.0,5000.0,25000.0,3125.0,8,5,3125.0,2026-07-22,2026-07-22,0,11875.0,1,1,On Time,Medium
C0406,Customer_0406,20000,25.0,5000.0,25000.0,3125.0,8,6,3125.0,2026-07-29,2026-07-29,0,8750.0,1,1,On Time,Medium
C0406,Customer_0406,20000,25.0,5000.0,25000.0,3125.0,8,7,3125.0,2026-08-05,2026-08-05,0,5625.0,1,1,On Time,Medium
C0406,Customer_0406,20000,25.0,5000.0,25000.0,3125.0,8,8,0.0,2026-08-12,,22,5625.0,1,2,Missed,High
C0406,Customer_0406,20000,25.0,5000.0,25000.0,3125.0,8,9,3125.0,2026-08-19,2026-08-19,0,2500.0,1,2,On Time,High
C0406,Customer_0406,20000,25.0,5000.0,25000.0,3125.0,8,10,0.0,2026-08-26,,22,2500.0,1,3,Missed,High
C0407,Customer_0407,7000,25.0,1750.0,8750.0,1093.75,8,1,1093.75,2026-04-23,2026-04-23,0,7656.25,0,0,On Time,Low
C0407,Customer_0407,7000,25.0,1750.0,8750.0,1093.75,8,2,1093.75,2026-04-30,2026-04-30,0,6562.5,0,0,On Time,Low
C0407,Customer_0407,7000,25.0,1750.0,8750.0,1093.75,8,3,1093.75,2026-05-07,2026-05-07,0,5468.75,0,0,On Time,Low
C0407,Customer_0407,7000,25.0,1750.0,8750.0,1093.75,8,4,1093.75,2026-05-14,2026-05-14,0,4375.0,0,0,On Time,Low
C0407,Customer_0407,7000,25.0,1750.0,8750.0,1093.75,8,5,0.0,2026-05-21,,11,4375.0,0,1,Missed,Medium
C0407,Customer_0407,7000,25.0,1750.0,8750.0,1093.75,8,6,1093.75,2026-05-28,2026-06-06,9,3281.25,1,1,Late,Medium
C0407,Customer_0407,7000,25.0,1750.0,8750.0,1093.75,8,7,1093.75,2026-06-04,2026-06-04,0,2187.5,1,1,On Time,Medium
C0407,Customer_0407,7000,25.0,1750.0,8750.0,1093.75,8,8,1093.75,2026-06-11,2026-06-11,0,1093.75,1,1,On Time,Medium
C0407,Customer_0407,7000,25.0,1750.0,8750.0,1093.75,8,9,0.0,2026-06-18,,13,1093.75,1,2,Missed,High
C0407,Customer_0407,7000,25.0,1750.0,8750.0,1093.75,8,10,1093.75,2026-06-25,2026-06-25,0,0.0,1,2,On Time,High
C0408,Customer_0408,5000,30.0,1500.0,6500.0,541.67,12,1,541.67,2026-03-14,2026-03-14,0,5958.33,0,0,On Time,Low
C0408,Customer_0408,5000,30.0,1500.0,6500.0,541.67,12,2,650.0,2026-03-21,2026-04-02,12,5308.33,1,0,Late,Medium
C0408,Customer_0408,5000,30.0,1500.0,6500.0,541.67,12,3,0.0,2026-03-28,,29,5308.33,1,1,Missed,Medium
C0408,Customer_0408,5000,30.0,1500.0,6500.0,541.67,12,4,541.67,2026-04-04,2026-04-04,0,4766.66,1,1,On Time,Medium
C0408,Customer_0408,5000,30.0,1500.0,6500.0,541.67,12,5,0.0,2026-04-11,,30,4766.66,1,2,Missed,High
C0408,Customer_0408,5000,30.0,1500.0,6500.0,541.67,12,6,650.0,2026-04-18,2026-04-20,2,4116.66,2,2,Late,High
C0408,Customer_0408,5000,30.0,1500.0,6500.0,541.67,12,7,541.67,2026-04-25,2026-05-08,13,3574.99,3,2,Late,High
C0408,Customer_0408,5000,30.0,1500.0,6500.0,541.67,12,8,541.67,2026-05-02,2026-05-02,0,3033.32,3,2,On Time,High
C0408,Customer_0408,5000,30.0,1500.0,6500.0,541.67,12,9,541.67,2026-05-09,2026-05-16,7,2491.65,4,2,Late,High
C0408,Customer_0408,5000,30.0,1500.0,6500.0,541.67,12,10,0.0,2026-05-16,,17,2491.65,4,3,Missed,High
C0409,Customer_0409,5000,25.0,1250.0,6250.0,416.67,15,1,416.67,2026-03-16,2026-03-16,0,5833.33,0,0,On Time,Low
C0409,Customer_0409,5000,25.0,1250.0,6250.0,416.67,15,2,0.0,2026-03-23,,13,5833.33,0,1,Missed,Medium
C0409,Customer_0409,5000,25.0,1250.0,6250.0,416.67,15,3,416.67,2026-03-30,2026-03-30,0,5416.66,0,1,On Time,Medium
C0409,Customer_0409,5000,25.0,1250.0,6250.0,416.67,15,4,0.0,2026-04-06,,18,5416.66,0,2,Missed,High
C0409,Customer_0409,5000,25.0,1250.0,6250.0,416.67,15,5,416.67,2026-04-13,2026-04-19,6,4999.99,1,2,Late,High
C0409,Customer_0409,5000,25.0,1250.0,6250.0,416.67,15,6,416.67,2026-04-20,2026-04-20,0,4583.32,1,2,On Time,High
C0409,Customer_0409,5000,25.0,1250.0,6250.0,416.67,15,7,333.34,2026-04-27,2026-05-11,14,4249.98,2,2,Late,High
C0409,Customer_0409,5000,25.0,1250.0,6250.0,416.67,15,8,416.67,2026-05-04,2026-05-04,0,3833.31,2,2,On Time,High
C0409,Customer_0409,5000,25.0,1250.0,6250.0,416.67,15,9,416.67,2026-05-11,2026-05-11,0,3416.64,2,2,On Time,High
C0409,Customer_0409,5000,25.0,1250.0,6250.0,416.67,15,10,416.67,2026-05-18,2026-05-18,0,2999.97,2,2,On Time,High
C0410,Customer_0410,3000,25.0,750.0,3750.0,312.5,12,1,312.5,2026-03-11,2026-03-11,0,3437.5,0,0,On Time,Low
C0410,Customer_0410,3000,25.0,750.0,3750.0,312.5,12,2,312.5,2026-03-18,2026-03-18,0,3125.0,0,0,On Time,Low
C0410,Customer_0410,3000,25.0,750.0,3750.0,312.5,12,3,375.0,2026-03-25,2026-04-04,10,2750.0,1,0,Late,Medium
C0410,Customer_0410,3000,25.0,750.0,3750.0,312.5,12,4,0.0,2026-04-01,,11,2750.0,1,1,Missed,Medium
C0410,Customer_0410,3000,25.0,750.0,3750.0,312.5,12,5,312.5,2026-04-08,2026-04-08,0,2437.5,1,1,On Time,Medium
C0410,Customer_0410,3000,25.0,750.0,3750.0,312.5,12,6,312.5,2026-04-15,2026-04-15,0,2125.0,1,1,On Time,Medium
C0410,Customer_0410,3000,25.0,750.0,3750.0,312.5,12,7,0.0,2026-04-22,,7,2125.0,1,2,Missed,High
C0410,Customer_0410,3000,25.0,750.0,3750.0,312.5,12,8,312.5,2026-04-29,2026-04-29,0,1812.5,1,2,On Time,High
C0410,Customer_0410,3000,25.0,750.0,3750.0,312.5,12,9,312.5,2026-05-06,2026-05-06,0,1500.0,1,2,On Time,High
C0410,Customer_0410,3000,25.0,750.0,3750.0,312.5,12,10,312.5,2026-05-13,2026-05-13,0,1187.5,1,2,On Time,High
C0411,Customer_0411,10000,25.0,2500.0,12500.0,1562.5,8,1,1562.5,2026-03-18,2026-03-18,0,10937.5,0,0,On Time,Low
C0411,Customer_0411,10000,25.0,2500.0,12500.0,1562.5,8,2,1562.5,2026-03-25,2026-03-25,0,9375.0,0,0,On Time,Low
C0411,Customer_0411,10000,25.0,2500.0,12500.0,1562.5,8,3,1562.5,2026-04-01,2026-04-01,0,7812.5,0,0,On Time,Low
C0411,Customer_0411,10000,25.0,2500.0,12500.0,1562.5,8,4,1562.5,2026-04-08,2026-04-08,0,6250.0,0,0,On Time,Low
C0411,Customer_0411,10000,25.0,2500.0,12500.0,1562.5,8,5,1562.5,2026-04-15,2026-04-15,0,4687.5,0,0,On Time,Low
C0411,Customer_0411,10000,25.0,2500.0,12500.0,1562.5,8,6,1562.5,2026-04-22,2026-04-22,0,3125.0,0,0,On Time,Low
C0411,Customer_0411,10000,25.0,2500.0,12500.0,1562.5,8,7,1562.5,2026-04-29,2026-04-29,0,1562.5,0,0,On Time,Low
C0411,Customer_0411,10000,25.0,2500.0,12500.0,1562.5,8,8,1562.5,2026-05-06,2026-05-06,0,0.0,0,0,On Time,Low
C0411,Customer_0411,10000,25.0,2500.0,12500.0,1562.5,8,9,1250.0,2026-05-13,2026-05-19,6,0.0,1,0,Late,Medium
C0411,Customer_0411,10000,25.0,2500.0,12500.0,1562.5,8,10,1562.5,2026-05-20,2026-05-20,0,0.0,1,0,On Time,Medium
C0412,Customer_0412,5000,25.0,1250.0,6250.0,312.5,20,1,312.5,2026-01-04,2026-01-04,0,5937.5,0,0,On Time,Low
C0412,Customer_0412,5000,25.0,1250.0,6250.0,312.5,20,2,250.0,2026-01-11,2026-01-17,6,5687.5,1,0,Late,Medium
C0412,Customer_0412,5000,25.0,1250.0,6250.0,312.5,20,3,312.5,2026-01-18,2026-01-18,0,5375.0,1,0,On Time,Medium
C0412,Customer_0412,5000,25.0,1250.0,6250.0,312.5,20,4,312.5,2026-01-25,2026-01-25,0,5062.5,1,0,On Time,Medium
C0412,Customer_0412,5000,25.0,1250.0,6250.0,312.5,20,5,312.5,2026-02-01,2026-02-01,0,4750.0,1,0,On Time,Medium
C0412,Customer_0412,5000,25.0,1250.0,6250.0,312.5,20,6,312.5,2026-02-08,2026-02-08,0,4437.5,1,0,On Time,Medium
C0412,Customer_0412,5000,25.0,1250.0,6250.0,312.5,20,7,312.5,2026-02-15,2026-02-15,0,4125.0,1,0,On Time,Medium
C0412,Customer_0412,5000,25.0,1250.0,6250.0,312.5,20,8,250.0,2026-02-22,2026-03-08,14,3875.0,2,0,Late,Medium
C0412,Customer_0412,5000,25.0,1250.0,6250.0,312.5,20,9,375.0,2026-03-01,2026-03-09,8,3500.0,3,0,Late,High
C0412,Customer_0412,5000,25.0,1250.0,6250.0,312.5,20,10,312.5,2026-03-08,2026-03-08,0,3187.5,3,0,On Time,High
C0413,Customer_0413,10000,30.0,3000.0,13000.0,1083.33,12,1,0.0,2026-01-19,,21,13000.0,0,1,Missed,Medium
C0413,Customer_0413,10000,30.0,3000.0,13000.0,1083.33,12,2,1083.33,2026-01-26,2026-01-28,2,11916.67,1,1,Late,Medium
C0413,Customer_0413,10000,30.0,3000.0,13000.0,1083.33,12,3,1083.33,2026-02-02,2026-02-02,0,10833.34,1,1,On Time,Medium
C0413,Customer_0413,10000,30.0,3000.0,13000.0,1083.33,12,4,1083.33,2026-02-09,2026-02-09,0,9750.01,1,1,On Time,Medium
C0413,Customer_0413,10000,30.0,3000.0,13000.0,1083.33,12,5,866.66,2026-02-16,2026-02-26,10,8883.35,2,1,Late,Medium
C0413,Customer_0413,10000,30.0,3000.0,13000.0,1083.33,12,6,1083.33,2026-02-23,2026-02-23,0,7800.02,2,1,On Time,Medium
C0413,Customer_0413,10000,30.0,3000.0,13000.0,1083.33,12,7,1083.33,2026-03-02,2026-03-02,0,6716.69,2,1,On Time,Medium
C0413,Customer_0413,10000,30.0,3000.0,13000.0,1083.33,12,8,1083.33,2026-03-09,2026-03-09,0,5633.36,2,1,On Time,Medium
C0413,Customer_0413,10000,30.0,3000.0,13000.0,1083.33,12,9,1083.33,2026-03-16,2026-03-17,1,4550.03,3,1,Late,High
C0413,Customer_0413,10000,30.0,3000.0,13000.0,1083.33,12,10,1300.0,2026-03-23,2026-04-06,14,3250.03,4,1,Late,High
C0414,Customer_0414,10000,30.0,3000.0,13000.0,866.67,15,1,866.67,2026-06-20,2026-06-20,0,12133.33,0,0,On Time,Low
C0414,Customer_0414,10000,30.0,3000.0,13000.0,866.67,15,2,866.67,2026-06-27,2026-06-27,0,11266.66,0,0,On Time,Low
C0414,Customer_0414,10000,30.0,3000.0,13000.0,866.67,15,3,866.67,2026-07-04,2026-07-04,0,10399.99,0,0,On Time,Low
C0414,Customer_0414,10000,30.0,3000.0,13000.0,866.67,15,4,866.67,2026-07-11,2026-07-11,0,9533.32,0,0,On Time,Low
C0414,Customer_0414,10000,30.0,3000.0,13000.0,866.67,15,5,693.34,2026-07-18,2026-07-20,2,8839.98,1,0,Late,Medium
C0414,Customer_0414,10000,30.0,3000.0,13000.0,866.67,15,6,866.67,2026-07-25,2026-07-25,0,7973.31,1,0,On Time,Medium
C0414,Customer_0414,10000,30.0,3000.0,13000.0,866.67,15,7,866.67,2026-08-01,2026-08-01,0,7106.64,1,0,On Time,Medium
C0414,Customer_0414,10000,30.0,3000.0,13000.0,866.67,15,8,866.67,2026-08-08,2026-08-08,0,6239.97,1,0,On Time,Medium
C0414,Customer_0414,10000,30.0,3000.0,13000.0,866.67,15,9,0.0,2026-08-15,,17,6239.97,1,1,Missed,Medium
C0414,Customer_0414,10000,30.0,3000.0,13000.0,866.67,15,10,866.67,2026-08-22,2026-08-22,0,5373.3,1,1,On Time,Medium
C0415,Customer_0415,7000,20.0,1400.0,8400.0,1050.0,8,1,1050.0,2026-02-06,2026-02-06,0,7350.0,0,0,On Time,Low
C0415,Customer_0415,7000,20.0,1400.0,8400.0,1050.0,8,2,1050.0,2026-02-13,2026-02-13,0,6300.0,0,0,On Time,Low
C0415,Customer_0415,7000,20.0,1400.0,8400.0,1050.0,8,3,1260.0,2026-02-20,2026-03-01,9,5040.0,1,0,Late,Medium
C0415,Customer_0415,7000,20.0,1400.0,8400.0,1050.0,8,4,1050.0,2026-02-27,2026-02-27,0,3990.0,1,0,On Time,Medium
C0415,Customer_0415,7000,20.0,1400.0,8400.0,1050.0,8,5,1050.0,2026-03-06,2026-03-06,0,2940.0,1,0,On Time,Medium
C0415,Customer_0415,7000,20.0,1400.0,8400.0,1050.0,8,6,1260.0,2026-03-13,2026-03-19,6,1680.0,2,0,Late,Medium
C0415,Customer_0415,7000,20.0,1400.0,8400.0,1050.0,8,7,1050.0,2026-03-20,2026-03-20,0,630.0,2,0,On Time,Medium
C0415,Customer_0415,7000,20.0,1400.0,8400.0,1050.0,8,8,1050.0,2026-03-27,2026-03-27,0,0.0,2,0,On Time,Medium
C0415,Customer_0415,7000,20.0,1400.0,8400.0,1050.0,8,9,1050.0,2026-04-03,2026-04-03,0,0.0,2,0,On Time,Medium
C0415,Customer_0415,7000,20.0,1400.0,8400.0,1050.0,8,10,1260.0,2026-04-10,2026-04-20,10,0.0,3,0,Late,High
C0416,Customer_0416,10000,20.0,2000.0,12000.0,1000.0,12,1,1000.0,2026-01-12,2026-01-12,0,11000.0,0,0,On Time,Low
C0416,Customer_0416,10000,20.0,2000.0,12000.0,1000.0,12,2,1000.0,2026-01-19,2026-01-23,4,10000.0,1,0,Late,Medium
C0416,Customer_0416,10000,20.0,2000.0,12000.0,1000.0,12,3,1000.0,2026-01-26,2026-01-26,0,9000.0,1,0,On Time,Medium
C0416,Customer_0416,10000,20.0,2000.0,12000.0,1000.0,12,4,1000.0,2026-02-02,2026-02-11,9,8000.0,2,0,Late,Medium
C0416,Customer_0416,10000,20.0,2000.0,12000.0,1000.0,12,5,1000.0,2026-02-09,2026-02-09,0,7000.0,2,0,On Time,Medium
C0416,Customer_0416,10000,20.0,2000.0,12000.0,1000.0,12,6,1000.0,2026-02-16,2026-02-16,0,6000.0,2,0,On Time,Medium
C0416,Customer_0416,10000,20.0,2000.0,12000.0,1000.0,12,7,0.0,2026-02-23,,29,6000.0,2,1,Missed,Medium
C0416,Customer_0416,10000,20.0,2000.0,12000.0,1000.0,12,8,1000.0,2026-03-02,2026-03-02,0,5000.0,2,1,On Time,Medium
C0416,Customer_0416,10000,20.0,2000.0,12000.0,1000.0,12,9,1000.0,2026-03-09,2026-03-09,0,4000.0,2,1,On Time,Medium
C0416,Customer_0416,10000,20.0,2000.0,12000.0,1000.0,12,10,1000.0,2026-03-16,2026-03-19,3,3000.0,3,1,Late,High
C0417,Customer_0417,7000,25.0,1750.0,8750.0,729.17,12,1,729.17,2026-02-25,2026-02-25,0,8020.83,0,0,On Time,Low
C0417,Customer_0417,7000,25.0,1750.0,8750.0,729.17,12,2,729.17,2026-03-04,2026-03-04,0,7291.66,0,0,On Time,Low
C0417,Customer_0417,7000,25.0,1750.0,8750.0,729.17,12,3,729.17,2026-03-11,2026-03-17,6,6562.49,1,0,Late,Medium
C0417,Customer_0417,7000,25.0,1750.0,8750.0,729.17,12,4,729.17,2026-03-18,2026-03-20,2,5833.32,2,0,Late,Medium
C0417,Customer_0417,7000,25.0,1750.0,8750.0,729.17,12,5,729.17,2026-03-25,2026-03-25,0,5104.15,2,0,On Time,Medium
C0417,Customer_0417,7000,25.0,1750.0,8750.0,729.17,12,6,875.0,2026-04-01,2026-04-10,9,4229.15,3,0,Late,High
C0417,Customer_0417,7000,25.0,1750.0,8750.0,729.17,12,7,729.17,2026-04-08,2026-04-08,0,3499.98,3,0,On Time,High
C0417,Customer_0417,7000,25.0,1750.0,8750.0,729.17,12,8,729.17,2026-04-15,2026-04-15,0,2770.81,3,0,On Time,High
C0417,Customer_0417,7000,25.0,1750.0,8750.0,729.17,12,9,729.17,2026-04-22,2026-04-22,0,2041.64,3,0,On Time,High
C0417,Customer_0417,7000,25.0,1750.0,8750.0,729.17,12,10,729.17,2026-04-29,2026-04-29,0,1312.47,3,0,On Time,High
C0418,Customer_0418,20000,20.0,4000.0,24000.0,2400.0,10,1,2400.0,2026-05-13,2026-05-13,0,21600.0,0,0,On Time,Low
C0418,Customer_0418,20000,20.0,4000.0,24000.0,2400.0,10,2,2400.0,2026-05-20,2026-05-20,0,19200.0,0,0,On Time,Low
C0418,Customer_0418,20000,20.0,4000.0,24000.0,2400.0,10,3,2400.0,2026-05-27,2026-05-27,0,16800.0,0,0,On Time,Low
C0418,Customer_0418,20000,20.0,4000.0,24000.0,2400.0,10,4,2400.0,2026-06-03,2026-06-03,0,14400.0,0,0,On Time,Low
C0418,Customer_0418,20000,20.0,4000.0,24000.0,2400.0,10,5,2400.0,2026-06-10,2026-06-15,5,12000.0,1,0,Late,Medium
C0418,Customer_0418,20000,20.0,4000.0,24000.0,2400.0,10,6,2400.0,2026-06-17,2026-06-29,12,9600.0,2,0,Late,Medium
C0418,Customer_0418,20000,20.0,4000.0,24000.0,2400.0,10,7,2400.0,2026-06-24,2026-06-25,1,7200.0,3,0,Late,High
C0418,Customer_0418,20000,20.0,4000.0,24000.0,2400.0,10,8,2400.0,2026-07-01,2026-07-01,0,4800.0,3,0,On Time,High
C0418,Customer_0418,20000,20.0,4000.0,24000.0,2400.0,10,9,2400.0,2026-07-08,2026-07-08,0,2400.0,3,0,On Time,High
C0418,Customer_0418,20000,20.0,4000.0,24000.0,2400.0,10,10,1920.0,2026-07-15,2026-07-26,11,480.0,4,0,Late,High
C0419,Customer_0419,10000,25.0,2500.0,12500.0,625.0,20,1,625.0,2026-01-24,2026-01-24,0,11875.0,0,0,On Time,Low
C0419,Customer_0419,10000,25.0,2500.0,12500.0,625.0,20,2,625.0,2026-01-31,2026-02-06,6,11250.0,1,0,Late,Medium
C0419,Customer_0419,10000,25.0,2500.0,12500.0,625.0,20,3,500.0,2026-02-07,2026-02-18,11,10750.0,2,0,Late,Medium
C0419,Customer_0419,10000,25.0,2500.0,12500.0,625.0,20,4,625.0,2026-02-14,2026-02-27,13,10125.0,3,0,Late,High
C0419,Customer_0419,10000,25.0,2500.0,12500.0,625.0,20,5,625.0,2026-02-21,2026-02-27,6,9500.0,4,0,Late,High
C0419,Customer_0419,10000,25.0,2500.0,12500.0,625.0,20,6,625.0,2026-02-28,2026-02-28,0,8875.0,4,0,On Time,High
C0419,Customer_0419,10000,25.0,2500.0,12500.0,625.0,20,7,625.0,2026-03-07,2026-03-07,0,8250.0,4,0,On Time,High
C0419,Customer_0419,10000,25.0,2500.0,12500.0,625.0,20,8,625.0,2026-03-14,2026-03-14,0,7625.0,4,0,On Time,High
C0419,Customer_0419,10000,25.0,2500.0,12500.0,625.0,20,9,625.0,2026-03-21,2026-03-21,0,7000.0,4,0,On Time,High
C0419,Customer_0419,10000,25.0,2500.0,12500.0,625.0,20,10,625.0,2026-03-28,2026-04-09,12,6375.0,5,0,Late,High
C0420,Customer_0420,5000,20.0,1000.0,6000.0,600.0,10,1,480.0,2026-06-09,2026-06-17,8,5520.0,1,0,Late,Medium
C0420,Customer_0420,5000,20.0,1000.0,6000.0,600.0,10,2,600.0,2026-06-16,2026-06-16,0,4920.0,1,0,On Time,Medium
C0420,Customer_0420,5000,20.0,1000.0,6000.0,600.0,10,3,600.0,2026-06-23,2026-06-23,0,4320.0,1,0,On Time,Medium
C0420,Customer_0420,5000,20.0,1000.0,6000.0,600.0,10,4,600.0,2026-06-30,2026-06-30,0,3720.0,1,0,On Time,Medium
C0420,Customer_0420,5000,20.0,1000.0,6000.0,600.0,10,5,600.0,2026-07-07,2026-07-07,0,3120.0,1,0,On Time,Medium
C0420,Customer_0420,5000,20.0,1000.0,6000.0,600.0,10,6,600.0,2026-07-14,2026-07-14,0,2520.0,1,0,On Time,Medium
C0420,Customer_0420,5000,20.0,1000.0,6000.0,600.0,10,7,600.0,2026-07-21,2026-07-21,0,1920.0,1,0,On Time,Medium
C0420,Customer_0420,5000,20.0,1000.0,6000.0,600.0,10,8,600.0,2026-07-28,2026-07-28,0,1320.0,1,0,On Time,Medium
C0420,Customer_0420,5000,20.0,1000.0,6000.0,600.0,10,9,480.0,2026-08-04,2026-08-13,9,840.0,2,0,Late,Medium
C0420,Customer_0420,5000,20.0,1000.0,6000.0,600.0,10,10,600.0,2026-08-11,2026-08-11,0,240.0,2,0,On Time,Medium
C0421,Customer_0421,7000,30.0,2100.0,9100.0,606.67,15,1,606.67,2026-06-17,2026-06-17,0,8493.33,0,0,On Time,Low
C0421,Customer_0421,7000,30.0,2100.0,9100.0,606.67,15,2,606.67,2026-06-24,2026-06-24,0,7886.66,0,0,On Time,Low
C0421,Customer_0421,7000,30.0,2100.0,9100.0,606.67,15,3,606.67,2026-07-01,2026-07-01,0,7279.99,0,0,On Time,Low
C0421,Customer_0421,7000,30.0,2100.0,9100.0,606.67,15,4,606.67,2026-07-08,2026-07-08,0,6673.32,0,0,On Time,Low
C0421,Customer_0421,7000,30.0,2100.0,9100.0,606.67,15,5,606.67,2026-07-15,2026-07-15,0,6066.65,0,0,On Time,Low
C0421,Customer_0421,7000,30.0,2100.0,9100.0,606.67,15,6,606.67,2026-07-22,2026-07-22,0,5459.98,0,0,On Time,Low
C0421,Customer_0421,7000,30.0,2100.0,9100.0,606.67,15,7,606.67,2026-07-29,2026-07-29,0,4853.31,0,0,On Time,Low
C0421,Customer_0421,7000,30.0,2100.0,9100.0,606.67,15,8,606.67,2026-08-05,2026-08-12,7,4246.64,1,0,Late,Medium
C0421,Customer_0421,7000,30.0,2100.0,9100.0,606.67,15,9,606.67,2026-08-12,2026-08-12,0,3639.97,1,0,On Time,Medium
C0421,Customer_0421,7000,30.0,2100.0,9100.0,606.67,15,10,606.67,2026-08-19,2026-08-19,0,3033.3,1,0,On Time,Medium
C0422,Customer_0422,7000,15.0,1050.0,8050.0,670.83,12,1,670.83,2026-06-14,2026-06-14,0,7379.17,0,0,On Time,Low
C0422,Customer_0422,7000,15.0,1050.0,8050.0,670.83,12,2,670.83,2026-06-21,2026-06-21,0,6708.34,0,0,On Time,Low
C0422,Customer_0422,7000,15.0,1050.0,8050.0,670.83,12,3,805.0,2026-06-28,2026-07-11,13,5903.34,1,0,Late,Medium
C0422,Customer_0422,7000,15.0,1050.0,8050.0,670.83,12,4,670.83,2026-07-05,2026-07-05,0,5232.51,1,0,On Time,Medium
C0422,Customer_0422,7000,15.0,1050.0,8050.0,670.83,12,5,670.83,2026-07-12,2026-07-16,4,4561.68,2,0,Late,Medium
C0422,Customer_0422,7000,15.0,1050.0,8050.0,670.83,12,6,670.83,2026-07-19,2026-07-19,0,3890.85,2,0,On Time,Medium
C0422,Customer_0422,7000,15.0,1050.0,8050.0,670.83,12,7,670.83,2026-07-26,2026-07-26,0,3220.02,2,0,On Time,Medium
C0422,Customer_0422,7000,15.0,1050.0,8050.0,670.83,12,8,670.83,2026-08-02,2026-08-02,0,2549.19,2,0,On Time,Medium
C0422,Customer_0422,7000,15.0,1050.0,8050.0,670.83,12,9,670.83,2026-08-09,2026-08-09,0,1878.36,2,0,On Time,Medium
C0422,Customer_0422,7000,15.0,1050.0,8050.0,670.83,12,10,536.66,2026-08-16,2026-08-25,9,1341.7,3,0,Late,High
C0423,Customer_0423,15000,20.0,3000.0,18000.0,900.0,20,1,0.0,2026-03-29,,7,18000.0,0,1,Missed,Medium
C0423,Customer_0423,15000,20.0,3000.0,18000.0,900.0,20,2,720.0,2026-04-05,2026-04-17,12,17280.0,1,1,Late,Medium
C0423,Customer_0423,15000,20.0,3000.0,18000.0,900.0,20,3,900.0,2026-04-12,2026-04-12,0,16380.0,1,1,On Time,Medium
C0423,Customer_0423,15000,20.0,3000.0,18000.0,900.0,20,4,900.0,2026-04-19,2026-04-20,1,15480.0,2,1,Late,Medium
C0423,Customer_0423,15000,20.0,3000.0,18000.0,900.0,20,5,720.0,2026-04-26,2026-05-08,12,14760.0,3,1,Late,High
C0423,Customer_0423,15000,20.0,3000.0,18000.0,900.0,20,6,900.0,2026-05-03,2026-05-12,9,13860.0,4,1,Late,High
C0423,Customer_0423,15000,20.0,3000.0,18000.0,900.0,20,7,900.0,2026-05-10,2026-05-16,6,12960.0,5,1,Late,High
C0423,Customer_0423,15000,20.0,3000.0,18000.0,900.0,20,8,900.0,2026-05-17,2026-05-17,0,12060.0,5,1,On Time,High
C0423,Customer_0423,15000,20.0,3000.0,18000.0,900.0,20,9,900.0,2026-05-24,2026-05-24,0,11160.0,5,1,On Time,High
C0423,Customer_0423,15000,20.0,3000.0,18000.0,900.0,20,10,900.0,2026-05-31,2026-05-31,0,10260.0,5,1,On Time,High
C0424,Customer_0424,10000,15.0,1500.0,11500.0,958.33,12,1,958.33,2026-04-15,2026-04-15,0,10541.67,0,0,On Time,Low
C0424,Customer_0424,10000,15.0,1500.0,11500.0,958.33,12,2,0.0,2026-04-22,,15,10541.67,0,1,Missed,Medium
C0424,Customer_0424,10000,15.0,1500.0,11500.0,958.33,12,3,958.33,2026-04-29,2026-04-29,0,9583.34,0,1,On Time,Medium
C0424,Customer_0424,10000,15.0,1500.0,11500.0,958.33,12,4,958.33,2026-05-06,2026-05-06,0,8625.01,0,1,On Time,Medium
C0424,Customer_0424,10000,15.0,1500.0,11500.0,958.33,12,5,958.33,2026-05-13,2026-05-13,0,7666.68,0,1,On Time,Medium
C0424,Customer_0424,10000,15.0,1500.0,11500.0,958.33,12,6,958.33,2026-05-20,2026-05-20,0,6708.35,0,1,On Time,Medium
C0424,Customer_0424,10000,15.0,1500.0,11500.0,958.33,12,7,958.33,2026-05-27,2026-05-27,0,5750.02,0,1,On Time,Medium
C0424,Customer_0424,10000,15.0,1500.0,11500.0,958.33,12,8,766.66,2026-06-03,2026-06-13,10,4983.36,1,1,Late,Medium
C0424,Customer_0424,10000,15.0,1500.0,11500.0,958.33,12,9,0.0,2026-06-10,,10,4983.36,1,2,Missed,High
C0424,Customer_0424,10000,15.0,1500.0,11500.0,958.33,12,10,958.33,2026-06-17,2026-06-17,0,4025.03,1,2,On Time,High
C0425,Customer_0425,5000,30.0,1500.0,6500.0,325.0,20,1,390.0,2026-01-28,2026-02-03,6,6110.0,1,0,Late,Medium
C0425,Customer_0425,5000,30.0,1500.0,6500.0,325.0,20,2,325.0,2026-02-04,2026-02-04,0,5785.0,1,0,On Time,Medium
C0425,Customer_0425,5000,30.0,1500.0,6500.0,325.0,20,3,325.0,2026-02-11,2026-02-21,10,5460.0,2,0,Late,Medium
C0425,Customer_0425,5000,30.0,1500.0,6500.0,325.0,20,4,325.0,2026-02-18,2026-02-18,0,5135.0,2,0,On Time,Medium
C0425,Customer_0425,5000,30.0,1500.0,6500.0,325.0,20,5,325.0,2026-02-25,2026-02-25,0,4810.0,2,0,On Time,Medium
C0425,Customer_0425,5000,30.0,1500.0,6500.0,325.0,20,6,325.0,2026-03-04,2026-03-04,0,4485.0,2,0,On Time,Medium
C0425,Customer_0425,5000,30.0,1500.0,6500.0,325.0,20,7,325.0,2026-03-11,2026-03-11,0,4160.0,2,0,On Time,Medium
C0425,Customer_0425,5000,30.0,1500.0,6500.0,325.0,20,8,325.0,2026-03-18,2026-03-18,0,3835.0,2,0,On Time,Medium
C0425,Customer_0425,5000,30.0,1500.0,6500.0,325.0,20,9,325.0,2026-03-25,2026-03-25,0,3510.0,2,0,On Time,Medium
C0425,Customer_0425,5000,30.0,1500.0,6500.0,325.0,20,10,325.0,2026-04-01,2026-04-01,0,3185.0,2,0,On Time,Medium
C0426,Customer_0426,10000,15.0,1500.0,11500.0,766.67,15,1,766.67,2026-05-18,2026-05-30,12,10733.33,1,0,Late,Medium
C0426,Customer_0426,10000,15.0,1500.0,11500.0,766.67,15,2,613.34,2026-05-25,2026-05-27,2,10119.99,2,0,Late,Medium
C0426,Customer_0426,10000,15.0,1500.0,11500.0,766.67,15,3,766.67,2026-06-01,2026-06-01,0,9353.32,2,0,On Time,Medium
C0426,Customer_0426,10000,15.0,1500.0,11500.0,766.67,15,4,766.67,2026-06-08,2026-06-08,0,8586.65,2,0,On Time,Medium
C0426,Customer_0426,10000,15.0,1500.0,11500.0,766.67,15,5,766.67,2026-06-15,2026-06-15,0,7819.98,2,0,On Time,Medium
C0426,Customer_0426,10000,15.0,1500.0,11500.0,766.67,15,6,766.67,2026-06-22,2026-06-22,0,7053.31,2,0,On Time,Medium
C0426,Customer_0426,10000,15.0,1500.0,11500.0,766.67,15,7,766.67,2026-06-29,2026-06-30,1,6286.64,3,0,Late,High
C0426,Customer_0426,10000,15.0,1500.0,11500.0,766.67,15,8,766.67,2026-07-06,2026-07-06,0,5519.97,3,0,On Time,High
C0426,Customer_0426,10000,15.0,1500.0,11500.0,766.67,15,9,0.0,2026-07-13,,19,5519.97,3,1,Missed,High
C0426,Customer_0426,10000,15.0,1500.0,11500.0,766.67,15,10,766.67,2026-07-20,2026-07-20,0,4753.3,3,1,On Time,High
C0427,Customer_0427,3000,20.0,600.0,3600.0,180.0,20,1,180.0,2026-05-22,2026-05-22,0,3420.0,0,0,On Time,Low
C0427,Customer_0427,3000,20.0,600.0,3600.0,180.0,20,2,180.0,2026-05-29,2026-05-29,0,3240.0,0,0,On Time,Low
C0427,Customer_0427,3000,20.0,600.0,3600.0,180.0,20,3,180.0,2026-06-05,2026-06-05,0,3060.0,0,0,On Time,Low
C0427,Customer_0427,3000,20.0,600.0,3600.0,180.0,20,4,180.0,2026-06-12,2026-06-12,0,2880.0,0,0,On Time,Low
C0427,Customer_0427,3000,20.0,600.0,3600.0,180.0,20,5,180.0,2026-06-19,2026-06-28,9,2700.0,1,0,Late,Medium
C0427,Customer_0427,3000,20.0,600.0,3600.0,180.0,20,6,180.0,2026-06-26,2026-06-26,0,2520.0,1,0,On Time,Medium
C0427,Customer_0427,3000,20.0,600.0,3600.0,180.0,20,7,180.0,2026-07-03,2026-07-03,0,2340.0,1,0,On Time,Medium
C0427,Customer_0427,3000,20.0,600.0,3600.0,180.0,20,8,180.0,2026-07-10,2026-07-10,0,2160.0,1,0,On Time,Medium
C0427,Customer_0427,3000,20.0,600.0,3600.0,180.0,20,9,180.0,2026-07-17,2026-07-18,1,1980.0,2,0,Late,Medium
C0427,Customer_0427,3000,20.0,600.0,3600.0,180.0,20,10,216.0,2026-07-24,2026-08-02,9,1764.0,3,0,Late,High
C0428,Customer_0428,5000,15.0,750.0,5750.0,718.75,8,1,718.75,2026-05-12,2026-05-12,0,5031.25,0,0,On Time,Low
C0428,Customer_0428,5000,15.0,750.0,5750.0,718.75,8,2,0.0,2026-05-19,,9,5031.25,0,1,Missed,Medium
C0428,Customer_0428,5000,15.0,750.0,5750.0,718.75,8,3,718.75,2026-05-26,2026-06-07,12,4312.5,1,1,Late,Medium
C0428,Customer_0428,5000,15.0,750.0,5750.0,718.75,8,4,718.75,2026-06-02,2026-06-02,0,3593.75,1,1,On Time,Medium
C0428,Customer_0428,5000,15.0,750.0,5750.0,718.75,8,5,0.0,2026-06-09,,28,3593.75,1,2,Missed,High
C0428,Customer_0428,5000,15.0,750.0,5750.0,718.75,8,6,718.75,2026-06-16,2026-06-16,0,2875.0,1,2,On Time,High
C0428,Customer_0428,5000,15.0,750.0,5750.0,718.75,8,7,718.75,2026-06-23,2026-07-03,10,2156.25,2,2,Late,High
C0428,Customer_0428,5000,15.0,750.0,5750.0,718.75,8,8,718.75,2026-06-30,2026-06-30,0,1437.5,2,2,On Time,High
C0428,Customer_0428,5000,15.0,750.0,5750.0,718.75,8,9,0.0,2026-07-07,,14,1437.5,2,3,Missed,High
C0428,Customer_0428,5000,15.0,750.0,5750.0,718.75,8,10,0.0,2026-07-14,,19,1437.5,2,4,Missed,High
C0429,Customer_0429,15000,30.0,4500.0,19500.0,1950.0,10,1,1950.0,2026-02-15,2026-02-15,0,17550.0,0,0,On Time,Low
C0429,Customer_0429,15000,30.0,4500.0,19500.0,1950.0,10,2,1950.0,2026-02-22,2026-02-22,0,15600.0,0,0,On Time,Low
C0429,Customer_0429,15000,30.0,4500.0,19500.0,1950.0,10,3,1950.0,2026-03-01,2026-03-01,0,13650.0,0,0,On Time,Low
C0429,Customer_0429,15000,30.0,4500.0,19500.0,1950.0,10,4,1950.0,2026-03-08,2026-03-12,4,11700.0,1,0,Late,Medium
C0429,Customer_0429,15000,30.0,4500.0,19500.0,1950.0,10,5,1950.0,2026-03-15,2026-03-15,0,9750.0,1,0,On Time,Medium
C0429,Customer_0429,15000,30.0,4500.0,19500.0,1950.0,10,6,1950.0,2026-03-22,2026-03-22,0,7800.0,1,0,On Time,Medium
C0429,Customer_0429,15000,30.0,4500.0,19500.0,1950.0,10,7,1950.0,2026-03-29,2026-04-08,10,5850.0,2,0,Late,Medium
C0429,Customer_0429,15000,30.0,4500.0,19500.0,1950.0,10,8,1950.0,2026-04-05,2026-04-05,0,3900.0,2,0,On Time,Medium
C0429,Customer_0429,15000,30.0,4500.0,19500.0,1950.0,10,9,1950.0,2026-04-12,2026-04-12,0,1950.0,2,0,On Time,Medium
C0429,Customer_0429,15000,30.0,4500.0,19500.0,1950.0,10,10,1950.0,2026-04-19,2026-04-23,4,0.0,3,0,Late,High
C0430,Customer_0430,15000,15.0,2250.0,17250.0,1150.0,15,1,1150.0,2026-03-31,2026-03-31,0,16100.0,0,0,On Time,Low
C0430,Customer_0430,15000,15.0,2250.0,17250.0,1150.0,15,2,1150.0,2026-04-07,2026-04-07,0,14950.0,0,0,On Time,Low
C0430,Customer_0430,15000,15.0,2250.0,17250.0,1150.0,15,3,1150.0,2026-04-14,2026-04-15,1,13800.0,1,0,Late,Medium
C0430,Customer_0430,15000,15.0,2250.0,17250.0,1150.0,15,4,1150.0,2026-04-21,2026-04-21,0,12650.0,1,0,On Time,Medium
C0430,Customer_0430,15000,15.0,2250.0,17250.0,1150.0,15,5,1150.0,2026-04-28,2026-04-28,0,11500.0,1,0,On Time,Medium
C0430,Customer_0430,15000,15.0,2250.0,17250.0,1150.0,15,6,920.0,2026-05-05,2026-05-13,8,10580.0,2,0,Late,Medium
C0430,Customer_0430,15000,15.0,2250.0,17250.0,1150.0,15,7,1150.0,2026-05-12,2026-05-12,0,9430.0,2,0,On Time,Medium
C0430,Customer_0430,15000,15.0,2250.0,17250.0,1150.0,15,8,1150.0,2026-05-19,2026-05-19,0,8280.0,2,0,On Time,Medium
C0430,Customer_0430,15000,15.0,2250.0,17250.0,1150.0,15,9,1150.0,2026-05-26,2026-05-26,0,7130.0,2,0,On Time,Medium
C0430,Customer_0430,15000,15.0,2250.0,17250.0,1150.0,15,10,1150.0,2026-06-02,2026-06-12,10,5980.0,3,0,Late,High
C0431,Customer_0431,5000,15.0,750.0,5750.0,383.33,15,1,306.66,2026-01-23,2026-01-25,2,5443.34,1,0,Late,Medium
C0431,Customer_0431,5000,15.0,750.0,5750.0,383.33,15,2,383.33,2026-01-30,2026-01-30,0,5060.01,1,0,On Time,Medium
C0431,Customer_0431,5000,15.0,750.0,5750.0,383.33,15,3,383.33,2026-02-06,2026-02-06,0,4676.68,1,0,On Time,Medium
C0431,Customer_0431,5000,15.0,750.0,5750.0,383.33,15,4,383.33,2026-02-13,2026-02-13,0,4293.35,1,0,On Time,Medium
C0431,Customer_0431,5000,15.0,750.0,5750.0,383.33,15,5,383.33,2026-02-20,2026-02-20,0,3910.02,1,0,On Time,Medium
C0431,Customer_0431,5000,15.0,750.0,5750.0,383.33,15,6,460.0,2026-02-27,2026-03-05,6,3450.02,2,0,Late,Medium
C0431,Customer_0431,5000,15.0,750.0,5750.0,383.33,15,7,383.33,2026-03-06,2026-03-06,0,3066.69,2,0,On Time,Medium
C0431,Customer_0431,5000,15.0,750.0,5750.0,383.33,15,8,383.33,2026-03-13,2026-03-13,0,2683.36,2,0,On Time,Medium
C0431,Customer_0431,5000,15.0,750.0,5750.0,383.33,15,9,383.33,2026-03-20,2026-03-20,0,2300.03,2,0,On Time,Medium
C0431,Customer_0431,5000,15.0,750.0,5750.0,383.33,15,10,383.33,2026-03-27,2026-03-27,0,1916.7,2,0,On Time,Medium
C0432,Customer_0432,20000,30.0,6000.0,26000.0,2600.0,10,1,2600.0,2026-06-05,2026-06-05,0,23400.0,0,0,On Time,Low
C0432,Customer_0432,20000,30.0,6000.0,26000.0,2600.0,10,2,2600.0,2026-06-12,2026-06-12,0,20800.0,0,0,On Time,Low
C0432,Customer_0432,20000,30.0,6000.0,26000.0,2600.0,10,3,2600.0,2026-06-19,2026-06-19,0,18200.0,0,0,On Time,Low
C0432,Customer_0432,20000,30.0,6000.0,26000.0,2600.0,10,4,2600.0,2026-06-26,2026-06-26,0,15600.0,0,0,On Time,Low
C0432,Customer_0432,20000,30.0,6000.0,26000.0,2600.0,10,5,2600.0,2026-07-03,2026-07-14,11,13000.0,1,0,Late,Medium
C0432,Customer_0432,20000,30.0,6000.0,26000.0,2600.0,10,6,0.0,2026-07-10,,18,13000.0,1,1,Missed,Medium
C0432,Customer_0432,20000,30.0,6000.0,26000.0,2600.0,10,7,2600.0,2026-07-17,2026-07-17,0,10400.0,1,1,On Time,Medium
C0432,Customer_0432,20000,30.0,6000.0,26000.0,2600.0,10,8,2600.0,2026-07-24,2026-07-24,0,7800.0,1,1,On Time,Medium
C0432,Customer_0432,20000,30.0,6000.0,26000.0,2600.0,10,9,2600.0,2026-07-31,2026-07-31,0,5200.0,1,1,On Time,Medium
C0432,Customer_0432,20000,30.0,6000.0,26000.0,2600.0,10,10,2600.0,2026-08-07,2026-08-07,0,2600.0,1,1,On Time,Medium
C0433,Customer_0433,7000,15.0,1050.0,8050.0,805.0,10,1,805.0,2026-01-20,2026-01-20,0,7245.0,0,0,On Time,Low
C0433,Customer_0433,7000,15.0,1050.0,8050.0,805.0,10,2,805.0,2026-01-27,2026-01-27,0,6440.0,0,0,On Time,Low
C0433,Customer_0433,7000,15.0,1050.0,8050.0,805.0,10,3,805.0,2026-02-03,2026-02-11,8,5635.0,1,0,Late,Medium
C0433,Customer_0433,7000,15.0,1050.0,8050.0,805.0,10,4,805.0,2026-02-10,2026-02-10,0,4830.0,1,0,On Time,Medium
C0433,Customer_0433,7000,15.0,1050.0,8050.0,805.0,10,5,805.0,2026-02-17,2026-02-17,0,4025.0,1,0,On Time,Medium
C0433,Customer_0433,7000,15.0,1050.0,8050.0,805.0,10,6,805.0,2026-02-24,2026-02-24,0,3220.0,1,0,On Time,Medium
C0433,Customer_0433,7000,15.0,1050.0,8050.0,805.0,10,7,805.0,2026-03-03,2026-03-03,0,2415.0,1,0,On Time,Medium
C0433,Customer_0433,7000,15.0,1050.0,8050.0,805.0,10,8,805.0,2026-03-10,2026-03-10,0,1610.0,1,0,On Time,Medium
C0433,Customer_0433,7000,15.0,1050.0,8050.0,805.0,10,9,805.0,2026-03-17,2026-03-17,0,805.0,1,0,On Time,Medium
C0433,Customer_0433,7000,15.0,1050.0,8050.0,805.0,10,10,805.0,2026-03-24,2026-03-24,0,0.0,1,0,On Time,Medium
C0434,Customer_0434,7000,30.0,2100.0,9100.0,1137.5,8,1,910.0,2026-05-25,2026-06-08,14,8190.0,1,0,Late,Medium
C0434,Customer_0434,7000,30.0,2100.0,9100.0,1137.5,8,2,0.0,2026-06-01,,18,8190.0,1,1,Missed,Medium
C0434,Customer_0434,7000,30.0,2100.0,9100.0,1137.5,8,3,0.0,2026-06-08,,17,8190.0,1,2,Missed,High
C0434,Customer_0434,7000,30.0,2100.0,9100.0,1137.5,8,4,0.0,2026-06-15,,27,8190.0,1,3,Missed,High
C0434,Customer_0434,7000,30.0,2100.0,9100.0,1137.5,8,5,1137.5,2026-06-22,2026-06-22,0,7052.5,1,3,On Time,High
C0434,Customer_0434,7000,30.0,2100.0,9100.0,1137.5,8,6,1137.5,2026-06-29,2026-06-29,0,5915.0,1,3,On Time,High
C0434,Customer_0434,7000,30.0,2100.0,9100.0,1137.5,8,7,1137.5,2026-07-06,2026-07-06,0,4777.5,1,3,On Time,High
C0434,Customer_0434,7000,30.0,2100.0,9100.0,1137.5,8,8,0.0,2026-07-13,,14,4777.5,1,4,Missed,High
C0434,Customer_0434,7000,30.0,2100.0,9100.0,1137.5,8,9,1137.5,2026-07-20,2026-07-20,0,3640.0,1,4,On Time,High
C0434,Customer_0434,7000,30.0,2100.0,9100.0,1137.5,8,10,1365.0,2026-07-27,2026-08-07,11,2275.0,2,4,Late,High
C0435,Customer_0435,15000,30.0,4500.0,19500.0,1300.0,15,1,1300.0,2026-03-09,2026-03-09,0,18200.0,0,0,On Time,Low
C0435,Customer_0435,15000,30.0,4500.0,19500.0,1300.0,15,2,1560.0,2026-03-16,2026-03-28,12,16640.0,1,0,Late,Medium
C0435,Customer_0435,15000,30.0,4500.0,19500.0,1300.0,15,3,1300.0,2026-03-23,2026-03-23,0,15340.0,1,0,On Time,Medium
C0435,Customer_0435,15000,30.0,4500.0,19500.0,1300.0,15,4,1300.0,2026-03-30,2026-04-05,6,14040.0,2,0,Late,Medium
C0435,Customer_0435,15000,30.0,4500.0,19500.0,1300.0,15,5,1300.0,2026-04-06,2026-04-18,12,12740.0,3,0,Late,High
C0435,Customer_0435,15000,30.0,4500.0,19500.0,1300.0,15,6,1300.0,2026-04-13,2026-04-13,0,11440.0,3,0,On Time,High
C0435,Customer_0435,15000,30.0,4500.0,19500.0,1300.0,15,7,1300.0,2026-04-20,2026-04-20,0,10140.0,3,0,On Time,High
C0435,Customer_0435,15000,30.0,4500.0,19500.0,1300.0,15,8,1300.0,2026-04-27,2026-04-27,0,8840.0,3,0,On Time,High
C0435,Customer_0435,15000,30.0,4500.0,19500.0,1300.0,15,9,1300.0,2026-05-04,2026-05-04,0,7540.0,3,0,On Time,High
C0435,Customer_0435,15000,30.0,4500.0,19500.0,1300.0,15,10,1300.0,2026-05-11,2026-05-11,0,6240.0,3,0,On Time,High
C0436,Customer_0436,5000,20.0,1000.0,6000.0,300.0,20,1,300.0,2026-02-27,2026-02-27,0,5700.0,0,0,On Time,Low
C0436,Customer_0436,5000,20.0,1000.0,6000.0,300.0,20,2,300.0,2026-03-06,2026-03-06,0,5400.0,0,0,On Time,Low
C0436,Customer_0436,5000,20.0,1000.0,6000.0,300.0,20,3,300.0,2026-03-13,2026-03-13,0,5100.0,0,0,On Time,Low
C0436,Customer_0436,5000,20.0,1000.0,6000.0,300.0,20,4,300.0,2026-03-20,2026-03-20,0,4800.0,0,0,On Time,Low
C0436,Customer_0436,5000,20.0,1000.0,6000.0,300.0,20,5,300.0,2026-03-27,2026-03-27,0,4500.0,0,0,On Time,Low
C0436,Customer_0436,5000,20.0,1000.0,6000.0,300.0,20,6,300.0,2026-04-03,2026-04-16,13,4200.0,1,0,Late,Medium
C0436,Customer_0436,5000,20.0,1000.0,6000.0,300.0,20,7,300.0,2026-04-10,2026-04-12,2,3900.0,2,0,Late,Medium
C0436,Customer_0436,5000,20.0,1000.0,6000.0,300.0,20,8,300.0,2026-04-17,2026-04-17,0,3600.0,2,0,On Time,Medium
C0436,Customer_0436,5000,20.0,1000.0,6000.0,300.0,20,9,0.0,2026-04-24,,26,3600.0,2,1,Missed,Medium
C0436,Customer_0436,5000,20.0,1000.0,6000.0,300.0,20,10,300.0,2026-05-01,2026-05-01,0,3300.0,2,1,On Time,Medium
C0437,Customer_0437,10000,30.0,3000.0,13000.0,1083.33,12,1,1083.33,2026-06-26,2026-06-27,1,11916.67,1,0,Late,Medium
C0437,Customer_0437,10000,30.0,3000.0,13000.0,1083.33,12,2,1083.33,2026-07-03,2026-07-03,0,10833.34,1,0,On Time,Medium
C0437,Customer_0437,10000,30.0,3000.0,13000.0,1083.33,12,3,1083.33,2026-07-10,2026-07-10,0,9750.01,1,0,On Time,Medium
C0437,Customer_0437,10000,30.0,3000.0,13000.0,1083.33,12,4,0.0,2026-07-17,,21,9750.01,1,1,Missed,Medium
C0437,Customer_0437,10000,30.0,3000.0,13000.0,1083.33,12,5,1300.0,2026-07-24,2026-08-07,14,8450.01,2,1,Late,Medium
C0437,Customer_0437,10000,30.0,3000.0,13000.0,1083.33,12,6,1083.33,2026-07-31,2026-08-01,1,7366.68,3,1,Late,High
C0437,Customer_0437,10000,30.0,3000.0,13000.0,1083.33,12,7,1083.33,2026-08-07,2026-08-14,7,6283.35,4,1,Late,High
C0437,Customer_0437,10000,30.0,3000.0,13000.0,1083.33,12,8,1083.33,2026-08-14,2026-08-14,0,5200.02,4,1,On Time,High
C0437,Customer_0437,10000,30.0,3000.0,13000.0,1083.33,12,9,1083.33,2026-08-21,2026-08-21,0,4116.69,4,1,On Time,High
C0437,Customer_0437,10000,30.0,3000.0,13000.0,1083.33,12,10,1083.33,2026-08-28,2026-08-28,0,3033.36,4,1,On Time,High
C0438,Customer_0438,20000,30.0,6000.0,26000.0,3250.0,8,1,3250.0,2026-06-21,2026-06-21,0,22750.0,0,0,On Time,Low
C0438,Customer_0438,20000,30.0,6000.0,26000.0,3250.0,8,2,2600.0,2026-06-28,2026-07-02,4,20150.0,1,0,Late,Medium
C0438,Customer_0438,20000,30.0,6000.0,26000.0,3250.0,8,3,2600.0,2026-07-05,2026-07-08,3,17550.0,2,0,Late,Medium
C0438,Customer_0438,20000,30.0,6000.0,26000.0,3250.0,8,4,3250.0,2026-07-12,2026-07-12,0,14300.0,2,0,On Time,Medium
C0438,Customer_0438,20000,30.0,6000.0,26000.0,3250.0,8,5,3250.0,2026-07-19,2026-07-19,0,11050.0,2,0,On Time,Medium
C0438,Customer_0438,20000,30.0,6000.0,26000.0,3250.0,8,6,0.0,2026-07-26,,20,11050.0,2,1,Missed,Medium
C0438,Customer_0438,20000,30.0,6000.0,26000.0,3250.0,8,7,3250.0,2026-08-02,2026-08-02,0,7800.0,2,1,On Time,Medium
C0438,Customer_0438,20000,30.0,6000.0,26000.0,3250.0,8,8,3250.0,2026-08-09,2026-08-09,0,4550.0,2,1,On Time,Medium
C0438,Customer_0438,20000,30.0,6000.0,26000.0,3250.0,8,9,2600.0,2026-08-16,2026-08-25,9,1950.0,3,1,Late,High
C0438,Customer_0438,20000,30.0,6000.0,26000.0,3250.0,8,10,3250.0,2026-08-23,2026-09-05,13,0.0,4,1,Late,High
C0439,Customer_0439,10000,15.0,1500.0,11500.0,1437.5,8,1,1437.5,2026-05-30,2026-06-13,14,10062.5,1,0,Late,Medium
C0439,Customer_0439,10000,15.0,1500.0,11500.0,1437.5,8,2,1437.5,2026-06-06,2026-06-15,9,8625.0,2,0,Late,Medium
C0439,Customer_0439,10000,15.0,1500.0,11500.0,1437.5,8,3,1437.5,2026-06-13,2026-06-13,0,7187.5,2,0,On Time,Medium
C0439,Customer_0439,10000,15.0,1500.0,11500.0,1437.5,8,4,1437.5,2026-06-20,2026-06-21,1,5750.0,3,0,Late,High
C0439,Customer_0439,10000,15.0,1500.0,11500.0,1437.5,8,5,1437.5,2026-06-27,2026-06-27,0,4312.5,3,0,On Time,High
C0439,Customer_0439,10000,15.0,1500.0,11500.0,1437.5,8,6,1437.5,2026-07-04,2026-07-04,0,2875.0,3,0,On Time,High
C0439,Customer_0439,10000,15.0,1500.0,11500.0,1437.5,8,7,1437.5,2026-07-11,2026-07-14,3,1437.5,4,0,Late,High
C0439,Customer_0439,10000,15.0,1500.0,11500.0,1437.5,8,8,1437.5,2026-07-18,2026-07-18,0,0.0,4,0,On Time,High
C0439,Customer_0439,10000,15.0,1500.0,11500.0,1437.5,8,9,1437.5,2026-07-25,2026-07-25,0,0.0,4,0,On Time,High
C0439,Customer_0439,10000,15.0,1500.0,11500.0,1437.5,8,10,1437.5,2026-08-01,2026-08-01,0,0.0,4,0,On Time,High
C0440,Customer_0440,15000,25.0,3750.0,18750.0,1250.0,15,1,1250.0,2026-06-07,2026-06-07,0,17500.0,0,0,On Time,Low
C0440,Customer_0440,15000,25.0,3750.0,18750.0,1250.0,15,2,1250.0,2026-06-14,2026-06-14,0,16250.0,0,0,On Time,Low
C0440,Customer_0440,15000,25.0,3750.0,18750.0,1250.0,15,3,1250.0,2026-06-21,2026-07-01,10,15000.0,1,0,Late,Medium
C0440,Customer_0440,15000,25.0,3750.0,18750.0,1250.0,15,4,1250.0,2026-06-28,2026-06-28,0,13750.0,1,0,On Time,Medium
C0440,Customer_0440,15000,25.0,3750.0,18750.0,1250.0,15,5,1250.0,2026-07-05,2026-07-05,0,12500.0,1,0,On Time,Medium
C0440,Customer_0440,15000,25.0,3750.0,18750.0,1250.0,15,6,1000.0,2026-07-12,2026-07-25,13,11500.0,2,0,Late,Medium
C0440,Customer_0440,15000,25.0,3750.0,18750.0,1250.0,15,7,1250.0,2026-07-19,2026-07-19,0,10250.0,2,0,On Time,Medium
C0440,Customer_0440,15000,25.0,3750.0,18750.0,1250.0,15,8,1250.0,2026-07-26,2026-07-26,0,9000.0,2,0,On Time,Medium
C0440,Customer_0440,15000,25.0,3750.0,18750.0,1250.0,15,9,1250.0,2026-08-02,2026-08-06,4,7750.0,3,0,Late,High
C0440,Customer_0440,15000,25.0,3750.0,18750.0,1250.0,15,10,1250.0,2026-08-09,2026-08-12,3,6500.0,4,0,Late,High
C0441,Customer_0441,3000,15.0,450.0,3450.0,172.5,20,1,207.0,2026-06-20,2026-06-21,1,3243.0,1,0,Late,Medium
C0441,Customer_0441,3000,15.0,450.0,3450.0,172.5,20,2,172.5,2026-06-27,2026-06-27,0,3070.5,1,0,On Time,Medium
C0441,Customer_0441,3000,15.0,450.0,3450.0,172.5,20,3,172.5,2026-07-04,2026-07-04,0,2898.0,1,0,On Time,Medium
C0441,Customer_0441,3000,15.0,450.0,3450.0,172.5,20,4,207.0,2026-07-11,2026-07-15,4,2691.0,2,0,Late,Medium
C0441,Customer_0441,3000,15.0,450.0,3450.0,172.5,20,5,172.5,2026-07-18,2026-07-18,0,2518.5,2,0,On Time,Medium
C0441,Customer_0441,3000,15.0,450.0,3450.0,172.5,20,6,172.5,2026-07-25,2026-07-25,0,2346.0,2,0,On Time,Medium
C0441,Customer_0441,3000,15.0,450.0,3450.0,172.5,20,7,172.5,2026-08-01,2026-08-03,2,2173.5,3,0,Late,High
C0441,Customer_0441,3000,15.0,450.0,3450.0,172.5,20,8,0.0,2026-08-08,,22,2173.5,3,1,Missed,High
C0441,Customer_0441,3000,15.0,450.0,3450.0,172.5,20,9,172.5,2026-08-15,2026-08-15,0,2001.0,3,1,On Time,High
C0441,Customer_0441,3000,15.0,450.0,3450.0,172.5,20,10,207.0,2026-08-22,2026-08-27,5,1794.0,4,1,Late,High
C0442,Customer_0442,3000,25.0,750.0,3750.0,468.75,8,1,0.0,2026-05-06,,9,3750.0,0,1,Missed,Medium
C0442,Customer_0442,3000,25.0,750.0,3750.0,468.75,8,2,375.0,2026-05-13,2026-05-27,14,3375.0,1,1,Late,Medium
C0442,Customer_0442,3000,25.0,750.0,3750.0,468.75,8,3,468.75,2026-05-20,2026-05-20,0,2906.25,1,1,On Time,Medium
C0442,Customer_0442,3000,25.0,750.0,3750.0,468.75,8,4,468.75,2026-05-27,2026-05-27,0,2437.5,1,1,On Time,Medium
C0442,Customer_0442,3000,25.0,750.0,3750.0,468.75,8,5,375.0,2026-06-03,2026-06-12,9,2062.5,2,1,Late,Medium
C0442,Customer_0442,3000,25.0,750.0,3750.0,468.75,8,6,0.0,2026-06-10,,29,2062.5,2,2,Missed,High
C0442,Customer_0442,3000,25.0,750.0,3750.0,468.75,8,7,468.75,2026-06-17,2026-06-17,0,1593.75,2,2,On Time,High
C0442,Customer_0442,3000,25.0,750.0,3750.0,468.75,8,8,468.75,2026-06-24,2026-06-24,0,1125.0,2,2,On Time,High
C0442,Customer_0442,3000,25.0,750.0,3750.0,468.75,8,9,468.75,2026-07-01,2026-07-15,14,656.25,3,2,Late,High
C0442,Customer_0442,3000,25.0,750.0,3750.0,468.75,8,10,468.75,2026-07-08,2026-07-08,0,187.5,3,2,On Time,High
C0443,Customer_0443,5000,20.0,1000.0,6000.0,750.0,8,1,750.0,2026-05-24,2026-05-24,0,5250.0,0,0,On Time,Low
C0443,Customer_0443,5000,20.0,1000.0,6000.0,750.0,8,2,750.0,2026-05-31,2026-05-31,0,4500.0,0,0,On Time,Low
C0443,Customer_0443,5000,20.0,1000.0,6000.0,750.0,8,3,750.0,2026-06-07,2026-06-07,0,3750.0,0,0,On Time,Low
C0443,Customer_0443,5000,20.0,1000.0,6000.0,750.0,8,4,750.0,2026-06-14,2026-06-14,0,3000.0,0,0,On Time,Low
C0443,Customer_0443,5000,20.0,1000.0,6000.0,750.0,8,5,750.0,2026-06-21,2026-06-21,0,2250.0,0,0,On Time,Low
C0443,Customer_0443,5000,20.0,1000.0,6000.0,750.0,8,6,750.0,2026-06-28,2026-06-28,0,1500.0,0,0,On Time,Low
C0443,Customer_0443,5000,20.0,1000.0,6000.0,750.0,8,7,750.0,2026-07-05,2026-07-05,0,750.0,0,0,On Time,Low
C0443,Customer_0443,5000,20.0,1000.0,6000.0,750.0,8,8,750.0,2026-07-12,2026-07-12,0,0.0,0,0,On Time,Low
C0443,Customer_0443,5000,20.0,1000.0,6000.0,750.0,8,9,0.0,2026-07-19,,29,0.0,0,1,Missed,Medium
C0443,Customer_0443,5000,20.0,1000.0,6000.0,750.0,8,10,750.0,2026-07-26,2026-07-26,0,0.0,0,1,On Time,Medium
C0444,Customer_0444,10000,25.0,2500.0,12500.0,833.33,15,1,833.33,2026-05-22,2026-05-22,0,11666.67,0,0,On Time,Low
C0444,Customer_0444,10000,25.0,2500.0,12500.0,833.33,15,2,833.33,2026-05-29,2026-05-29,0,10833.34,0,0,On Time,Low
C0444,Customer_0444,10000,25.0,2500.0,12500.0,833.33,15,3,833.33,2026-06-05,2026-06-05,0,10000.01,0,0,On Time,Low
C0444,Customer_0444,10000,25.0,2500.0,12500.0,833.33,15,4,833.33,2026-06-12,2026-06-12,0,9166.68,0,0,On Time,Low
C0444,Customer_0444,10000,25.0,2500.0,12500.0,833.33,15,5,833.33,2026-06-19,2026-06-19,0,8333.35,0,0,On Time,Low
C0444,Customer_0444,10000,25.0,2500.0,12500.0,833.33,15,6,833.33,2026-06-26,2026-06-26,0,7500.02,0,0,On Time,Low
C0444,Customer_0444,10000,25.0,2500.0,12500.0,833.33,15,7,833.33,2026-07-03,2026-07-07,4,6666.69,1,0,Late,Medium
C0444,Customer_0444,10000,25.0,2500.0,12500.0,833.33,15,8,833.33,2026-07-10,2026-07-10,0,5833.36,1,0,On Time,Medium
C0444,Customer_0444,10000,25.0,2500.0,12500.0,833.33,15,9,833.33,2026-07-17,2026-07-17,0,5000.03,1,0,On Time,Medium
C0444,Customer_0444,10000,25.0,2500.0,12500.0,833.33,15,10,833.33,2026-07-24,2026-07-24,0,4166.7,1,0,On Time,Medium
C0445,Customer_0445,15000,30.0,4500.0,19500.0,1625.0,12,1,1625.0,2026-01-15,2026-01-15,0,17875.0,0,0,On Time,Low
C0445,Customer_0445,15000,30.0,4500.0,19500.0,1625.0,12,2,0.0,2026-01-22,,15,17875.0,0,1,Missed,Medium
C0445,Customer_0445,15000,30.0,4500.0,19500.0,1625.0,12,3,0.0,2026-01-29,,7,17875.0,0,2,Missed,High
C0445,Customer_0445,15000,30.0,4500.0,19500.0,1625.0,12,4,1625.0,2026-02-05,2026-02-05,0,16250.0,0,2,On Time,High
C0445,Customer_0445,15000,30.0,4500.0,19500.0,1625.0,12,5,1625.0,2026-02-12,2026-02-12,0,14625.0,0,2,On Time,High
C0445,Customer_0445,15000,30.0,4500.0,19500.0,1625.0,12,6,1625.0,2026-02-19,2026-02-19,0,13000.0,0,2,On Time,High
C0445,Customer_0445,15000,30.0,4500.0,19500.0,1625.0,12,7,1625.0,2026-02-26,2026-03-04,6,11375.0,1,2,Late,High
C0445,Customer_0445,15000,30.0,4500.0,19500.0,1625.0,12,8,1625.0,2026-03-05,2026-03-05,0,9750.0,1,2,On Time,High
C0445,Customer_0445,15000,30.0,4500.0,19500.0,1625.0,12,9,0.0,2026-03-12,,18,9750.0,1,3,Missed,High
C0445,Customer_0445,15000,30.0,4500.0,19500.0,1625.0,12,10,1625.0,2026-03-19,2026-03-19,0,8125.0,1,3,On Time,High
C0446,Customer_0446,10000,25.0,2500.0,12500.0,1250.0,10,1,1250.0,2026-02-23,2026-02-23,0,11250.0,0,0,On Time,Low
C0446,Customer_0446,10000,25.0,2500.0,12500.0,1250.0,10,2,1250.0,2026-03-02,2026-03-02,0,10000.0,0,0,On Time,Low
C0446,Customer_0446,10000,25.0,2500.0,12500.0,1250.0,10,3,1250.0,2026-03-09,2026-03-09,0,8750.0,0,0,On Time,Low
C0446,Customer_0446,10000,25.0,2500.0,12500.0,1250.0,10,4,1250.0,2026-03-16,2026-03-16,0,7500.0,0,0,On Time,Low
C0446,Customer_0446,10000,25.0,2500.0,12500.0,1250.0,10,5,1250.0,2026-03-23,2026-04-04,12,6250.0,1,0,Late,Medium
C0446,Customer_0446,10000,25.0,2500.0,12500.0,1250.0,10,6,1250.0,2026-03-30,2026-04-02,3,5000.0,2,0,Late,Medium
C0446,Customer_0446,10000,25.0,2500.0,12500.0,1250.0,10,7,1250.0,2026-04-06,2026-04-06,0,3750.0,2,0,On Time,Medium
C0446,Customer_0446,10000,25.0,2500.0,12500.0,1250.0,10,8,1250.0,2026-04-13,2026-04-13,0,2500.0,2,0,On Time,Medium
C0446,Customer_0446,10000,25.0,2500.0,12500.0,1250.0,10,9,1250.0,2026-04-20,2026-04-20,0,1250.0,2,0,On Time,Medium
C0446,Customer_0446,10000,25.0,2500.0,12500.0,1250.0,10,10,0.0,2026-04-27,,10,1250.0,2,1,Missed,Medium
C0447,Customer_0447,3000,25.0,750.0,3750.0,375.0,10,1,375.0,2026-05-05,2026-05-05,0,3375.0,0,0,On Time,Low
C0447,Customer_0447,3000,25.0,750.0,3750.0,375.0,10,2,0.0,2026-05-12,,14,3375.0,0,1,Missed,Medium
C0447,Customer_0447,3000,25.0,750.0,3750.0,375.0,10,3,375.0,2026-05-19,2026-05-19,0,3000.0,0,1,On Time,Medium
C0447,Customer_0447,3000,25.0,750.0,3750.0,375.0,10,4,375.0,2026-05-26,2026-06-05,10,2625.0,1,1,Late,Medium
C0447,Customer_0447,3000,25.0,750.0,3750.0,375.0,10,5,375.0,2026-06-02,2026-06-02,0,2250.0,1,1,On Time,Medium
C0447,Customer_0447,3000,25.0,750.0,3750.0,375.0,10,6,375.0,2026-06-09,2026-06-09,0,1875.0,1,1,On Time,Medium
C0447,Customer_0447,3000,25.0,750.0,3750.0,375.0,10,7,375.0,2026-06-16,2026-06-16,0,1500.0,1,1,On Time,Medium
C0447,Customer_0447,3000,25.0,750.0,3750.0,375.0,10,8,375.0,2026-06-23,2026-06-23,0,1125.0,1,1,On Time,Medium
C0447,Customer_0447,3000,25.0,750.0,3750.0,375.0,10,9,0.0,2026-06-30,,13,1125.0,1,2,Missed,High
C0447,Customer_0447,3000,25.0,750.0,3750.0,375.0,10,10,0.0,2026-07-07,,14,1125.0,1,3,Missed,High
C0448,Customer_0448,20000,20.0,4000.0,24000.0,2400.0,10,1,2400.0,2026-02-26,2026-02-26,0,21600.0,0,0,On Time,Low
C0448,Customer_0448,20000,20.0,4000.0,24000.0,2400.0,10,2,0.0,2026-03-05,,15,21600.0,0,1,Missed,Medium
C0448,Customer_0448,20000,20.0,4000.0,24000.0,2400.0,10,3,2400.0,2026-03-12,2026-03-12,0,19200.0,0,1,On Time,Medium
C0448,Customer_0448,20000,20.0,4000.0,24000.0,2400.0,10,4,0.0,2026-03-19,,7,19200.0,0,2,Missed,High
C0448,Customer_0448,20000,20.0,4000.0,24000.0,2400.0,10,5,2400.0,2026-03-26,2026-03-26,0,16800.0,0,2,On Time,High
C0448,Customer_0448,20000,20.0,4000.0,24000.0,2400.0,10,6,2400.0,2026-04-02,2026-04-02,0,14400.0,0,2,On Time,High
C0448,Customer_0448,20000,20.0,4000.0,24000.0,2400.0,10,7,2400.0,2026-04-09,2026-04-09,0,12000.0,0,2,On Time,High
C0448,Customer_0448,20000,20.0,4000.0,24000.0,2400.0,10,8,2400.0,2026-04-16,2026-04-16,0,9600.0,0,2,On Time,High
C0448,Customer_0448,20000,20.0,4000.0,24000.0,2400.0,10,9,2400.0,2026-04-23,2026-04-23,0,7200.0,0,2,On Time,High
C0448,Customer_0448,20000,20.0,4000.0,24000.0,2400.0,10,10,2400.0,2026-04-30,2026-05-13,13,4800.0,1,2,Late,High
C0449,Customer_0449,15000,15.0,2250.0,17250.0,1150.0,15,1,1150.0,2026-03-24,2026-03-24,0,16100.0,0,0,On Time,Low
C0449,Customer_0449,15000,15.0,2250.0,17250.0,1150.0,15,2,0.0,2026-03-31,,28,16100.0,0,1,Missed,Medium
C0449,Customer_0449,15000,15.0,2250.0,17250.0,1150.0,15,3,1150.0,2026-04-07,2026-04-21,14,14950.0,1,1,Late,Medium
C0449,Customer_0449,15000,15.0,2250.0,17250.0,1150.0,15,4,1150.0,2026-04-14,2026-04-14,0,13800.0,1,1,On Time,Medium
C0449,Customer_0449,15000,15.0,2250.0,17250.0,1150.0,15,5,1150.0,2026-04-21,2026-04-21,0,12650.0,1,1,On Time,Medium
C0449,Customer_0449,15000,15.0,2250.0,17250.0,1150.0,15,6,920.0,2026-04-28,2026-05-03,5,11730.0,2,1,Late,Medium
C0449,Customer_0449,15000,15.0,2250.0,17250.0,1150.0,15,7,1150.0,2026-05-05,2026-05-15,10,10580.0,3,1,Late,High
C0449,Customer_0449,15000,15.0,2250.0,17250.0,1150.0,15,8,920.0,2026-05-12,2026-05-19,7,9660.0,4,1,Late,High
C0449,Customer_0449,15000,15.0,2250.0,17250.0,1150.0,15,9,1150.0,2026-05-19,2026-05-19,0,8510.0,4,1,On Time,High
C0449,Customer_0449,15000,15.0,2250.0,17250.0,1150.0,15,10,1150.0,2026-05-26,2026-05-26,0,7360.0,4,1,On Time,High
C0450,Customer_0450,15000,30.0,4500.0,19500.0,1625.0,12,1,1625.0,2026-03-19,2026-03-19,0,17875.0,0,0,On Time,Low
C0450,Customer_0450,15000,30.0,4500.0,19500.0,1625.0,12,2,1625.0,2026-03-26,2026-03-26,0,16250.0,0,0,On Time,Low
C0450,Customer_0450,15000,30.0,4500.0,19500.0,1625.0,12,3,1625.0,2026-04-02,2026-04-02,0,14625.0,0,0,On Time,Low
C0450,Customer_0450,15000,30.0,4500.0,19500.0,1625.0,12,4,1625.0,2026-04-09,2026-04-14,5,13000.0,1,0,Late,Medium
C0450,Customer_0450,15000,30.0,4500.0,19500.0,1625.0,12,5,1625.0,2026-04-16,2026-04-24,8,11375.0,2,0,Late,Medium
C0450,Customer_0450,15000,30.0,4500.0,19500.0,1625.0,12,6,1625.0,2026-04-23,2026-04-23,0,9750.0,2,0,On Time,Medium
C0450,Customer_0450,15000,30.0,4500.0,19500.0,1625.0,12,7,0.0,2026-04-30,,30,9750.0,2,1,Missed,Medium
C0450,Customer_0450,15000,30.0,4500.0,19500.0,1625.0,12,8,1625.0,2026-05-07,2026-05-07,0,8125.0,2,1,On Time,Medium
C0450,Customer_0450,15000,30.0,4500.0,19500.0,1625.0,12,9,1625.0,2026-05-14,2026-05-14,0,6500.0,2,1,On Time,Medium
C0450,Customer_0450,15000,30.0,4500.0,19500.0,1625.0,12,10,1625.0,2026-05-21,2026-05-21,0,4875.0,2,1,On Time,Medium
C0451,Customer_0451,10000,30.0,3000.0,13000.0,650.0,20,1,650.0,2026-03-02,2026-03-02,0,12350.0,0,0,On Time,Low
C0451,Customer_0451,10000,30.0,3000.0,13000.0,650.0,20,2,650.0,2026-03-09,2026-03-09,0,11700.0,0,0,On Time,Low
C0451,Customer_0451,10000,30.0,3000.0,13000.0,650.0,20,3,650.0,2026-03-16,2026-03-16,0,11050.0,0,0,On Time,Low
C0451,Customer_0451,10000,30.0,3000.0,13000.0,650.0,20,4,650.0,2026-03-23,2026-03-23,0,10400.0,0,0,On Time,Low
C0451,Customer_0451,10000,30.0,3000.0,13000.0,650.0,20,5,650.0,2026-03-30,2026-03-30,0,9750.0,0,0,On Time,Low
C0451,Customer_0451,10000,30.0,3000.0,13000.0,650.0,20,6,650.0,2026-04-06,2026-04-06,0,9100.0,0,0,On Time,Low
C0451,Customer_0451,10000,30.0,3000.0,13000.0,650.0,20,7,650.0,2026-04-13,2026-04-13,0,8450.0,0,0,On Time,Low
C0451,Customer_0451,10000,30.0,3000.0,13000.0,650.0,20,8,0.0,2026-04-20,,24,8450.0,0,1,Missed,Medium
C0451,Customer_0451,10000,30.0,3000.0,13000.0,650.0,20,9,650.0,2026-04-27,2026-04-27,0,7800.0,0,1,On Time,Medium
C0451,Customer_0451,10000,30.0,3000.0,13000.0,650.0,20,10,650.0,2026-05-04,2026-05-04,0,7150.0,0,1,On Time,Medium
C0452,Customer_0452,7000,25.0,1750.0,8750.0,583.33,15,1,583.33,2026-02-10,2026-02-10,0,8166.67,0,0,On Time,Low
C0452,Customer_0452,7000,25.0,1750.0,8750.0,583.33,15,2,583.33,2026-02-17,2026-02-17,0,7583.34,0,0,On Time,Low
C0452,Customer_0452,7000,25.0,1750.0,8750.0,583.33,15,3,583.33,2026-02-24,2026-02-24,0,7000.01,0,0,On Time,Low
C0452,Customer_0452,7000,25.0,1750.0,8750.0,583.33,15,4,583.33,2026-03-03,2026-03-13,10,6416.68,1,0,Late,Medium
C0452,Customer_0452,7000,25.0,1750.0,8750.0,583.33,15,5,583.33,2026-03-10,2026-03-24,14,5833.35,2,0,Late,Medium
C0452,Customer_0452,7000,25.0,1750.0,8750.0,583.33,15,6,0.0,2026-03-17,,25,5833.35,2,1,Missed,Medium
C0452,Customer_0452,7000,25.0,1750.0,8750.0,583.33,15,7,583.33,2026-03-24,2026-03-24,0,5250.02,2,1,On Time,Medium
C0452,Customer_0452,7000,25.0,1750.0,8750.0,583.33,15,8,583.33,2026-03-31,2026-03-31,0,4666.69,2,1,On Time,Medium
C0452,Customer_0452,7000,25.0,1750.0,8750.0,583.33,15,9,583.33,2026-04-07,2026-04-07,0,4083.36,2,1,On Time,Medium
C0452,Customer_0452,7000,25.0,1750.0,8750.0,583.33,15,10,583.33,2026-04-14,2026-04-14,0,3500.03,2,1,On Time,Medium
C0453,Customer_0453,5000,25.0,1250.0,6250.0,625.0,10,1,625.0,2026-01-23,2026-01-23,0,5625.0,0,0,On Time,Low
C0453,Customer_0453,5000,25.0,1250.0,6250.0,625.0,10,2,625.0,2026-01-30,2026-01-30,0,5000.0,0,0,On Time,Low
C0453,Customer_0453,5000,25.0,1250.0,6250.0,625.0,10,3,625.0,2026-02-06,2026-02-06,0,4375.0,0,0,On Time,Low
C0453,Customer_0453,5000,25.0,1250.0,6250.0,625.0,10,4,625.0,2026-02-13,2026-02-13,0,3750.0,0,0,On Time,Low
C0453,Customer_0453,5000,25.0,1250.0,6250.0,625.0,10,5,625.0,2026-02-20,2026-02-20,0,3125.0,0,0,On Time,Low
C0453,Customer_0453,5000,25.0,1250.0,6250.0,625.0,10,6,750.0,2026-02-27,2026-03-06,7,2375.0,1,0,Late,Medium
C0453,Customer_0453,5000,25.0,1250.0,6250.0,625.0,10,7,0.0,2026-03-06,,21,2375.0,1,1,Missed,Medium
C0453,Customer_0453,5000,25.0,1250.0,6250.0,625.0,10,8,625.0,2026-03-13,2026-03-13,0,1750.0,1,1,On Time,Medium
C0453,Customer_0453,5000,25.0,1250.0,6250.0,625.0,10,9,625.0,2026-03-20,2026-03-20,0,1125.0,1,1,On Time,Medium
C0453,Customer_0453,5000,25.0,1250.0,6250.0,625.0,10,10,625.0,2026-03-27,2026-03-27,0,500.0,1,1,On Time,Medium
C0454,Customer_0454,20000,30.0,6000.0,26000.0,1300.0,20,1,1300.0,2026-03-14,2026-03-14,0,24700.0,0,0,On Time,Low
C0454,Customer_0454,20000,30.0,6000.0,26000.0,1300.0,20,2,1300.0,2026-03-21,2026-03-21,0,23400.0,0,0,On Time,Low
C0454,Customer_0454,20000,30.0,6000.0,26000.0,1300.0,20,3,1300.0,2026-03-28,2026-03-28,0,22100.0,0,0,On Time,Low
C0454,Customer_0454,20000,30.0,6000.0,26000.0,1300.0,20,4,1300.0,2026-04-04,2026-04-04,0,20800.0,0,0,On Time,Low
C0454,Customer_0454,20000,30.0,6000.0,26000.0,1300.0,20,5,1300.0,2026-04-11,2026-04-11,0,19500.0,0,0,On Time,Low
C0454,Customer_0454,20000,30.0,6000.0,26000.0,1300.0,20,6,1300.0,2026-04-18,2026-04-27,9,18200.0,1,0,Late,Medium
C0454,Customer_0454,20000,30.0,6000.0,26000.0,1300.0,20,7,1560.0,2026-04-25,2026-05-07,12,16640.0,2,0,Late,Medium
C0454,Customer_0454,20000,30.0,6000.0,26000.0,1300.0,20,8,1300.0,2026-05-02,2026-05-02,0,15340.0,2,0,On Time,Medium
C0454,Customer_0454,20000,30.0,6000.0,26000.0,1300.0,20,9,1300.0,2026-05-09,2026-05-19,10,14040.0,3,0,Late,High
C0454,Customer_0454,20000,30.0,6000.0,26000.0,1300.0,20,10,1300.0,2026-05-16,2026-05-24,8,12740.0,4,0,Late,High
C0455,Customer_0455,20000,30.0,6000.0,26000.0,1733.33,15,1,1386.66,2026-04-24,2026-04-30,6,24613.34,1,0,Late,Medium
C0455,Customer_0455,20000,30.0,6000.0,26000.0,1733.33,15,2,1733.33,2026-05-01,2026-05-01,0,22880.01,1,0,On Time,Medium
C0455,Customer_0455,20000,30.0,6000.0,26000.0,1733.33,15,3,1733.33,2026-05-08,2026-05-08,0,21146.68,1,0,On Time,Medium
C0455,Customer_0455,20000,30.0,6000.0,26000.0,1733.33,15,4,1733.33,2026-05-15,2026-05-15,0,19413.35,1,0,On Time,Medium
C0455,Customer_0455,20000,30.0,6000.0,26000.0,1733.33,15,5,1733.33,2026-05-22,2026-05-22,0,17680.02,1,0,On Time,Medium
C0455,Customer_0455,20000,30.0,6000.0,26000.0,1733.33,15,6,1733.33,2026-05-29,2026-05-29,0,15946.69,1,0,On Time,Medium
C0455,Customer_0455,20000,30.0,6000.0,26000.0,1733.33,15,7,1733.33,2026-06-05,2026-06-05,0,14213.36,1,0,On Time,Medium
C0455,Customer_0455,20000,30.0,6000.0,26000.0,1733.33,15,8,1733.33,2026-06-12,2026-06-18,6,12480.03,2,0,Late,Medium
C0455,Customer_0455,20000,30.0,6000.0,26000.0,1733.33,15,9,1733.33,2026-06-19,2026-06-19,0,10746.7,2,0,On Time,Medium
C0455,Customer_0455,20000,30.0,6000.0,26000.0,1733.33,15,10,1733.33,2026-06-26,2026-06-26,0,9013.37,2,0,On Time,Medium
C0456,Customer_0456,3000,30.0,900.0,3900.0,390.0,10,1,390.0,2026-01-21,2026-01-21,0,3510.0,0,0,On Time,Low
C0456,Customer_0456,3000,30.0,900.0,3900.0,390.0,10,2,390.0,2026-01-28,2026-01-28,0,3120.0,0,0,On Time,Low
C0456,Customer_0456,3000,30.0,900.0,3900.0,390.0,10,3,390.0,2026-02-04,2026-02-04,0,2730.0,0,0,On Time,Low
C0456,Customer_0456,3000,30.0,900.0,3900.0,390.0,10,4,312.0,2026-02-11,2026-02-17,6,2418.0,1,0,Late,Medium
C0456,Customer_0456,3000,30.0,900.0,3900.0,390.0,10,5,390.0,2026-02-18,2026-02-23,5,2028.0,2,0,Late,Medium
C0456,Customer_0456,3000,30.0,900.0,3900.0,390.0,10,6,390.0,2026-02-25,2026-02-25,0,1638.0,2,0,On Time,Medium
C0456,Customer_0456,3000,30.0,900.0,3900.0,390.0,10,7,390.0,2026-03-04,2026-03-04,0,1248.0,2,0,On Time,Medium
C0456,Customer_0456,3000,30.0,900.0,3900.0,390.0,10,8,390.0,2026-03-11,2026-03-11,0,858.0,2,0,On Time,Medium
C0456,Customer_0456,3000,30.0,900.0,3900.0,390.0,10,9,390.0,2026-03-18,2026-03-18,0,468.0,2,0,On Time,Medium
C0456,Customer_0456,3000,30.0,900.0,3900.0,390.0,10,10,390.0,2026-03-25,2026-03-25,0,78.0,2,0,On Time,Medium
C0457,Customer_0457,10000,30.0,3000.0,13000.0,1300.0,10,1,1300.0,2026-03-05,2026-03-05,0,11700.0,0,0,On Time,Low
C0457,Customer_0457,10000,30.0,3000.0,13000.0,1300.0,10,2,1300.0,2026-03-12,2026-03-12,0,10400.0,0,0,On Time,Low
C0457,Customer_0457,10000,30.0,3000.0,13000.0,1300.0,10,3,1300.0,2026-03-19,2026-03-24,5,9100.0,1,0,Late,Medium
C0457,Customer_0457,10000,30.0,3000.0,13000.0,1300.0,10,4,1300.0,2026-03-26,2026-03-26,0,7800.0,1,0,On Time,Medium
C0457,Customer_0457,10000,30.0,3000.0,13000.0,1300.0,10,5,1300.0,2026-04-02,2026-04-03,1,6500.0,2,0,Late,Medium
C0457,Customer_0457,10000,30.0,3000.0,13000.0,1300.0,10,6,1300.0,2026-04-09,2026-04-09,0,5200.0,2,0,On Time,Medium
C0457,Customer_0457,10000,30.0,3000.0,13000.0,1300.0,10,7,1300.0,2026-04-16,2026-04-16,0,3900.0,2,0,On Time,Medium
C0457,Customer_0457,10000,30.0,3000.0,13000.0,1300.0,10,8,1300.0,2026-04-23,2026-04-23,0,2600.0,2,0,On Time,Medium
C0457,Customer_0457,10000,30.0,3000.0,13000.0,1300.0,10,9,1300.0,2026-04-30,2026-04-30,0,1300.0,2,0,On Time,Medium
C0457,Customer_0457,10000,30.0,3000.0,13000.0,1300.0,10,10,1300.0,2026-05-07,2026-05-07,0,0.0,2,0,On Time,Medium
C0458,Customer_0458,20000,15.0,3000.0,23000.0,2875.0,8,1,2875.0,2026-02-17,2026-02-17,0,20125.0,0,0,On Time,Low
C0458,Customer_0458,20000,15.0,3000.0,23000.0,2875.0,8,2,0.0,2026-02-24,,7,20125.0,0,1,Missed,Medium
C0458,Customer_0458,20000,15.0,3000.0,23000.0,2875.0,8,3,2875.0,2026-03-03,2026-03-03,0,17250.0,0,1,On Time,Medium
C0458,Customer_0458,20000,15.0,3000.0,23000.0,2875.0,8,4,0.0,2026-03-10,,12,17250.0,0,2,Missed,High
C0458,Customer_0458,20000,15.0,3000.0,23000.0,2875.0,8,5,2875.0,2026-03-17,2026-03-17,0,14375.0,0,2,On Time,High
C0458,Customer_0458,20000,15.0,3000.0,23000.0,2875.0,8,6,2875.0,2026-03-24,2026-03-24,0,11500.0,0,2,On Time,High
C0458,Customer_0458,20000,15.0,3000.0,23000.0,2875.0,8,7,2875.0,2026-03-31,2026-03-31,0,8625.0,0,2,On Time,High
C0458,Customer_0458,20000,15.0,3000.0,23000.0,2875.0,8,8,0.0,2026-04-07,,23,8625.0,0,3,Missed,High
C0458,Customer_0458,20000,15.0,3000.0,23000.0,2875.0,8,9,2875.0,2026-04-14,2026-04-27,13,5750.0,1,3,Late,High
C0458,Customer_0458,20000,15.0,3000.0,23000.0,2875.0,8,10,0.0,2026-04-21,,15,5750.0,1,4,Missed,High
C0459,Customer_0459,3000,30.0,900.0,3900.0,260.0,15,1,312.0,2026-03-02,2026-03-14,12,3588.0,1,0,Late,Medium
C0459,Customer_0459,3000,30.0,900.0,3900.0,260.0,15,2,0.0,2026-03-09,,9,3588.0,1,1,Missed,Medium
C0459,Customer_0459,3000,30.0,900.0,3900.0,260.0,15,3,260.0,2026-03-16,2026-03-20,4,3328.0,2,1,Late,Medium
C0459,Customer_0459,3000,30.0,900.0,3900.0,260.0,15,4,260.0,2026-03-23,2026-03-23,0,3068.0,2,1,On Time,Medium
C0459,Customer_0459,3000,30.0,900.0,3900.0,260.0,15,5,260.0,2026-03-30,2026-03-30,0,2808.0,2,1,On Time,Medium
C0459,Customer_0459,3000,30.0,900.0,3900.0,260.0,15,6,260.0,2026-04-06,2026-04-06,0,2548.0,2,1,On Time,Medium
C0459,Customer_0459,3000,30.0,900.0,3900.0,260.0,15,7,260.0,2026-04-13,2026-04-20,7,2288.0,3,1,Late,High
C0459,Customer_0459,3000,30.0,900.0,3900.0,260.0,15,8,260.0,2026-04-20,2026-04-20,0,2028.0,3,1,On Time,High
C0459,Customer_0459,3000,30.0,900.0,3900.0,260.0,15,9,312.0,2026-04-27,2026-05-03,6,1716.0,4,1,Late,High
C0459,Customer_0459,3000,30.0,900.0,3900.0,260.0,15,10,260.0,2026-05-04,2026-05-04,0,1456.0,4,1,On Time,High
C0460,Customer_0460,5000,15.0,750.0,5750.0,718.75,8,1,718.75,2026-05-25,2026-05-25,0,5031.25,0,0,On Time,Low
C0460,Customer_0460,5000,15.0,750.0,5750.0,718.75,8,2,718.75,2026-06-01,2026-06-01,0,4312.5,0,0,On Time,Low
C0460,Customer_0460,5000,15.0,750.0,5750.0,718.75,8,3,718.75,2026-06-08,2026-06-08,0,3593.75,0,0,On Time,Low
C0460,Customer_0460,5000,15.0,750.0,5750.0,718.75,8,4,718.75,2026-06-15,2026-06-25,10,2875.0,1,0,Late,Medium
C0460,Customer_0460,5000,15.0,750.0,5750.0,718.75,8,5,718.75,2026-06-22,2026-07-03,11,2156.25,2,0,Late,Medium
C0460,Customer_0460,5000,15.0,750.0,5750.0,718.75,8,6,718.75,2026-06-29,2026-06-29,0,1437.5,2,0,On Time,Medium
C0460,Customer_0460,5000,15.0,750.0,5750.0,718.75,8,7,718.75,2026-07-06,2026-07-06,0,718.75,2,0,On Time,Medium
C0460,Customer_0460,5000,15.0,750.0,5750.0,718.75,8,8,718.75,2026-07-13,2026-07-13,0,0.0,2,0,On Time,Medium
C0460,Customer_0460,5000,15.0,750.0,5750.0,718.75,8,9,718.75,2026-07-20,2026-07-20,0,0.0,2,0,On Time,Medium
C0460,Customer_0460,5000,15.0,750.0,5750.0,718.75,8,10,718.75,2026-07-27,2026-07-27,0,0.0,2,0,On Time,Medium
C0461,Customer_0461,15000,20.0,3000.0,18000.0,900.0,20,1,900.0,2026-03-21,2026-03-21,0,17100.0,0,0,On Time,Low
C0461,Customer_0461,15000,20.0,3000.0,18000.0,900.0,20,2,900.0,2026-03-28,2026-03-28,0,16200.0,0,0,On Time,Low
C0461,Customer_0461,15000,20.0,3000.0,18000.0,900.0,20,3,900.0,2026-04-04,2026-04-15,11,15300.0,1,0,Late,Medium
C0461,Customer_0461,15000,20.0,3000.0,18000.0,900.0,20,4,0.0,2026-04-11,,10,15300.0,1,1,Missed,Medium
C0461,Customer_0461,15000,20.0,3000.0,18000.0,900.0,20,5,900.0,2026-04-18,2026-04-19,1,14400.0,2,1,Late,Medium
C0461,Customer_0461,15000,20.0,3000.0,18000.0,900.0,20,6,900.0,2026-04-25,2026-04-25,0,13500.0,2,1,On Time,Medium
C0461,Customer_0461,15000,20.0,3000.0,18000.0,900.0,20,7,900.0,2026-05-02,2026-05-02,0,12600.0,2,1,On Time,Medium
C0461,Customer_0461,15000,20.0,3000.0,18000.0,900.0,20,8,900.0,2026-05-09,2026-05-09,0,11700.0,2,1,On Time,Medium
C0461,Customer_0461,15000,20.0,3000.0,18000.0,900.0,20,9,900.0,2026-05-16,2026-05-16,0,10800.0,2,1,On Time,Medium
C0461,Customer_0461,15000,20.0,3000.0,18000.0,900.0,20,10,900.0,2026-05-23,2026-06-03,11,9900.0,3,1,Late,High
C0462,Customer_0462,15000,20.0,3000.0,18000.0,2250.0,8,1,2250.0,2026-02-04,2026-02-04,0,15750.0,0,0,On Time,Low
C0462,Customer_0462,15000,20.0,3000.0,18000.0,2250.0,8,2,2250.0,2026-02-11,2026-02-11,0,13500.0,0,0,On Time,Low
C0462,Customer_0462,15000,20.0,3000.0,18000.0,2250.0,8,3,2250.0,2026-02-18,2026-02-18,0,11250.0,0,0,On Time,Low
C0462,Customer_0462,15000,20.0,3000.0,18000.0,2250.0,8,4,2250.0,2026-02-25,2026-02-26,1,9000.0,1,0,Late,Medium
C0462,Customer_0462,15000,20.0,3000.0,18000.0,2250.0,8,5,0.0,2026-03-04,,28,9000.0,1,1,Missed,Medium
C0462,Customer_0462,15000,20.0,3000.0,18000.0,2250.0,8,6,2250.0,2026-03-11,2026-03-19,8,6750.0,2,1,Late,Medium
C0462,Customer_0462,15000,20.0,3000.0,18000.0,2250.0,8,7,2250.0,2026-03-18,2026-03-18,0,4500.0,2,1,On Time,Medium
C0462,Customer_0462,15000,20.0,3000.0,18000.0,2250.0,8,8,2250.0,2026-03-25,2026-03-30,5,2250.0,3,1,Late,High
C0462,Customer_0462,15000,20.0,3000.0,18000.0,2250.0,8,9,2250.0,2026-04-01,2026-04-01,0,0.0,3,1,On Time,High
C0462,Customer_0462,15000,20.0,3000.0,18000.0,2250.0,8,10,1800.0,2026-04-08,2026-04-21,13,0.0,4,1,Late,High
C0463,Customer_0463,3000,15.0,450.0,3450.0,287.5,12,1,287.5,2026-05-24,2026-06-05,12,3162.5,1,0,Late,Medium
C0463,Customer_0463,3000,15.0,450.0,3450.0,287.5,12,2,287.5,2026-05-31,2026-05-31,0,2875.0,1,0,On Time,Medium
C0463,Customer_0463,3000,15.0,450.0,3450.0,287.5,12,3,287.5,2026-06-07,2026-06-07,0,2587.5,1,0,On Time,Medium
C0463,Customer_0463,3000,15.0,450.0,3450.0,287.5,12,4,287.5,2026-06-14,2026-06-14,0,2300.0,1,0,On Time,Medium
C0463,Customer_0463,3000,15.0,450.0,3450.0,287.5,12,5,287.5,2026-06-21,2026-06-21,0,2012.5,1,0,On Time,Medium
C0463,Customer_0463,3000,15.0,450.0,3450.0,287.5,12,6,287.5,2026-06-28,2026-06-28,0,1725.0,1,0,On Time,Medium
C0463,Customer_0463,3000,15.0,450.0,3450.0,287.5,12,7,287.5,2026-07-05,2026-07-05,0,1437.5,1,0,On Time,Medium
C0463,Customer_0463,3000,15.0,450.0,3450.0,287.5,12,8,287.5,2026-07-12,2026-07-12,0,1150.0,1,0,On Time,Medium
C0463,Customer_0463,3000,15.0,450.0,3450.0,287.5,12,9,287.5,2026-07-19,2026-08-01,13,862.5,2,0,Late,Medium
C0463,Customer_0463,3000,15.0,450.0,3450.0,287.5,12,10,287.5,2026-07-26,2026-07-26,0,575.0,2,0,On Time,Medium
C0464,Customer_0464,20000,20.0,4000.0,24000.0,1200.0,20,1,1200.0,2026-03-28,2026-03-28,0,22800.0,0,0,On Time,Low
C0464,Customer_0464,20000,20.0,4000.0,24000.0,1200.0,20,2,1200.0,2026-04-04,2026-04-04,0,21600.0,0,0,On Time,Low
C0464,Customer_0464,20000,20.0,4000.0,24000.0,1200.0,20,3,1200.0,2026-04-11,2026-04-11,0,20400.0,0,0,On Time,Low
C0464,Customer_0464,20000,20.0,4000.0,24000.0,1200.0,20,4,1200.0,2026-04-18,2026-04-19,1,19200.0,1,0,Late,Medium
C0464,Customer_0464,20000,20.0,4000.0,24000.0,1200.0,20,5,1200.0,2026-04-25,2026-04-25,0,18000.0,1,0,On Time,Medium
C0464,Customer_0464,20000,20.0,4000.0,24000.0,1200.0,20,6,1200.0,2026-05-02,2026-05-15,13,16800.0,2,0,Late,Medium
C0464,Customer_0464,20000,20.0,4000.0,24000.0,1200.0,20,7,1200.0,2026-05-09,2026-05-09,0,15600.0,2,0,On Time,Medium
C0464,Customer_0464,20000,20.0,4000.0,24000.0,1200.0,20,8,1200.0,2026-05-16,2026-05-16,0,14400.0,2,0,On Time,Medium
C0464,Customer_0464,20000,20.0,4000.0,24000.0,1200.0,20,9,1200.0,2026-05-23,2026-05-23,0,13200.0,2,0,On Time,Medium
C0464,Customer_0464,20000,20.0,4000.0,24000.0,1200.0,20,10,1440.0,2026-05-30,2026-06-02,3,11760.0,3,0,Late,High
C0465,Customer_0465,3000,25.0,750.0,3750.0,375.0,10,1,300.0,2026-05-14,2026-05-16,2,3450.0,1,0,Late,Medium
C0465,Customer_0465,3000,25.0,750.0,3750.0,375.0,10,2,375.0,2026-05-21,2026-05-21,0,3075.0,1,0,On Time,Medium
C0465,Customer_0465,3000,25.0,750.0,3750.0,375.0,10,3,375.0,2026-05-28,2026-05-28,0,2700.0,1,0,On Time,Medium
C0465,Customer_0465,3000,25.0,750.0,3750.0,375.0,10,4,375.0,2026-06-04,2026-06-04,0,2325.0,1,0,On Time,Medium
C0465,Customer_0465,3000,25.0,750.0,3750.0,375.0,10,5,375.0,2026-06-11,2026-06-11,0,1950.0,1,0,On Time,Medium
C0465,Customer_0465,3000,25.0,750.0,3750.0,375.0,10,6,375.0,2026-06-18,2026-06-18,0,1575.0,1,0,On Time,Medium
C0465,Customer_0465,3000,25.0,750.0,3750.0,375.0,10,7,375.0,2026-06-25,2026-06-25,0,1200.0,1,0,On Time,Medium
C0465,Customer_0465,3000,25.0,750.0,3750.0,375.0,10,8,375.0,2026-07-02,2026-07-02,0,825.0,1,0,On Time,Medium
C0465,Customer_0465,3000,25.0,750.0,3750.0,375.0,10,9,375.0,2026-07-09,2026-07-09,0,450.0,1,0,On Time,Medium
C0465,Customer_0465,3000,25.0,750.0,3750.0,375.0,10,10,375.0,2026-07-16,2026-07-16,0,75.0,1,0,On Time,Medium
C0466,Customer_0466,5000,30.0,1500.0,6500.0,325.0,20,1,260.0,2026-01-01,2026-01-05,4,6240.0,1,0,Late,Medium
C0466,Customer_0466,5000,30.0,1500.0,6500.0,325.0,20,2,325.0,2026-01-08,2026-01-08,0,5915.0,1,0,On Time,Medium
C0466,Customer_0466,5000,30.0,1500.0,6500.0,325.0,20,3,325.0,2026-01-15,2026-01-15,0,5590.0,1,0,On Time,Medium
C0466,Customer_0466,5000,30.0,1500.0,6500.0,325.0,20,4,325.0,2026-01-22,2026-01-22,0,5265.0,1,0,On Time,Medium
C0466,Customer_0466,5000,30.0,1500.0,6500.0,325.0,20,5,325.0,2026-01-29,2026-01-29,0,4940.0,1,0,On Time,Medium
C0466,Customer_0466,5000,30.0,1500.0,6500.0,325.0,20,6,390.0,2026-02-05,2026-02-10,5,4550.0,2,0,Late,Medium
C0466,Customer_0466,5000,30.0,1500.0,6500.0,325.0,20,7,325.0,2026-02-12,2026-02-12,0,4225.0,2,0,On Time,Medium
C0466,Customer_0466,5000,30.0,1500.0,6500.0,325.0,20,8,390.0,2026-02-19,2026-02-22,3,3835.0,3,0,Late,High
C0466,Customer_0466,5000,30.0,1500.0,6500.0,325.0,20,9,325.0,2026-02-26,2026-02-26,0,3510.0,3,0,On Time,High
C0466,Customer_0466,5000,30.0,1500.0,6500.0,325.0,20,10,325.0,2026-03-05,2026-03-05,0,3185.0,3,0,On Time,High
C0467,Customer_0467,10000,25.0,2500.0,12500.0,1250.0,10,1,1250.0,2026-06-24,2026-06-26,2,11250.0,1,0,Late,Medium
C0467,Customer_0467,10000,25.0,2500.0,12500.0,1250.0,10,2,1250.0,2026-07-01,2026-07-01,0,10000.0,1,0,On Time,Medium
C0467,Customer_0467,10000,25.0,2500.0,12500.0,1250.0,10,3,1250.0,2026-07-08,2026-07-08,0,8750.0,1,0,On Time,Medium
C0467,Customer_0467,10000,25.0,2500.0,12500.0,1250.0,10,4,1250.0,2026-07-15,2026-07-15,0,7500.0,1,0,On Time,Medium
C0467,Customer_0467,10000,25.0,2500.0,12500.0,1250.0,10,5,1000.0,2026-07-22,2026-07-25,3,6500.0,2,0,Late,Medium
C0467,Customer_0467,10000,25.0,2500.0,12500.0,1250.0,10,6,1250.0,2026-07-29,2026-07-29,0,5250.0,2,0,On Time,Medium
C0467,Customer_0467,10000,25.0,2500.0,12500.0,1250.0,10,7,1000.0,2026-08-05,2026-08-06,1,4250.0,3,0,Late,High
C0467,Customer_0467,10000,25.0,2500.0,12500.0,1250.0,10,8,1250.0,2026-08-12,2026-08-12,0,3000.0,3,0,On Time,High
C0467,Customer_0467,10000,25.0,2500.0,12500.0,1250.0,10,9,0.0,2026-08-19,,10,3000.0,3,1,Missed,High
C0467,Customer_0467,10000,25.0,2500.0,12500.0,1250.0,10,10,1250.0,2026-08-26,2026-08-26,0,1750.0,3,1,On Time,High
C0468,Customer_0468,5000,25.0,1250.0,6250.0,781.25,8,1,781.25,2026-05-30,2026-06-04,5,5468.75,1,0,Late,Medium
C0468,Customer_0468,5000,25.0,1250.0,6250.0,781.25,8,2,937.5,2026-06-06,2026-06-11,5,4531.25,2,0,Late,Medium
C0468,Customer_0468,5000,25.0,1250.0,6250.0,781.25,8,3,781.25,2026-06-13,2026-06-18,5,3750.0,3,0,Late,High
C0468,Customer_0468,5000,25.0,1250.0,6250.0,781.25,8,4,781.25,2026-06-20,2026-06-23,3,2968.75,4,0,Late,High
C0468,Customer_0468,5000,25.0,1250.0,6250.0,781.25,8,5,781.25,2026-06-27,2026-07-06,9,2187.5,5,0,Late,High
C0468,Customer_0468,5000,25.0,1250.0,6250.0,781.25,8,6,781.25,2026-07-04,2026-07-04,0,1406.25,5,0,On Time,High
C0468,Customer_0468,5000,25.0,1250.0,6250.0,781.25,8,7,781.25,2026-07-11,2026-07-11,0,625.0,5,0,On Time,High
C0468,Customer_0468,5000,25.0,1250.0,6250.0,781.25,8,8,0.0,2026-07-18,,26,625.0,5,1,Missed,High
C0468,Customer_0468,5000,25.0,1250.0,6250.0,781.25,8,9,781.25,2026-07-25,2026-07-25,0,0.0,5,1,On Time,High
C0468,Customer_0468,5000,25.0,1250.0,6250.0,781.25,8,10,781.25,2026-08-01,2026-08-01,0,0.0,5,1,On Time,High
C0469,Customer_0469,3000,20.0,600.0,3600.0,450.0,8,1,450.0,2026-05-03,2026-05-03,0,3150.0,0,0,On Time,Low
C0469,Customer_0469,3000,20.0,600.0,3600.0,450.0,8,2,450.0,2026-05-10,2026-05-10,0,2700.0,0,0,On Time,Low
C0469,Customer_0469,3000,20.0,600.0,3600.0,450.0,8,3,450.0,2026-05-17,2026-05-17,0,2250.0,0,0,On Time,Low
C0469,Customer_0469,3000,20.0,600.0,3600.0,450.0,8,4,450.0,2026-05-24,2026-05-27,3,1800.0,1,0,Late,Medium
C0469,Customer_0469,3000,20.0,600.0,3600.0,450.0,8,5,450.0,2026-05-31,2026-05-31,0,1350.0,1,0,On Time,Medium
C0469,Customer_0469,3000,20.0,600.0,3600.0,450.0,8,6,450.0,2026-06-07,2026-06-07,0,900.0,1,0,On Time,Medium
C0469,Customer_0469,3000,20.0,600.0,3600.0,450.0,8,7,450.0,2026-06-14,2026-06-23,9,450.0,2,0,Late,Medium
C0469,Customer_0469,3000,20.0,600.0,3600.0,450.0,8,8,450.0,2026-06-21,2026-06-21,0,0.0,2,0,On Time,Medium
C0469,Customer_0469,3000,20.0,600.0,3600.0,450.0,8,9,540.0,2026-06-28,2026-07-08,10,0.0,3,0,Late,High
C0469,Customer_0469,3000,20.0,600.0,3600.0,450.0,8,10,450.0,2026-07-05,2026-07-05,0,0.0,3,0,On Time,High
C0470,Customer_0470,3000,25.0,750.0,3750.0,187.5,20,1,187.5,2026-05-11,2026-05-11,0,3562.5,0,0,On Time,Low
C0470,Customer_0470,3000,25.0,750.0,3750.0,187.5,20,2,187.5,2026-05-18,2026-05-18,0,3375.0,0,0,On Time,Low
C0470,Customer_0470,3000,25.0,750.0,3750.0,187.5,20,3,187.5,2026-05-25,2026-06-01,7,3187.5,1,0,Late,Medium
C0470,Customer_0470,3000,25.0,750.0,3750.0,187.5,20,4,150.0,2026-06-01,2026-06-02,1,3037.5,2,0,Late,Medium
C0470,Customer_0470,3000,25.0,750.0,3750.0,187.5,20,5,225.0,2026-06-08,2026-06-13,5,2812.5,3,0,Late,High
C0470,Customer_0470,3000,25.0,750.0,3750.0,187.5,20,6,0.0,2026-06-15,,13,2812.5,3,1,Missed,High
C0470,Customer_0470,3000,25.0,750.0,3750.0,187.5,20,7,187.5,2026-06-22,2026-06-22,0,2625.0,3,1,On Time,High
C0470,Customer_0470,3000,25.0,750.0,3750.0,187.5,20,8,187.5,2026-06-29,2026-06-29,0,2437.5,3,1,On Time,High
C0470,Customer_0470,3000,25.0,750.0,3750.0,187.5,20,9,187.5,2026-07-06,2026-07-06,0,2250.0,3,1,On Time,High
C0470,Customer_0470,3000,25.0,750.0,3750.0,187.5,20,10,187.5,2026-07-13,2026-07-13,0,2062.5,3,1,On Time,High
C0471,Customer_0471,5000,30.0,1500.0,6500.0,325.0,20,1,325.0,2026-01-07,2026-01-07,0,6175.0,0,0,On Time,Low
C0471,Customer_0471,5000,30.0,1500.0,6500.0,325.0,20,2,260.0,2026-01-14,2026-01-22,8,5915.0,1,0,Late,Medium
C0471,Customer_0471,5000,30.0,1500.0,6500.0,325.0,20,3,325.0,2026-01-21,2026-01-21,0,5590.0,1,0,On Time,Medium
C0471,Customer_0471,5000,30.0,1500.0,6500.0,325.0,20,4,325.0,2026-01-28,2026-01-28,0,5265.0,1,0,On Time,Medium
C0471,Customer_0471,5000,30.0,1500.0,6500.0,325.0,20,5,0.0,2026-02-04,,11,5265.0,1,1,Missed,Medium
C0471,Customer_0471,5000,30.0,1500.0,6500.0,325.0,20,6,325.0,2026-02-11,2026-02-21,10,4940.0,2,1,Late,Medium
C0471,Customer_0471,5000,30.0,1500.0,6500.0,325.0,20,7,325.0,2026-02-18,2026-02-24,6,4615.0,3,1,Late,High
C0471,Customer_0471,5000,30.0,1500.0,6500.0,325.0,20,8,260.0,2026-02-25,2026-02-26,1,4355.0,4,1,Late,High
C0471,Customer_0471,5000,30.0,1500.0,6500.0,325.0,20,9,325.0,2026-03-04,2026-03-04,0,4030.0,4,1,On Time,High
C0471,Customer_0471,5000,30.0,1500.0,6500.0,325.0,20,10,325.0,2026-03-11,2026-03-11,0,3705.0,4,1,On Time,High
C0472,Customer_0472,15000,25.0,3750.0,18750.0,1875.0,10,1,1875.0,2026-03-28,2026-03-28,0,16875.0,0,0,On Time,Low
C0472,Customer_0472,15000,25.0,3750.0,18750.0,1875.0,10,2,1875.0,2026-04-04,2026-04-04,0,15000.0,0,0,On Time,Low
C0472,Customer_0472,15000,25.0,3750.0,18750.0,1875.0,10,3,1875.0,2026-04-11,2026-04-11,0,13125.0,0,0,On Time,Low
C0472,Customer_0472,15000,25.0,3750.0,18750.0,1875.0,10,4,1500.0,2026-04-18,2026-04-21,3,11625.0,1,0,Late,Medium
C0472,Customer_0472,15000,25.0,3750.0,18750.0,1875.0,10,5,1875.0,2026-04-25,2026-04-25,0,9750.0,1,0,On Time,Medium
C0472,Customer_0472,15000,25.0,3750.0,18750.0,1875.0,10,6,1875.0,2026-05-02,2026-05-05,3,7875.0,2,0,Late,Medium
C0472,Customer_0472,15000,25.0,3750.0,18750.0,1875.0,10,7,0.0,2026-05-09,,24,7875.0,2,1,Missed,Medium
C0472,Customer_0472,15000,25.0,3750.0,18750.0,1875.0,10,8,1875.0,2026-05-16,2026-05-16,0,6000.0,2,1,On Time,Medium
C0472,Customer_0472,15000,25.0,3750.0,18750.0,1875.0,10,9,1875.0,2026-05-23,2026-05-23,0,4125.0,2,1,On Time,Medium
C0472,Customer_0472,15000,25.0,3750.0,18750.0,1875.0,10,10,1875.0,2026-05-30,2026-05-30,0,2250.0,2,1,On Time,Medium
C0473,Customer_0473,3000,15.0,450.0,3450.0,345.0,10,1,345.0,2026-04-22,2026-04-22,0,3105.0,0,0,On Time,Low
C0473,Customer_0473,3000,15.0,450.0,3450.0,345.0,10,2,345.0,2026-04-29,2026-04-29,0,2760.0,0,0,On Time,Low
C0473,Customer_0473,3000,15.0,450.0,3450.0,345.0,10,3,345.0,2026-05-06,2026-05-06,0,2415.0,0,0,On Time,Low
C0473,Customer_0473,3000,15.0,450.0,3450.0,345.0,10,4,345.0,2026-05-13,2026-05-13,0,2070.0,0,0,On Time,Low
C0473,Customer_0473,3000,15.0,450.0,3450.0,345.0,10,5,414.0,2026-05-20,2026-05-25,5,1656.0,1,0,Late,Medium
C0473,Customer_0473,3000,15.0,450.0,3450.0,345.0,10,6,414.0,2026-05-27,2026-06-04,8,1242.0,2,0,Late,Medium
C0473,Customer_0473,3000,15.0,450.0,3450.0,345.0,10,7,345.0,2026-06-03,2026-06-03,0,897.0,2,0,On Time,Medium
C0473,Customer_0473,3000,15.0,450.0,3450.0,345.0,10,8,345.0,2026-06-10,2026-06-10,0,552.0,2,0,On Time,Medium
C0473,Customer_0473,3000,15.0,450.0,3450.0,345.0,10,9,345.0,2026-06-17,2026-06-17,0,207.0,2,0,On Time,Medium
C0473,Customer_0473,3000,15.0,450.0,3450.0,345.0,10,10,345.0,2026-06-24,2026-06-24,0,0.0,2,0,On Time,Medium
C0474,Customer_0474,20000,30.0,6000.0,26000.0,2600.0,10,1,2600.0,2026-03-11,2026-03-11,0,23400.0,0,0,On Time,Low
C0474,Customer_0474,20000,30.0,6000.0,26000.0,2600.0,10,2,2600.0,2026-03-18,2026-03-18,0,20800.0,0,0,On Time,Low
C0474,Customer_0474,20000,30.0,6000.0,26000.0,2600.0,10,3,0.0,2026-03-25,,26,20800.0,0,1,Missed,Medium
C0474,Customer_0474,20000,30.0,6000.0,26000.0,2600.0,10,4,2600.0,2026-04-01,2026-04-03,2,18200.0,1,1,Late,Medium
C0474,Customer_0474,20000,30.0,6000.0,26000.0,2600.0,10,5,2600.0,2026-04-08,2026-04-08,0,15600.0,1,1,On Time,Medium
C0474,Customer_0474,20000,30.0,6000.0,26000.0,2600.0,10,6,3120.0,2026-04-15,2026-04-16,1,12480.0,2,1,Late,Medium
C0474,Customer_0474,20000,30.0,6000.0,26000.0,2600.0,10,7,2600.0,2026-04-22,2026-04-22,0,9880.0,2,1,On Time,Medium
C0474,Customer_0474,20000,30.0,6000.0,26000.0,2600.0,10,8,2600.0,2026-04-29,2026-04-29,0,7280.0,2,1,On Time,Medium
C0474,Customer_0474,20000,30.0,6000.0,26000.0,2600.0,10,9,2600.0,2026-05-06,2026-05-06,0,4680.0,2,1,On Time,Medium
C0474,Customer_0474,20000,30.0,6000.0,26000.0,2600.0,10,10,2600.0,2026-05-13,2026-05-13,0,2080.0,2,1,On Time,Medium
C0475,Customer_0475,20000,30.0,6000.0,26000.0,2600.0,10,1,3120.0,2026-04-20,2026-04-27,7,22880.0,1,0,Late,Medium
C0475,Customer_0475,20000,30.0,6000.0,26000.0,2600.0,10,2,2600.0,2026-04-27,2026-05-10,13,20280.0,2,0,Late,Medium
C0475,Customer_0475,20000,30.0,6000.0,26000.0,2600.0,10,3,3120.0,2026-05-04,2026-05-12,8,17160.0,3,0,Late,High
C0475,Customer_0475,20000,30.0,6000.0,26000.0,2600.0,10,4,2600.0,2026-05-11,2026-05-11,0,14560.0,3,0,On Time,High
C0475,Customer_0475,20000,30.0,6000.0,26000.0,2600.0,10,5,2600.0,2026-05-18,2026-05-20,2,11960.0,4,0,Late,High
C0475,Customer_0475,20000,30.0,6000.0,26000.0,2600.0,10,6,2600.0,2026-05-25,2026-05-25,0,9360.0,4,0,On Time,High
C0475,Customer_0475,20000,30.0,6000.0,26000.0,2600.0,10,7,2600.0,2026-06-01,2026-06-01,0,6760.0,4,0,On Time,High
C0475,Customer_0475,20000,30.0,6000.0,26000.0,2600.0,10,8,2600.0,2026-06-08,2026-06-08,0,4160.0,4,0,On Time,High
C0475,Customer_0475,20000,30.0,6000.0,26000.0,2600.0,10,9,3120.0,2026-06-15,2026-06-29,14,1040.0,5,0,Late,High
C0475,Customer_0475,20000,30.0,6000.0,26000.0,2600.0,10,10,2600.0,2026-06-22,2026-06-22,0,0.0,5,0,On Time,High
C0476,Customer_0476,10000,15.0,1500.0,11500.0,958.33,12,1,958.33,2026-03-21,2026-03-21,0,10541.67,0,0,On Time,Low
C0476,Customer_0476,10000,15.0,1500.0,11500.0,958.33,12,2,958.33,2026-03-28,2026-04-02,5,9583.34,1,0,Late,Medium
C0476,Customer_0476,10000,15.0,1500.0,11500.0,958.33,12,3,766.66,2026-04-04,2026-04-13,9,8816.68,2,0,Late,Medium
C0476,Customer_0476,10000,15.0,1500.0,11500.0,958.33,12,4,1150.0,2026-04-11,2026-04-20,9,7666.68,3,0,Late,High
C0476,Customer_0476,10000,15.0,1500.0,11500.0,958.33,12,5,958.33,2026-04-18,2026-04-18,0,6708.35,3,0,On Time,High
C0476,Customer_0476,10000,15.0,1500.0,11500.0,958.33,12,6,958.33,2026-04-25,2026-04-25,0,5750.02,3,0,On Time,High
C0476,Customer_0476,10000,15.0,1500.0,11500.0,958.33,12,7,766.66,2026-05-02,2026-05-03,1,4983.36,4,0,Late,High
C0476,Customer_0476,10000,15.0,1500.0,11500.0,958.33,12,8,958.33,2026-05-09,2026-05-09,0,4025.03,4,0,On Time,High
C0476,Customer_0476,10000,15.0,1500.0,11500.0,958.33,12,9,0.0,2026-05-16,,11,4025.03,4,1,Missed,High
C0476,Customer_0476,10000,15.0,1500.0,11500.0,958.33,12,10,958.33,2026-05-23,2026-05-24,1,3066.7,5,1,Late,High
C0477,Customer_0477,5000,15.0,750.0,5750.0,479.17,12,1,479.17,2026-05-16,2026-05-16,0,5270.83,0,0,On Time,Low
C0477,Customer_0477,5000,15.0,750.0,5750.0,479.17,12,2,0.0,2026-05-23,,11,5270.83,0,1,Missed,Medium
C0477,Customer_0477,5000,15.0,750.0,5750.0,479.17,12,3,479.17,2026-05-30,2026-05-30,0,4791.66,0,1,On Time,Medium
C0477,Customer_0477,5000,15.0,750.0,5750.0,479.17,12,4,479.17,2026-06-06,2026-06-06,0,4312.49,0,1,On Time,Medium
C0477,Customer_0477,5000,15.0,750.0,5750.0,479.17,12,5,479.17,2026-06-13,2026-06-14,1,3833.32,1,1,Late,Medium
C0477,Customer_0477,5000,15.0,750.0,5750.0,479.17,12,6,0.0,2026-06-20,,13,3833.32,1,2,Missed,High
C0477,Customer_0477,5000,15.0,750.0,5750.0,479.17,12,7,479.17,2026-06-27,2026-06-27,0,3354.15,1,2,On Time,High
C0477,Customer_0477,5000,15.0,750.0,5750.0,479.17,12,8,479.17,2026-07-04,2026-07-04,0,2874.98,1,2,On Time,High
C0477,Customer_0477,5000,15.0,750.0,5750.0,479.17,12,9,479.17,2026-07-11,2026-07-11,0,2395.81,1,2,On Time,High
C0477,Customer_0477,5000,15.0,750.0,5750.0,479.17,12,10,479.17,2026-07-18,2026-07-18,0,1916.64,1,2,On Time,High
C0478,Customer_0478,7000,15.0,1050.0,8050.0,1006.25,8,1,1006.25,2026-06-09,2026-06-09,0,7043.75,0,0,On Time,Low
C0478,Customer_0478,7000,15.0,1050.0,8050.0,1006.25,8,2,1006.25,2026-06-16,2026-06-16,0,6037.5,0,0,On Time,Low
C0478,Customer_0478,7000,15.0,1050.0,8050.0,1006.25,8,3,1006.25,2026-06-23,2026-06-23,0,5031.25,0,0,On Time,Low
C0478,Customer_0478,7000,15.0,1050.0,8050.0,1006.25,8,4,1006.25,2026-06-30,2026-06-30,0,4025.0,0,0,On Time,Low
C0478,Customer_0478,7000,15.0,1050.0,8050.0,1006.25,8,5,1207.5,2026-07-07,2026-07-18,11,2817.5,1,0,Late,Medium
C0478,Customer_0478,7000,15.0,1050.0,8050.0,1006.25,8,6,1006.25,2026-07-14,2026-07-14,0,1811.25,1,0,On Time,Medium
C0478,Customer_0478,7000,15.0,1050.0,8050.0,1006.25,8,7,805.0,2026-07-21,2026-08-02,12,1006.25,2,0,Late,Medium
C0478,Customer_0478,7000,15.0,1050.0,8050.0,1006.25,8,8,1006.25,2026-07-28,2026-07-28,0,0.0,2,0,On Time,Medium
C0478,Customer_0478,7000,15.0,1050.0,8050.0,1006.25,8,9,805.0,2026-08-04,2026-08-10,6,0.0,3,0,Late,High
C0478,Customer_0478,7000,15.0,1050.0,8050.0,1006.25,8,10,1207.5,2026-08-11,2026-08-20,9,0.0,4,0,Late,High
C0479,Customer_0479,3000,20.0,600.0,3600.0,360.0,10,1,432.0,2026-01-29,2026-02-11,13,3168.0,1,0,Late,Medium
C0479,Customer_0479,3000,20.0,600.0,3600.0,360.0,10,2,360.0,2026-02-05,2026-02-05,0,2808.0,1,0,On Time,Medium
C0479,Customer_0479,3000,20.0,600.0,3600.0,360.0,10,3,360.0,2026-02-12,2026-02-12,0,2448.0,1,0,On Time,Medium
C0479,Customer_0479,3000,20.0,600.0,3600.0,360.0,10,4,0.0,2026-02-19,,20,2448.0,1,1,Missed,Medium
C0479,Customer_0479,3000,20.0,600.0,3600.0,360.0,10,5,360.0,2026-02-26,2026-03-12,14,2088.0,2,1,Late,Medium
C0479,Customer_0479,3000,20.0,600.0,3600.0,360.0,10,6,360.0,2026-03-05,2026-03-05,0,1728.0,2,1,On Time,Medium
C0479,Customer_0479,3000,20.0,600.0,3600.0,360.0,10,7,360.0,2026-03-12,2026-03-12,0,1368.0,2,1,On Time,Medium
C0479,Customer_0479,3000,20.0,600.0,3600.0,360.0,10,8,360.0,2026-03-19,2026-03-19,0,1008.0,2,1,On Time,Medium
C0479,Customer_0479,3000,20.0,600.0,3600.0,360.0,10,9,288.0,2026-03-26,2026-04-04,9,720.0,3,1,Late,High
C0479,Customer_0479,3000,20.0,600.0,3600.0,360.0,10,10,360.0,2026-04-02,2026-04-02,0,360.0,3,1,On Time,High
C0480,Customer_0480,15000,15.0,2250.0,17250.0,2156.25,8,1,2156.25,2026-04-28,2026-04-28,0,15093.75,0,0,On Time,Low
C0480,Customer_0480,15000,15.0,2250.0,17250.0,2156.25,8,2,2156.25,2026-05-05,2026-05-05,0,12937.5,0,0,On Time,Low
C0480,Customer_0480,15000,15.0,2250.0,17250.0,2156.25,8,3,2156.25,2026-05-12,2026-05-12,0,10781.25,0,0,On Time,Low
C0480,Customer_0480,15000,15.0,2250.0,17250.0,2156.25,8,4,2156.25,2026-05-19,2026-05-19,0,8625.0,0,0,On Time,Low
C0480,Customer_0480,15000,15.0,2250.0,17250.0,2156.25,8,5,2156.25,2026-05-26,2026-05-26,0,6468.75,0,0,On Time,Low
C0480,Customer_0480,15000,15.0,2250.0,17250.0,2156.25,8,6,2156.25,2026-06-02,2026-06-02,0,4312.5,0,0,On Time,Low
C0480,Customer_0480,15000,15.0,2250.0,17250.0,2156.25,8,7,2156.25,2026-06-09,2026-06-10,1,2156.25,1,0,Late,Medium
C0480,Customer_0480,15000,15.0,2250.0,17250.0,2156.25,8,8,2587.5,2026-06-16,2026-06-21,5,0.0,2,0,Late,Medium
C0480,Customer_0480,15000,15.0,2250.0,17250.0,2156.25,8,9,1725.0,2026-06-23,2026-07-02,9,0.0,3,0,Late,High
C0480,Customer_0480,15000,15.0,2250.0,17250.0,2156.25,8,10,2156.25,2026-06-30,2026-06-30,0,0.0,3,0,On Time,High
C0481,Customer_0481,15000,15.0,2250.0,17250.0,2156.25,8,1,2156.25,2026-01-30,2026-01-30,0,15093.75,0,0,On Time,Low
C0481,Customer_0481,15000,15.0,2250.0,17250.0,2156.25,8,2,2156.25,2026-02-06,2026-02-06,0,12937.5,0,0,On Time,Low
C0481,Customer_0481,15000,15.0,2250.0,17250.0,2156.25,8,3,2156.25,2026-02-13,2026-02-13,0,10781.25,0,0,On Time,Low
C0481,Customer_0481,15000,15.0,2250.0,17250.0,2156.25,8,4,2587.5,2026-02-20,2026-02-25,5,8193.75,1,0,Late,Medium
C0481,Customer_0481,15000,15.0,2250.0,17250.0,2156.25,8,5,2156.25,2026-02-27,2026-02-27,0,6037.5,1,0,On Time,Medium
C0481,Customer_0481,15000,15.0,2250.0,17250.0,2156.25,8,6,1725.0,2026-03-06,2026-03-20,14,4312.5,2,0,Late,Medium
C0481,Customer_0481,15000,15.0,2250.0,17250.0,2156.25,8,7,0.0,2026-03-13,,24,4312.5,2,1,Missed,Medium
C0481,Customer_0481,15000,15.0,2250.0,17250.0,2156.25,8,8,2156.25,2026-03-20,2026-03-20,0,2156.25,2,1,On Time,Medium
C0481,Customer_0481,15000,15.0,2250.0,17250.0,2156.25,8,9,2156.25,2026-03-27,2026-03-27,0,0.0,2,1,On Time,Medium
C0481,Customer_0481,15000,15.0,2250.0,17250.0,2156.25,8,10,1725.0,2026-04-03,2026-04-08,5,0.0,3,1,Late,High
C0482,Customer_0482,15000,15.0,2250.0,17250.0,1437.5,12,1,1437.5,2026-03-08,2026-03-08,0,15812.5,0,0,On Time,Low
C0482,Customer_0482,15000,15.0,2250.0,17250.0,1437.5,12,2,1437.5,2026-03-15,2026-03-15,0,14375.0,0,0,On Time,Low
C0482,Customer_0482,15000,15.0,2250.0,17250.0,1437.5,12,3,1437.5,2026-03-22,2026-03-22,0,12937.5,0,0,On Time,Low
C0482,Customer_0482,15000,15.0,2250.0,17250.0,1437.5,12,4,1437.5,2026-03-29,2026-03-29,0,11500.0,0,0,On Time,Low
C0482,Customer_0482,15000,15.0,2250.0,17250.0,1437.5,12,5,1437.5,2026-04-05,2026-04-16,11,10062.5,1,0,Late,Medium
C0482,Customer_0482,15000,15.0,2250.0,17250.0,1437.5,12,6,1437.5,2026-04-12,2026-04-12,0,8625.0,1,0,On Time,Medium
C0482,Customer_0482,15000,15.0,2250.0,17250.0,1437.5,12,7,1437.5,2026-04-19,2026-04-19,0,7187.5,1,0,On Time,Medium
C0482,Customer_0482,15000,15.0,2250.0,17250.0,1437.5,12,8,1437.5,2026-04-26,2026-05-08,12,5750.0,2,0,Late,Medium
C0482,Customer_0482,15000,15.0,2250.0,17250.0,1437.5,12,9,1437.5,2026-05-03,2026-05-06,3,4312.5,3,0,Late,High
C0482,Customer_0482,15000,15.0,2250.0,17250.0,1437.5,12,10,1437.5,2026-05-10,2026-05-10,0,2875.0,3,0,On Time,High
C0483,Customer_0483,3000,15.0,450.0,3450.0,287.5,12,1,345.0,2026-04-25,2026-04-29,4,3105.0,1,0,Late,Medium
C0483,Customer_0483,3000,15.0,450.0,3450.0,287.5,12,2,287.5,2026-05-02,2026-05-02,0,2817.5,1,0,On Time,Medium
C0483,Customer_0483,3000,15.0,450.0,3450.0,287.5,12,3,230.0,2026-05-09,2026-05-14,5,2587.5,2,0,Late,Medium
C0483,Customer_0483,3000,15.0,450.0,3450.0,287.5,12,4,287.5,2026-05-16,2026-05-16,0,2300.0,2,0,On Time,Medium
C0483,Customer_0483,3000,15.0,450.0,3450.0,287.5,12,5,287.5,2026-05-23,2026-05-23,0,2012.5,2,0,On Time,Medium
C0483,Customer_0483,3000,15.0,450.0,3450.0,287.5,12,6,287.5,2026-05-30,2026-06-03,4,1725.0,3,0,Late,High
C0483,Customer_0483,3000,15.0,450.0,3450.0,287.5,12,7,287.5,2026-06-06,2026-06-06,0,1437.5,3,0,On Time,High
C0483,Customer_0483,3000,15.0,450.0,3450.0,287.5,12,8,287.5,2026-06-13,2026-06-13,0,1150.0,3,0,On Time,High
C0483,Customer_0483,3000,15.0,450.0,3450.0,287.5,12,9,287.5,2026-06-20,2026-06-20,0,862.5,3,0,On Time,High
C0483,Customer_0483,3000,15.0,450.0,3450.0,287.5,12,10,287.5,2026-06-27,2026-06-27,0,575.0,3,0,On Time,High
C0484,Customer_0484,3000,15.0,450.0,3450.0,172.5,20,1,172.5,2026-03-01,2026-03-01,0,3277.5,0,0,On Time,Low
C0484,Customer_0484,3000,15.0,450.0,3450.0,172.5,20,2,172.5,2026-03-08,2026-03-08,0,3105.0,0,0,On Time,Low
C0484,Customer_0484,3000,15.0,450.0,3450.0,172.5,20,3,172.5,2026-03-15,2026-03-15,0,2932.5,0,0,On Time,Low
C0484,Customer_0484,3000,15.0,450.0,3450.0,172.5,20,4,172.5,2026-03-22,2026-03-22,0,2760.0,0,0,On Time,Low
C0484,Customer_0484,3000,15.0,450.0,3450.0,172.5,20,5,172.5,2026-03-29,2026-04-11,13,2587.5,1,0,Late,Medium
C0484,Customer_0484,3000,15.0,450.0,3450.0,172.5,20,6,172.5,2026-04-05,2026-04-05,0,2415.0,1,0,On Time,Medium
C0484,Customer_0484,3000,15.0,450.0,3450.0,172.5,20,7,172.5,2026-04-12,2026-04-12,0,2242.5,1,0,On Time,Medium
C0484,Customer_0484,3000,15.0,450.0,3450.0,172.5,20,8,172.5,2026-04-19,2026-04-19,0,2070.0,1,0,On Time,Medium
C0484,Customer_0484,3000,15.0,450.0,3450.0,172.5,20,9,172.5,2026-04-26,2026-04-26,0,1897.5,1,0,On Time,Medium
C0484,Customer_0484,3000,15.0,450.0,3450.0,172.5,20,10,172.5,2026-05-03,2026-05-03,0,1725.0,1,0,On Time,Medium
C0485,Customer_0485,15000,20.0,3000.0,18000.0,1500.0,12,1,1500.0,2026-06-28,2026-06-28,0,16500.0,0,0,On Time,Low
C0485,Customer_0485,15000,20.0,3000.0,18000.0,1500.0,12,2,1500.0,2026-07-05,2026-07-05,0,15000.0,0,0,On Time,Low
C0485,Customer_0485,15000,20.0,3000.0,18000.0,1500.0,12,3,1500.0,2026-07-12,2026-07-12,0,13500.0,0,0,On Time,Low
C0485,Customer_0485,15000,20.0,3000.0,18000.0,1500.0,12,4,1500.0,2026-07-19,2026-07-19,0,12000.0,0,0,On Time,Low
C0485,Customer_0485,15000,20.0,3000.0,18000.0,1500.0,12,5,1800.0,2026-07-26,2026-08-01,6,10200.0,1,0,Late,Medium
C0485,Customer_0485,15000,20.0,3000.0,18000.0,1500.0,12,6,1500.0,2026-08-02,2026-08-02,0,8700.0,1,0,On Time,Medium
C0485,Customer_0485,15000,20.0,3000.0,18000.0,1500.0,12,7,1500.0,2026-08-09,2026-08-09,0,7200.0,1,0,On Time,Medium
C0485,Customer_0485,15000,20.0,3000.0,18000.0,1500.0,12,8,1800.0,2026-08-16,2026-08-30,14,5400.0,2,0,Late,Medium
C0485,Customer_0485,15000,20.0,3000.0,18000.0,1500.0,12,9,1500.0,2026-08-23,2026-08-23,0,3900.0,2,0,On Time,Medium
C0485,Customer_0485,15000,20.0,3000.0,18000.0,1500.0,12,10,1800.0,2026-08-30,2026-09-09,10,2100.0,3,0,Late,High
C0486,Customer_0486,7000,30.0,2100.0,9100.0,910.0,10,1,910.0,2026-06-18,2026-06-18,0,8190.0,0,0,On Time,Low
C0486,Customer_0486,7000,30.0,2100.0,9100.0,910.0,10,2,910.0,2026-06-25,2026-06-25,0,7280.0,0,0,On Time,Low
C0486,Customer_0486,7000,30.0,2100.0,9100.0,910.0,10,3,910.0,2026-07-02,2026-07-02,0,6370.0,0,0,On Time,Low
C0486,Customer_0486,7000,30.0,2100.0,9100.0,910.0,10,4,0.0,2026-07-09,,10,6370.0,0,1,Missed,Medium
C0486,Customer_0486,7000,30.0,2100.0,9100.0,910.0,10,5,910.0,2026-07-16,2026-07-16,0,5460.0,0,1,On Time,Medium
C0486,Customer_0486,7000,30.0,2100.0,9100.0,910.0,10,6,728.0,2026-07-23,2026-08-04,12,4732.0,1,1,Late,Medium
C0486,Customer_0486,7000,30.0,2100.0,9100.0,910.0,10,7,910.0,2026-07-30,2026-07-30,0,3822.0,1,1,On Time,Medium
C0486,Customer_0486,7000,30.0,2100.0,9100.0,910.0,10,8,910.0,2026-08-06,2026-08-06,0,2912.0,1,1,On Time,Medium
C0486,Customer_0486,7000,30.0,2100.0,9100.0,910.0,10,9,728.0,2026-08-13,2026-08-26,13,2184.0,2,1,Late,Medium
C0486,Customer_0486,7000,30.0,2100.0,9100.0,910.0,10,10,910.0,2026-08-20,2026-08-20,0,1274.0,2,1,On Time,Medium
C0487,Customer_0487,5000,30.0,1500.0,6500.0,325.0,20,1,0.0,2026-04-29,,13,6500.0,0,1,Missed,Medium
C0487,Customer_0487,5000,30.0,1500.0,6500.0,325.0,20,2,325.0,2026-05-06,2026-05-06,0,6175.0,0,1,On Time,Medium
C0487,Customer_0487,5000,30.0,1500.0,6500.0,325.0,20,3,325.0,2026-05-13,2026-05-13,0,5850.0,0,1,On Time,Medium
C0487,Customer_0487,5000,30.0,1500.0,6500.0,325.0,20,4,325.0,2026-05-20,2026-05-20,0,5525.0,0,1,On Time,Medium
C0487,Customer_0487,5000,30.0,1500.0,6500.0,325.0,20,5,325.0,2026-05-27,2026-05-27,0,5200.0,0,1,On Time,Medium
C0487,Customer_0487,5000,30.0,1500.0,6500.0,325.0,20,6,325.0,2026-06-03,2026-06-09,6,4875.0,1,1,Late,Medium
C0487,Customer_0487,5000,30.0,1500.0,6500.0,325.0,20,7,260.0,2026-06-10,2026-06-23,13,4615.0,2,1,Late,Medium
C0487,Customer_0487,5000,30.0,1500.0,6500.0,325.0,20,8,325.0,2026-06-17,2026-06-17,0,4290.0,2,1,On Time,Medium
C0487,Customer_0487,5000,30.0,1500.0,6500.0,325.0,20,9,325.0,2026-06-24,2026-06-24,0,3965.0,2,1,On Time,Medium
C0487,Customer_0487,5000,30.0,1500.0,6500.0,325.0,20,10,325.0,2026-07-01,2026-07-01,0,3640.0,2,1,On Time,Medium
C0488,Customer_0488,7000,15.0,1050.0,8050.0,670.83,12,1,670.83,2026-06-22,2026-06-22,0,7379.17,0,0,On Time,Low
C0488,Customer_0488,7000,15.0,1050.0,8050.0,670.83,12,2,670.83,2026-06-29,2026-06-29,0,6708.34,0,0,On Time,Low
C0488,Customer_0488,7000,15.0,1050.0,8050.0,670.83,12,3,670.83,2026-07-06,2026-07-06,0,6037.51,0,0,On Time,Low
C0488,Customer_0488,7000,15.0,1050.0,8050.0,670.83,12,4,805.0,2026-07-13,2026-07-21,8,5232.51,1,0,Late,Medium
C0488,Customer_0488,7000,15.0,1050.0,8050.0,670.83,12,5,670.83,2026-07-20,2026-07-20,0,4561.68,1,0,On Time,Medium
C0488,Customer_0488,7000,15.0,1050.0,8050.0,670.83,12,6,670.83,2026-07-27,2026-07-27,0,3890.85,1,0,On Time,Medium
C0488,Customer_0488,7000,15.0,1050.0,8050.0,670.83,12,7,536.66,2026-08-03,2026-08-16,13,3354.19,2,0,Late,Medium
C0488,Customer_0488,7000,15.0,1050.0,8050.0,670.83,12,8,670.83,2026-08-10,2026-08-13,3,2683.36,3,0,Late,High
C0488,Customer_0488,7000,15.0,1050.0,8050.0,670.83,12,9,670.83,2026-08-17,2026-08-17,0,2012.53,3,0,On Time,High
C0488,Customer_0488,7000,15.0,1050.0,8050.0,670.83,12,10,0.0,2026-08-24,,16,2012.53,3,1,Missed,High
C0489,Customer_0489,7000,25.0,1750.0,8750.0,583.33,15,1,0.0,2026-01-28,,29,8750.0,0,1,Missed,Medium
C0489,Customer_0489,7000,25.0,1750.0,8750.0,583.33,15,2,583.33,2026-02-04,2026-02-18,14,8166.67,1,1,Late,Medium
C0489,Customer_0489,7000,25.0,1750.0,8750.0,583.33,15,3,583.33,2026-02-11,2026-02-11,0,7583.34,1,1,On Time,Medium
C0489,Customer_0489,7000,25.0,1750.0,8750.0,583.33,15,4,466.66,2026-02-18,2026-02-27,9,7116.68,2,1,Late,Medium
C0489,Customer_0489,7000,25.0,1750.0,8750.0,583.33,15,5,583.33,2026-02-25,2026-03-09,12,6533.35,3,1,Late,High
C0489,Customer_0489,7000,25.0,1750.0,8750.0,583.33,15,6,583.33,2026-03-04,2026-03-04,0,5950.02,3,1,On Time,High
C0489,Customer_0489,7000,25.0,1750.0,8750.0,583.33,15,7,0.0,2026-03-11,,24,5950.02,3,2,Missed,High
C0489,Customer_0489,7000,25.0,1750.0,8750.0,583.33,15,8,583.33,2026-03-18,2026-03-18,0,5366.69,3,2,On Time,High
C0489,Customer_0489,7000,25.0,1750.0,8750.0,583.33,15,9,583.33,2026-03-25,2026-03-25,0,4783.36,3,2,On Time,High
C0489,Customer_0489,7000,25.0,1750.0,8750.0,583.33,15,10,583.33,2026-04-01,2026-04-01,0,4200.03,3,2,On Time,High
C0490,Customer_0490,3000,25.0,750.0,3750.0,250.0,15,1,250.0,2026-05-26,2026-05-26,0,3500.0,0,0,On Time,Low
C0490,Customer_0490,3000,25.0,750.0,3750.0,250.0,15,2,250.0,2026-06-02,2026-06-02,0,3250.0,0,0,On Time,Low
C0490,Customer_0490,3000,25.0,750.0,3750.0,250.0,15,3,250.0,2026-06-09,2026-06-09,0,3000.0,0,0,On Time,Low
C0490,Customer_0490,3000,25.0,750.0,3750.0,250.0,15,4,250.0,2026-06-16,2026-06-16,0,2750.0,0,0,On Time,Low
C0490,Customer_0490,3000,25.0,750.0,3750.0,250.0,15,5,0.0,2026-06-23,,17,2750.0,0,1,Missed,Medium
C0490,Customer_0490,3000,25.0,750.0,3750.0,250.0,15,6,250.0,2026-06-30,2026-06-30,0,2500.0,0,1,On Time,Medium
C0490,Customer_0490,3000,25.0,750.0,3750.0,250.0,15,7,250.0,2026-07-07,2026-07-07,0,2250.0,0,1,On Time,Medium
C0490,Customer_0490,3000,25.0,750.0,3750.0,250.0,15,8,250.0,2026-07-14,2026-07-14,0,2000.0,0,1,On Time,Medium
C0490,Customer_0490,3000,25.0,750.0,3750.0,250.0,15,9,250.0,2026-07-21,2026-07-21,0,1750.0,0,1,On Time,Medium
C0490,Customer_0490,3000,25.0,750.0,3750.0,250.0,15,10,200.0,2026-07-28,2026-07-31,3,1550.0,1,1,Late,Medium
C0491,Customer_0491,20000,30.0,6000.0,26000.0,2166.67,12,1,2166.67,2026-01-11,2026-01-11,0,23833.33,0,0,On Time,Low
C0491,Customer_0491,20000,30.0,6000.0,26000.0,2166.67,12,2,2166.67,2026-01-18,2026-01-18,0,21666.66,0,0,On Time,Low
C0491,Customer_0491,20000,30.0,6000.0,26000.0,2166.67,12,3,2166.67,2026-01-25,2026-01-25,0,19499.99,0,0,On Time,Low
C0491,Customer_0491,20000,30.0,6000.0,26000.0,2166.67,12,4,2166.67,2026-02-01,2026-02-01,0,17333.32,0,0,On Time,Low
C0491,Customer_0491,20000,30.0,6000.0,26000.0,2166.67,12,5,2166.67,2026-02-08,2026-02-08,0,15166.65,0,0,On Time,Low
C0491,Customer_0491,20000,30.0,6000.0,26000.0,2166.67,12,6,2166.67,2026-02-15,2026-02-15,0,12999.98,0,0,On Time,Low
C0491,Customer_0491,20000,30.0,6000.0,26000.0,2166.67,12,7,2166.67,2026-02-22,2026-02-23,1,10833.31,1,0,Late,Medium
C0491,Customer_0491,20000,30.0,6000.0,26000.0,2166.67,12,8,2166.67,2026-03-01,2026-03-01,0,8666.64,1,0,On Time,Medium
C0491,Customer_0491,20000,30.0,6000.0,26000.0,2166.67,12,9,0.0,2026-03-08,,23,8666.64,1,1,Missed,Medium
C0491,Customer_0491,20000,30.0,6000.0,26000.0,2166.67,12,10,2166.67,2026-03-15,2026-03-15,0,6499.97,1,1,On Time,Medium
C0492,Customer_0492,3000,20.0,600.0,3600.0,300.0,12,1,300.0,2026-01-13,2026-01-13,0,3300.0,0,0,On Time,Low
C0492,Customer_0492,3000,20.0,600.0,3600.0,300.0,12,2,300.0,2026-01-20,2026-01-20,0,3000.0,0,0,On Time,Low
C0492,Customer_0492,3000,20.0,600.0,3600.0,300.0,12,3,360.0,2026-01-27,2026-01-30,3,2640.0,1,0,Late,Medium
C0492,Customer_0492,3000,20.0,600.0,3600.0,300.0,12,4,300.0,2026-02-03,2026-02-10,7,2340.0,2,0,Late,Medium
C0492,Customer_0492,3000,20.0,600.0,3600.0,300.0,12,5,0.0,2026-02-10,,15,2340.0,2,1,Missed,Medium
C0492,Customer_0492,3000,20.0,600.0,3600.0,300.0,12,6,300.0,2026-02-17,2026-02-17,0,2040.0,2,1,On Time,Medium
C0492,Customer_0492,3000,20.0,600.0,3600.0,300.0,12,7,300.0,2026-02-24,2026-03-08,12,1740.0,3,1,Late,High
C0492,Customer_0492,3000,20.0,600.0,3600.0,300.0,12,8,300.0,2026-03-03,2026-03-03,0,1440.0,3,1,On Time,High
C0492,Customer_0492,3000,20.0,600.0,3600.0,300.0,12,9,300.0,2026-03-10,2026-03-10,0,1140.0,3,1,On Time,High
C0492,Customer_0492,3000,20.0,600.0,3600.0,300.0,12,10,300.0,2026-03-17,2026-03-17,0,840.0,3,1,On Time,High
C0493,Customer_0493,15000,30.0,4500.0,19500.0,2437.5,8,1,2437.5,2026-04-17,2026-04-17,0,17062.5,0,0,On Time,Low
C0493,Customer_0493,15000,30.0,4500.0,19500.0,2437.5,8,2,2437.5,2026-04-24,2026-04-24,0,14625.0,0,0,On Time,Low
C0493,Customer_0493,15000,30.0,4500.0,19500.0,2437.5,8,3,2437.5,2026-05-01,2026-05-01,0,12187.5,0,0,On Time,Low
C0493,Customer_0493,15000,30.0,4500.0,19500.0,2437.5,8,4,2437.5,2026-05-08,2026-05-08,0,9750.0,0,0,On Time,Low
C0493,Customer_0493,15000,30.0,4500.0,19500.0,2437.5,8,5,2437.5,2026-05-15,2026-05-15,0,7312.5,0,0,On Time,Low
C0493,Customer_0493,15000,30.0,4500.0,19500.0,2437.5,8,6,2437.5,2026-05-22,2026-05-22,0,4875.0,0,0,On Time,Low
C0493,Customer_0493,15000,30.0,4500.0,19500.0,2437.5,8,7,2437.5,2026-05-29,2026-05-29,0,2437.5,0,0,On Time,Low
C0493,Customer_0493,15000,30.0,4500.0,19500.0,2437.5,8,8,2437.5,2026-06-05,2026-06-05,0,0.0,0,0,On Time,Low
C0493,Customer_0493,15000,30.0,4500.0,19500.0,2437.5,8,9,0.0,2026-06-12,,15,0.0,0,1,Missed,Medium
C0493,Customer_0493,15000,30.0,4500.0,19500.0,2437.5,8,10,2437.5,2026-06-19,2026-06-19,0,0.0,0,1,On Time,Medium
C0494,Customer_0494,7000,25.0,1750.0,8750.0,1093.75,8,1,1093.75,2026-02-09,2026-02-23,14,7656.25,1,0,Late,Medium
C0494,Customer_0494,7000,25.0,1750.0,8750.0,1093.75,8,2,1093.75,2026-02-16,2026-02-16,0,6562.5,1,0,On Time,Medium
C0494,Customer_0494,7000,25.0,1750.0,8750.0,1093.75,8,3,1093.75,2026-02-23,2026-02-23,0,5468.75,1,0,On Time,Medium
C0494,Customer_0494,7000,25.0,1750.0,8750.0,1093.75,8,4,1093.75,2026-03-02,2026-03-02,0,4375.0,1,0,On Time,Medium
C0494,Customer_0494,7000,25.0,1750.0,8750.0,1093.75,8,5,1093.75,2026-03-09,2026-03-09,0,3281.25,1,0,On Time,Medium
C0494,Customer_0494,7000,25.0,1750.0,8750.0,1093.75,8,6,1093.75,2026-03-16,2026-03-16,0,2187.5,1,0,On Time,Medium
C0494,Customer_0494,7000,25.0,1750.0,8750.0,1093.75,8,7,1093.75,2026-03-23,2026-03-24,1,1093.75,2,0,Late,Medium
C0494,Customer_0494,7000,25.0,1750.0,8750.0,1093.75,8,8,1093.75,2026-03-30,2026-03-30,0,0.0,2,0,On Time,Medium
C0494,Customer_0494,7000,25.0,1750.0,8750.0,1093.75,8,9,1093.75,2026-04-06,2026-04-06,0,0.0,2,0,On Time,Medium
C0494,Customer_0494,7000,25.0,1750.0,8750.0,1093.75,8,10,1093.75,2026-04-13,2026-04-13,0,0.0,2,0,On Time,Medium
C0495,Customer_0495,7000,30.0,2100.0,9100.0,758.33,12,1,758.33,2026-05-26,2026-05-26,0,8341.67,0,0,On Time,Low
C0495,Customer_0495,7000,30.0,2100.0,9100.0,758.33,12,2,758.33,2026-06-02,2026-06-02,0,7583.34,0,0,On Time,Low
C0495,Customer_0495,7000,30.0,2100.0,9100.0,758.33,12,3,758.33,2026-06-09,2026-06-09,0,6825.01,0,0,On Time,Low
C0495,Customer_0495,7000,30.0,2100.0,9100.0,758.33,12,4,758.33,2026-06-16,2026-06-16,0,6066.68,0,0,On Time,Low
C0495,Customer_0495,7000,30.0,2100.0,9100.0,758.33,12,5,910.0,2026-06-23,2026-07-06,13,5156.68,1,0,Late,Medium
C0495,Customer_0495,7000,30.0,2100.0,9100.0,758.33,12,6,758.33,2026-06-30,2026-06-30,0,4398.35,1,0,On Time,Medium
C0495,Customer_0495,7000,30.0,2100.0,9100.0,758.33,12,7,606.66,2026-07-07,2026-07-13,6,3791.69,2,0,Late,Medium
C0495,Customer_0495,7000,30.0,2100.0,9100.0,758.33,12,8,758.33,2026-07-14,2026-07-14,0,3033.36,2,0,On Time,Medium
C0495,Customer_0495,7000,30.0,2100.0,9100.0,758.33,12,9,758.33,2026-07-21,2026-07-21,0,2275.03,2,0,On Time,Medium
C0495,Customer_0495,7000,30.0,2100.0,9100.0,758.33,12,10,758.33,2026-07-28,2026-07-29,1,1516.7,3,0,Late,High
C0496,Customer_0496,7000,25.0,1750.0,8750.0,437.5,20,1,437.5,2026-05-07,2026-05-07,0,8312.5,0,0,On Time,Low
C0496,Customer_0496,7000,25.0,1750.0,8750.0,437.5,20,2,0.0,2026-05-14,,30,8312.5,0,1,Missed,Medium
C0496,Customer_0496,7000,25.0,1750.0,8750.0,437.5,20,3,437.5,2026-05-21,2026-05-21,0,7875.0,0,1,On Time,Medium
C0496,Customer_0496,7000,25.0,1750.0,8750.0,437.5,20,4,525.0,2026-05-28,2026-06-08,11,7350.0,1,1,Late,Medium
C0496,Customer_0496,7000,25.0,1750.0,8750.0,437.5,20,5,437.5,2026-06-04,2026-06-07,3,6912.5,2,1,Late,Medium
C0496,Customer_0496,7000,25.0,1750.0,8750.0,437.5,20,6,437.5,2026-06-11,2026-06-11,0,6475.0,2,1,On Time,Medium
C0496,Customer_0496,7000,25.0,1750.0,8750.0,437.5,20,7,350.0,2026-06-18,2026-06-27,9,6125.0,3,1,Late,High
C0496,Customer_0496,7000,25.0,1750.0,8750.0,437.5,20,8,437.5,2026-06-25,2026-07-08,13,5687.5,4,1,Late,High
C0496,Customer_0496,7000,25.0,1750.0,8750.0,437.5,20,9,437.5,2026-07-02,2026-07-02,0,5250.0,4,1,On Time,High
C0496,Customer_0496,7000,25.0,1750.0,8750.0,437.5,20,10,437.5,2026-07-09,2026-07-09,0,4812.5,4,1,On Time,High
C0497,Customer_0497,3000,25.0,750.0,3750.0,250.0,15,1,250.0,2026-04-05,2026-04-05,0,3500.0,0,0,On Time,Low
C0497,Customer_0497,3000,25.0,750.0,3750.0,250.0,15,2,250.0,2026-04-12,2026-04-12,0,3250.0,0,0,On Time,Low
C0497,Customer_0497,3000,25.0,750.0,3750.0,250.0,15,3,0.0,2026-04-19,,10,3250.0,0,1,Missed,Medium
C0497,Customer_0497,3000,25.0,750.0,3750.0,250.0,15,4,250.0,2026-04-26,2026-04-26,0,3000.0,0,1,On Time,Medium
C0497,Customer_0497,3000,25.0,750.0,3750.0,250.0,15,5,250.0,2026-05-03,2026-05-03,0,2750.0,0,1,On Time,Medium
C0497,Customer_0497,3000,25.0,750.0,3750.0,250.0,15,6,250.0,2026-05-10,2026-05-10,0,2500.0,0,1,On Time,Medium
C0497,Customer_0497,3000,25.0,750.0,3750.0,250.0,15,7,250.0,2026-05-17,2026-05-17,0,2250.0,0,1,On Time,Medium
C0497,Customer_0497,3000,25.0,750.0,3750.0,250.0,15,8,250.0,2026-05-24,2026-05-24,0,2000.0,0,1,On Time,Medium
C0497,Customer_0497,3000,25.0,750.0,3750.0,250.0,15,9,250.0,2026-05-31,2026-06-13,13,1750.0,1,1,Late,Medium
C0497,Customer_0497,3000,25.0,750.0,3750.0,250.0,15,10,0.0,2026-06-07,,21,1750.0,1,2,Missed,High
C0498,Customer_0498,20000,15.0,3000.0,23000.0,1916.67,12,1,1916.67,2026-05-07,2026-05-07,0,21083.33,0,0,On Time,Low
C0498,Customer_0498,20000,15.0,3000.0,23000.0,1916.67,12,2,0.0,2026-05-14,,21,21083.33,0,1,Missed,Medium
C0498,Customer_0498,20000,15.0,3000.0,23000.0,1916.67,12,3,1916.67,2026-05-21,2026-05-21,0,19166.66,0,1,On Time,Medium
C0498,Customer_0498,20000,15.0,3000.0,23000.0,1916.67,12,4,1916.67,2026-05-28,2026-05-28,0,17249.99,0,1,On Time,Medium
C0498,Customer_0498,20000,15.0,3000.0,23000.0,1916.67,12,5,1916.67,2026-06-04,2026-06-04,0,15333.32,0,1,On Time,Medium
C0498,Customer_0498,20000,15.0,3000.0,23000.0,1916.67,12,6,0.0,2026-06-11,,23,15333.32,0,2,Missed,High
C0498,Customer_0498,20000,15.0,3000.0,23000.0,1916.67,12,7,1916.67,2026-06-18,2026-06-18,0,13416.65,0,2,On Time,High
C0498,Customer_0498,20000,15.0,3000.0,23000.0,1916.67,12,8,0.0,2026-06-25,,19,13416.65,0,3,Missed,High
C0498,Customer_0498,20000,15.0,3000.0,23000.0,1916.67,12,9,1916.67,2026-07-02,2026-07-02,0,11499.98,0,3,On Time,High
C0498,Customer_0498,20000,15.0,3000.0,23000.0,1916.67,12,10,1916.67,2026-07-09,2026-07-12,3,9583.31,1,3,Late,High
C0499,Customer_0499,15000,20.0,3000.0,18000.0,1200.0,15,1,1200.0,2026-05-27,2026-05-27,0,16800.0,0,0,On Time,Low
C0499,Customer_0499,15000,20.0,3000.0,18000.0,1200.0,15,2,1200.0,2026-06-03,2026-06-03,0,15600.0,0,0,On Time,Low
C0499,Customer_0499,15000,20.0,3000.0,18000.0,1200.0,15,3,1200.0,2026-06-10,2026-06-10,0,14400.0,0,0,On Time,Low
C0499,Customer_0499,15000,20.0,3000.0,18000.0,1200.0,15,4,1200.0,2026-06-17,2026-06-19,2,13200.0,1,0,Late,Medium
C0499,Customer_0499,15000,20.0,3000.0,18000.0,1200.0,15,5,1200.0,2026-06-24,2026-07-08,14,12000.0,2,0,Late,Medium
C0499,Customer_0499,15000,20.0,3000.0,18000.0,1200.0,15,6,1200.0,2026-07-01,2026-07-01,0,10800.0,2,0,On Time,Medium
C0499,Customer_0499,15000,20.0,3000.0,18000.0,1200.0,15,7,1440.0,2026-07-08,2026-07-21,13,9360.0,3,0,Late,High
C0499,Customer_0499,15000,20.0,3000.0,18000.0,1200.0,15,8,1200.0,2026-07-15,2026-07-15,0,8160.0,3,0,On Time,High
C0499,Customer_0499,15000,20.0,3000.0,18000.0,1200.0,15,9,0.0,2026-07-22,,18,8160.0,3,1,Missed,High
C0499,Customer_0499,15000,20.0,3000.0,18000.0,1200.0,15,10,1200.0,2026-07-29,2026-07-29,0,6960.0,3,1,On Time,High
C0500,Customer_0500,15000,20.0,3000.0,18000.0,900.0,20,1,0.0,2026-06-03,,11,18000.0,0,1,Missed,Medium
C0500,Customer_0500,15000,20.0,3000.0,18000.0,900.0,20,2,0.0,2026-06-10,,25,18000.0,0,2,Missed,High
C0500,Customer_0500,15000,20.0,3000.0,18000.0,900.0,20,3,900.0,2026-06-17,2026-06-17,0,17100.0,0,2,On Time,High
C0500,Customer_0500,15000,20.0,3000.0,18000.0,900.0,20,4,900.0,2026-06-24,2026-06-24,0,16200.0,0,2,On Time,High
C0500,Customer_0500,15000,20.0,3000.0,18000.0,900.0,20,5,900.0,2026-07-01,2026-07-01,0,15300.0,0,2,On Time,High
C0500,Customer_0500,15000,20.0,3000.0,18000.0,900.0,20,6,0.0,2026-07-08,,23,15300.0,0,3,Missed,High
C0500,Customer_0500,15000,20.0,3000.0,18000.0,900.0,20,7,0.0,2026-07-15,,27,15300.0,0,4,Missed,High
C0500,Customer_0500,15000,20.0,3000.0,18000.0,900.0,20,8,900.0,2026-07-22,2026-07-22,0,14400.0,0,4,On Time,High
C0500,Customer_0500,15000,20.0,3000.0,18000.0,900.0,20,9,900.0,2026-07-29,2026-07-29,0,13500.0,0,4,On Time,High
C0500,Customer_0500,15000,20.0,3000.0,18000.0,900.0,20,10,720.0,2026-08-05,2026-08-18,13,12780.0,1,4,Late,High
